================================================================================
Run: 2026-09-22 15:56:53.367
================================================================================

2026-09-22 15:56:04.090 Rotating Domains Checker v1.4.2 - WRITE mode
2026-09-22 15:56:04.092 Test filters dir: NO
2026-09-22 15:56:04.092 Target repo path: ./
2026-09-22 15:56:04.092 Sites to check: 47

2026-09-22 15:56:51.051 
                      Redirected domains 
╔════════════════════════════════════════════════╤═════════════════════╤═════════════════════╤═══════╗
║ Site                                           │ From                │ To                  │ Time  ║
╟────────────────────────────────────────────────┼─────────────────────┼─────────────────────┼───────╢
║ Frequently changed domains — turkifsaclub*.sbs │ turkifsaclub203.sbs │ turkifsaclub204.sbs │ 1.70s ║
║ turkifsaclub-12.sbs                            │ turkifsaclub203.sbs │ turkifsaclub204.sbs │ 1.93s ║
║ Frequently changed domains — askimyavas*.com   │ askimyavas190.live  │ askimyavas191.live  │ 0.75s ║
╚════════════════════════════════════════════════╧═════════════════════╧═════════════════════╧═══════╝

2026-09-22 15:56:53.243 ⬇️ ⬇️ ⬇️  ---=== Domains rotating summary ===---  ⬇️ ⬇️ ⬇️
2026-09-22 15:56:53.243   Total sites: 47
2026-09-22 15:56:53.243   ├─ Checked sites: 47
2026-09-22 15:56:53.243   ├─ 🔄 Watchers with active mirror changed: 3
2026-09-22 15:56:53.243   ├─ 📋 Watchers with filter mirror list changed: 0
2026-09-22 15:56:53.243   ├─ 🚩 Pattern→non-pattern: 1
2026-09-22 15:56:53.243   └─ Unchanged watchers: 24
2026-09-22 15:56:53.243  🚨  Failed: 17
2026-09-22 15:56:53.243   ├─ including antibot blocked: 4
2026-09-22 15:56:53.243   └─ Network problems or dead: 13
2026-09-22 15:56:53.244 
2026-09-22 15:56:53.244 Problems:
2026-09-22 15:56:53.244  🚨 Errors (no replacements made):
2026-09-22 15:56:53.244      - Dead site test - deadexample24.com [https://deadexample24.com]: DNS resolution failed (0.01s)
2026-09-22 15:56:53.244      - Test Probe Fail - example.org [https://example.org]: Content probe failed (0.12s)
2026-09-22 15:56:53.244      - Frequently changed domains — dizipal*.com — Dizipal [https://dizipal2127.com]: Antibot detected: 403 or __cf_chl_tk in URL (0.16s)
2026-09-22 15:56:53.244      - Frequently changed domains — zeusdizi*.com [https://zeusdizi32.com]: Antibot detected: 403 or __cf_chl_tk in URL (25.24s)
2026-09-22 15:56:53.244      - Frequently changed domains — netsportv*.top [https://www.netsportv264.top/]: Antibot detected: 403 or __cf_chl_tk in URL (1.29s)
2026-09-22 15:56:53.244      - Frequently changed domains — zeustv*.com [https://zeustv243.com]: DNS resolution failed (0.18s)
2026-09-22 15:56:53.244      - Frequently changed domains — xsportv*.xyz [https://www.xsportv-21ee22f79d.xyz]: Non-success status: 404 (0.54s)
2026-09-22 15:56:53.244      - Frequently changed domains — seyirspor*.com [https://seyirspor17.com]: DNS resolution failed (0.07s)
2026-09-22 15:56:53.244      - Frequently changed domains — lorabettvhd*.shop [https://lorabettvhd80.shop]: DNS resolution failed (0.54s)
2026-09-22 15:56:53.244      - Frequently changed domains — bosssports*.com [https://bosssports614.com/]: Timeout (10000ms) [code=23]: The operation was aborted due to timeout (23.06s)
2026-09-22 15:56:53.244      - Frequently changed domains — betivotv*.com [https://betivotv157.com]: Non-success status: 404 (1.10s)
2026-09-22 15:56:53.244      - Frequently changed domains — Saha TV [https://sahatv2.top]: DNS resolution failed (0.04s)
2026-09-22 15:56:53.244      - Frequently changed domains — YavasGir [https://yavasgir136.live]: Antibot detected: 403 or __cf_chl_tk in URL (0.42s)
2026-09-22 15:56:53.244      - piabettv14.live [https://piabettv21.live]: Timeout (10000ms) [code=23]: The operation was aborted due to timeout (21.02s)
2026-09-22 15:56:53.244      - restmacizle23.cfd [https://patronspor.is/]: Skipped by skip_text: "https://patronspor.is/?s={search_term_string}" (1.09s)
2026-09-22 15:56:53.244      - hepbetspor [https://patronspor.is/]: Skipped by skip_text: "https://patronspor.is/?s={search_term_string}" (0.69s)
2026-09-22 15:56:53.244      - woe.sx [https://voe.sx/e/nemg6vqtnrkf]: Non-success status: 404 (0.67s)
2026-09-22 15:56:53.244  🚩  Changed pattern → non-pattern domains:
2026-09-22 15:56:53.244      Frequently changed domains — sporcafe*.xyz — Spor Cafe: Pattern domain redirected to non-pattern (www.sporcafe-0c2608ad69.xyz → www.sporcafe-0c2608ad69.xyz) - filter not updated, waiting for new pattern domain
2026-09-22 15:56:53.244  ⚠️  Warnings:
2026-09-22 15:56:53.244      - Dead site test - deadexample24.com: Failed for 212 days - consider removing from filters
2026-09-22 15:56:53.244      - Test Probe Fail - example.org: Failed for 212 days - consider removing from filters
2026-09-22 15:56:53.244      - Frequently changed domains — dizipal*.com — Dizipal: Failed for 14 days - consider removing from filters
2026-09-22 15:56:53.244      - Frequently changed domains — zeusdizi*.com: Failed for 146 days - consider removing from filters
2026-09-22 15:56:53.244      - Frequently changed domains — netsportv*.top: Failed for 137 days - consider removing from filters
2026-09-22 15:56:53.244      - Frequently changed domains — zeustv*.com: Failed for 171 days - consider removing from filters
2026-09-22 15:56:53.244      - Frequently changed domains — xsportv*.xyz: Failed for 190 days - consider removing from filters
2026-09-22 15:56:53.244      - Frequently changed domains — seyirspor*.com: Failed for 158 days - consider removing from filters
2026-09-22 15:56:53.244      - Frequently changed domains — lorabettvhd*.shop: Failed for 212 days - consider removing from filters
2026-09-22 15:56:53.244      - Frequently changed domains — bosssports*.com: Failed for 90 days - consider removing from filters
2026-09-22 15:56:53.244      - Frequently changed domains — betivotv*.com: Failed for 35 days - consider removing from filters
2026-09-22 15:56:53.244      - Frequently changed domains — Saha TV: Failed for 173 days - consider removing from filters
2026-09-22 15:56:53.244      - Frequently changed domains — YavasGir: Failed for 62 days - consider removing from filters
2026-09-22 15:56:53.244      - piabettv14.live: Failed for 42 days - consider removing from filters
2026-09-22 15:56:53.244      - restmacizle23.cfd: Failed for 188 days - consider removing from filters
2026-09-22 15:56:53.244      - hepbetspor: Failed for 210 days - consider removing from filters
2026-09-22 15:56:53.244      - woe.sx: Failed for 120 days - consider removing from filters
2026-09-22 15:56:53.244 
2026-09-22 15:56:53.244 Total phase time: 46.950s
2026-09-22 15:56:53.244 
2026-09-22 15:56:53.244 Unchanged watchers:
                        ww0.jmanga.cash (jmanga.actor), zonatmo.to (zonatmo.to), Test Probe Success - example.de (example.de), Frequently changed domains — sporcafe*.xyz — Spor Cafe (www.sporcafe-0c2608ad69.xyz), Frequently changed domains — belestepe*.sbs — Belestepe (belestepe635.sbs), Frequently changed domains — gobtv*.com (gobtv26.com), Frequently changed domains — trgooltv*.top (trgooltv69.top), Frequently changed domains — vegatv*.shop (vegatv89.shop), Frequently changed domains — betmatiktv*.com (betmatiktv155.com), Frequently changed domains — acartv*.live (acartv107.live), Frequently changed domains — inattvizle*.top (www.inattvizle500.top), Frequently changed domains — otobettv*.com (otobettv84.com), Frequently changed domains — rotabettv*.com (rotabettv516.com), Frequently changed domains — portobettv*.com (www.portobettv55.com), Frequently changed domains — kodtimetv*.com (kodtimetv33.com), amp-6392fa66a0.selcuksportshdamp-aa805a079c.click (amp-6392fa66a0.selcuksportshdamp-aa805a079c.click), dizigom104.com (www.alliance4creativity.com), sultansportv562.com (golvar559.sbs), taraftarium24.xyz (taraftarium24.xyz), www.selcuksportshd8443661f57.xyz (www.selcuksportshdbd813bd00f.xyz), www.taraftarium91.top (www.taraftarium210.top), patronspor04548a2wer45awes.cfd (raw.githack.com), torrentsee (torrentsee362.com), gptgirlfriend.com (www.gptgirlfriend.online)

2026-09-22 15:56:53.245 === Domains replacement summary ===
2026-09-22 15:56:53.245 Files scanned: 355
2026-09-22 15:56:53.245 Files modified: 1
2026-09-22 15:56:53.245 Total line edits: 5
2026-09-22 15:56:53.245 Total phase time: 2.199s
2026-09-22 15:56:53.245 ⬆️ ⬆️ ⬆️  ---=== Domains rotating summary ===---  ⬆️ ⬆️ ⬆️


2026-09-22 15:56:53.363 ⌛ Total execution time: 49.314s

⬇️ ⬇️ ⬇️  💡 💡 💡  Direct Commit Mode 💡 💡 💡  ⬇️ ⬇️ ⬇️
Target branch: master
Commit message:
Rotating Domains Checker: Updating domains

🔄  Watchers with active mirror changed:

Frequently changed domains — turkifsaclub*.sbs   turkifsaclub203.sbs  → turkifsaclub204.sbs 
turkifsaclub-12.sbs                              turkifsaclub203.sbs  → turkifsaclub204.sbs 
Frequently changed domains — askimyavas*.com     askimyavas190.live   → askimyavas191.live  

✅ Unchanged watchers:
     ww0.jmanga.cash (jmanga.actor), zonatmo.to (zonatmo.to), Test Probe Success - example.de (example.de), Frequently changed domains — sporcafe*.xyz — Spor Cafe (www.sporcafe-0c2608ad69.xyz), Frequently changed domains — belestepe*.sbs — Belestepe (belestepe635.sbs), Frequently changed domains — gobtv*.com (gobtv26.com), Frequently changed domains — trgooltv*.top (trgooltv69.top), Frequently changed domains — vegatv*.shop (vegatv89.shop), Frequently changed domains — betmatiktv*.com (betmatiktv155.com), Frequently changed domains — acartv*.live (acartv107.live), Frequently changed domains — inattvizle*.top (www.inattvizle500.top), Frequently changed domains — otobettv*.com (otobettv84.com), Frequently changed domains — rotabettv*.com (rotabettv516.com), Frequently changed domains — portobettv*.com (www.portobettv55.com), Frequently changed domains — kodtimetv*.com (kodtimetv33.com), amp-6392fa66a0.selcuksportshdamp-aa805a079c.click (amp-6392fa66a0.selcuksportshdamp-aa805a079c.click), dizigom104.com (www.alliance4creativity.com), sultansportv562.com (golvar559.sbs), taraftarium24.xyz (taraftarium24.xyz), www.selcuksportshd8443661f57.xyz (www.selcuksportshdbd813bd00f.xyz), www.taraftarium91.top (www.taraftarium210.top), patronspor04548a2wer45awes.cfd (raw.githack.com), torrentsee (torrentsee362.com), gptgirlfriend.com (www.gptgirlfriend.online)

🚨 Errors (no replacements made):
     - Dead site test - deadexample24.com [https://deadexample24.com]: DNS resolution failed (0.01s)
     - Test Probe Fail - example.org [https://example.org]: Content probe failed (0.12s)
     - Frequently changed domains — dizipal*.com — Dizipal [https://dizipal2127.com]: Antibot detected: 403 or __cf_chl_tk in URL (0.16s)
     - Frequently changed domains — zeusdizi*.com [https://zeusdizi32.com]: Antibot detected: 403 or __cf_chl_tk in URL (25.24s)
     - Frequently changed domains — netsportv*.top [https://www.netsportv264.top/]: Antibot detected: 403 or __cf_chl_tk in URL (1.29s)
     - Frequently changed domains — zeustv*.com [https://zeustv243.com]: DNS resolution failed (0.18s)
     - Frequently changed domains — xsportv*.xyz [https://www.xsportv-21ee22f79d.xyz]: Non-success status: 404 (0.54s)
     - Frequently changed domains — seyirspor*.com [https://seyirspor17.com]: DNS resolution failed (0.07s)
     - Frequently changed domains — lorabettvhd*.shop [https://lorabettvhd80.shop]: DNS resolution failed (0.54s)
     - Frequently changed domains — bosssports*.com [https://bosssports614.com/]: Timeout (10000ms) [code=23]: The operation was aborted due to timeout (23.06s)
     - Frequently changed domains — betivotv*.com [https://betivotv157.com]: Non-success status: 404 (1.10s)
     - Frequently changed domains — Saha TV [https://sahatv2.top]: DNS resolution failed (0.04s)
     - Frequently changed domains — YavasGir [https://yavasgir136.live]: Antibot detected: 403 or __cf_chl_tk in URL (0.42s)
     - piabettv14.live [https://piabettv21.live]: Timeout (10000ms) [code=23]: The operation was aborted due to timeout (21.02s)
     - restmacizle23.cfd [https://patronspor.is/]: Skipped by skip_text: "https://patronspor.is/?s={search_term_string}" (1.09s)
     - hepbetspor [https://patronspor.is/]: Skipped by skip_text: "https://patronspor.is/?s={search_term_string}" (0.69s)
     - woe.sx [https://voe.sx/e/nemg6vqtnrkf]: Non-success status: 404 (0.67s)
🚩  Changed pattern → non-pattern domains:
     Frequently changed domains — sporcafe*.xyz — Spor Cafe: Pattern domain redirected to non-pattern (www.sporcafe-0c2608ad69.xyz → www.sporcafe-0c2608ad69.xyz) - filter not updated, waiting for new pattern domain



⚠️  Warnings:
     - Dead site test - deadexample24.com: Failed for 212 days - consider removing from filters
     - Test Probe Fail - example.org: Failed for 212 days - consider removing from filters
     - Frequently changed domains — dizipal*.com — Dizipal: Failed for 14 days - consider removing from filters
     - Frequently changed domains — zeusdizi*.com: Failed for 146 days - consider removing from filters
     - Frequently changed domains — netsportv*.top: Failed for 137 days - consider removing from filters
     - Frequently changed domains — zeustv*.com: Failed for 171 days - consider removing from filters
     - Frequently changed domains — xsportv*.xyz: Failed for 190 days - consider removing from filters
     - Frequently changed domains — seyirspor*.com: Failed for 158 days - consider removing from filters
     - Frequently changed domains — lorabettvhd*.shop: Failed for 212 days - consider removing from filters
     - Frequently changed domains — bosssports*.com: Failed for 90 days - consider removing from filters
     - Frequently changed domains — betivotv*.com: Failed for 35 days - consider removing from filters
     - Frequently changed domains — Saha TV: Failed for 173 days - consider removing from filters
     - Frequently changed domains — YavasGir: Failed for 62 days - consider removing from filters
     - piabettv14.live: Failed for 42 days - consider removing from filters
     - restmacizle23.cfd: Failed for 188 days - consider removing from filters
     - hepbetspor: Failed for 210 days - consider removing from filters
     - woe.sx: Failed for 120 days - consider removing from filters


📋  View detailed log: https://github.com/Alex-302/AdguardFilters/actions/runs/35750650584#artifacts
⬆️ ⬆️ ⬆️  💡 💡 💡  Direct Commit Mode 💡 💡 💡  ⬆️ ⬆️ ⬆️


================================================================================
Run: 2026-09-23 08:56:34.807
================================================================================

2026-09-23 08:55:21.893 Rotating Domains Checker v1.4.2 - WRITE mode
2026-09-23 08:55:21.894 Test filters dir: NO
2026-09-23 08:55:21.894 Target repo path: ./
2026-09-23 08:55:21.895 Sites to check: 47

2026-09-23 08:56:32.661 
                      Redirected domains 
╔═════════════════════╤═══════════════╤═══════════════╤════════╗
║ Site                │ From          │ To            │ Time   ║
╟─────────────────────┼───────────────┼───────────────┼────────╢
║ sultansportv562.com │ golvar559.sbs │ golvar566.sbs │ 49.08s ║
╚═════════════════════╧═══════════════╧═══════════════╧════════╝

2026-09-23 08:56:34.684 ⬇️ ⬇️ ⬇️  ---=== Domains rotating summary ===---  ⬇️ ⬇️ ⬇️
2026-09-23 08:56:34.684   Total sites: 47
2026-09-23 08:56:34.684   ├─ Checked sites: 47
2026-09-23 08:56:34.684   ├─ 🔄 Watchers with active mirror changed: 1
2026-09-23 08:56:34.684   ├─ 📋 Watchers with filter mirror list changed: 0
2026-09-23 08:56:34.684   ├─ 🚩 Pattern→non-pattern: 1
2026-09-23 08:56:34.684   └─ Unchanged watchers: 23
2026-09-23 08:56:34.684  🚨  Failed: 21
2026-09-23 08:56:34.684   ├─ including antibot blocked: 4
2026-09-23 08:56:34.684   └─ Network problems or dead: 17
2026-09-23 08:56:34.684 
2026-09-23 08:56:34.684 Problems:
2026-09-23 08:56:34.684  🚨 Errors (no replacements made):
2026-09-23 08:56:34.684      - zonatmo.to [https://zonatmo.to]: Timeout (10000ms) [code=23]: The operation was aborted due to timeout (21.06s)
2026-09-23 08:56:34.684      - Dead site test - deadexample24.com [https://deadexample24.com]: DNS resolution failed (0.06s)
2026-09-23 08:56:34.684      - Test Probe Fail - example.org [https://example.org]: Content probe failed (0.31s)
2026-09-23 08:56:34.684      - Frequently changed domains — belestepe*.sbs — Belestepe [https://belestepe635.sbs]: Timeout (10000ms) [code=23]: The operation was aborted due to timeout (21.11s)
2026-09-23 08:56:34.684      - Frequently changed domains — dizipal*.com — Dizipal [https://dizipal2127.com]: Antibot detected: 403 or __cf_chl_tk in URL (0.46s)
2026-09-23 08:56:34.684      - Frequently changed domains — zeusdizi*.com [https://zeusdizi32.com]: Antibot detected: 403 or __cf_chl_tk in URL (26.50s)
2026-09-23 08:56:34.684      - Frequently changed domains — netsportv*.top [https://www.netsportv264.top/]: Antibot detected: 403 or __cf_chl_tk in URL (1.51s)
2026-09-23 08:56:34.684      - Frequently changed domains — zeustv*.com [https://zeustv243.com]: DNS resolution failed (0.26s)
2026-09-23 08:56:34.684      - Frequently changed domains — xsportv*.xyz [https://www.xsportv-21ee22f79d.xyz]: Non-success status: 404 (1.01s)
2026-09-23 08:56:34.684      - Frequently changed domains — seyirspor*.com [https://seyirspor17.com]: DNS resolution failed (0.16s)
2026-09-23 08:56:34.684      - Frequently changed domains — lorabettvhd*.shop [https://lorabettvhd80.shop]: DNS resolution failed (0.06s)
2026-09-23 08:56:34.684      - Frequently changed domains — bosssports*.com [https://bosssports612.com]: Timeout (10000ms) [code=23]: The operation was aborted due to timeout (21.09s)
2026-09-23 08:56:34.684      - Frequently changed domains — Kralsports HD [https://kralsportshd7.com]: DNS resolution failed (0.04s)
2026-09-23 08:56:34.684      - Frequently changed domains — rotabettv*.com [https://rotabettv516.com]: Timeout (10000ms) [code=23]: The operation was aborted due to timeout (21.09s)
2026-09-23 08:56:34.684      - Frequently changed domains — betivotv*.com [https://betivotv157.com]: Non-success status: 404 (1.35s)
2026-09-23 08:56:34.684      - Frequently changed domains — Saha TV [https://sahatv2.top]: DNS resolution failed (0.08s)
2026-09-23 08:56:34.684      - Frequently changed domains — YavasGir [https://yavasgir136.live]: Antibot detected: 403 or __cf_chl_tk in URL (0.98s)
2026-09-23 08:56:34.684      - piabettv14.live [https://piabettv21.live]: Timeout (10000ms) [code=23]: The operation was aborted due to timeout (21.08s)
2026-09-23 08:56:34.685      - restmacizle23.cfd [https://patronspor.is/]: Skipped by skip_text: "https://patronspor.is/?s={search_term_string}" (1.88s)
2026-09-23 08:56:34.685      - hepbetspor [https://patronspor.is/]: Skipped by skip_text: "https://patronspor.is/?s={search_term_string}" (1.43s)
2026-09-23 08:56:34.685      - woe.sx [https://voe.sx/e/nemg6vqtnrkf]: Non-success status: 404 (1.68s)
2026-09-23 08:56:34.685  🚩  Changed pattern → non-pattern domains:
2026-09-23 08:56:34.685      Frequently changed domains — sporcafe*.xyz — Spor Cafe: Pattern domain redirected to non-pattern (www.sporcafe-0c2608ad69.xyz → www.sporcafe-0c2608ad69.xyz) - filter not updated, waiting for new pattern domain
2026-09-23 08:56:34.685  ⚠️  Warnings:
2026-09-23 08:56:34.685      - Dead site test - deadexample24.com: Failed for 213 days - consider removing from filters
2026-09-23 08:56:34.685      - Test Probe Fail - example.org: Failed for 213 days - consider removing from filters
2026-09-23 08:56:34.685      - Frequently changed domains — dizipal*.com — Dizipal: Failed for 15 days - consider removing from filters
2026-09-23 08:56:34.685      - Frequently changed domains — zeusdizi*.com: Failed for 147 days - consider removing from filters
2026-09-23 08:56:34.685      - Frequently changed domains — netsportv*.top: Failed for 138 days - consider removing from filters
2026-09-23 08:56:34.685      - Frequently changed domains — zeustv*.com: Failed for 172 days - consider removing from filters
2026-09-23 08:56:34.685      - Frequently changed domains — xsportv*.xyz: Failed for 190 days - consider removing from filters
2026-09-23 08:56:34.685      - Frequently changed domains — seyirspor*.com: Failed for 159 days - consider removing from filters
2026-09-23 08:56:34.685      - Frequently changed domains — lorabettvhd*.shop: Failed for 213 days - consider removing from filters
2026-09-23 08:56:34.685      - Frequently changed domains — bosssports*.com: Failed for 90 days - consider removing from filters
2026-09-23 08:56:34.685      - Frequently changed domains — betivotv*.com: Failed for 36 days - consider removing from filters
2026-09-23 08:56:34.685      - Frequently changed domains — Saha TV: Failed for 174 days - consider removing from filters
2026-09-23 08:56:34.685      - Frequently changed domains — YavasGir: Failed for 63 days - consider removing from filters
2026-09-23 08:56:34.685      - piabettv14.live: Failed for 42 days - consider removing from filters
2026-09-23 08:56:34.685      - restmacizle23.cfd: Failed for 189 days - consider removing from filters
2026-09-23 08:56:34.685      - hepbetspor: Failed for 211 days - consider removing from filters
2026-09-23 08:56:34.685      - woe.sx: Failed for 121 days - consider removing from filters
2026-09-23 08:56:34.685 
2026-09-23 08:56:34.685 Total phase time: 70.758s
2026-09-23 08:56:34.685 
2026-09-23 08:56:34.685 Unchanged watchers:
                        ww0.jmanga.cash (jmanga.actor), Test Probe Success - example.de (example.de), Frequently changed domains — sporcafe*.xyz — Spor Cafe (www.sporcafe-0c2608ad69.xyz), Frequently changed domains — turkifsaclub*.sbs (turkifsaclub204.sbs), turkifsaclub-12.sbs (turkifsaclub204.sbs), Frequently changed domains — gobtv*.com (gobtv26.com), Frequently changed domains — trgooltv*.top (trgooltv69.top), Frequently changed domains — vegatv*.shop (vegatv89.shop), Frequently changed domains — betmatiktv*.com (betmatiktv155.com), Frequently changed domains — acartv*.live (acartv107.live), Frequently changed domains — inattvizle*.top (www.inattvizle500.top), Frequently changed domains — otobettv*.com (otobettv84.com), Frequently changed domains — portobettv*.com (www.portobettv55.com), Frequently changed domains — kodtimetv*.com (kodtimetv33.com), amp-6392fa66a0.selcuksportshdamp-aa805a079c.click (amp-6392fa66a0.selcuksportshdamp-aa805a079c.click), dizigom104.com (www.alliance4creativity.com), taraftarium24.xyz (taraftarium24.xyz), www.selcuksportshd8443661f57.xyz (www.selcuksportshdbd813bd00f.xyz), www.taraftarium91.top (www.taraftarium210.top), patronspor04548a2wer45awes.cfd (raw.githack.com), torrentsee (torrentsee362.com), gptgirlfriend.com (www.gptgirlfriend.online), Frequently changed domains — askimyavas*.com (askimyavas191.live)

2026-09-23 08:56:34.685 === Domains replacement summary ===
2026-09-23 08:56:34.685 Files scanned: 355
2026-09-23 08:56:34.685 Files modified: 0
2026-09-23 08:56:34.685 Total line edits: 0
2026-09-23 08:56:34.685 Total phase time: 2.029s
2026-09-23 08:56:34.685 ⬆️ ⬆️ ⬆️  ---=== Domains rotating summary ===---  ⬆️ ⬆️ ⬆️


2026-09-23 08:56:34.803 ⌛ Total execution time: 72.984s

⬇️ ⬇️ ⬇️  💡 💡 💡  Direct Commit Mode 💡 💡 💡  ⬇️ ⬇️ ⬇️
Target branch: master
Commit message:
Rotating Domains Checker: Updating domains

🔄  Watchers with active mirror changed:

sultansportv562.com              golvar559.sbs        → golvar566.sbs       

✅ Unchanged watchers:
     ww0.jmanga.cash (jmanga.actor), Test Probe Success - example.de (example.de), Frequently changed domains — sporcafe*.xyz — Spor Cafe (www.sporcafe-0c2608ad69.xyz), Frequently changed domains — turkifsaclub*.sbs (turkifsaclub204.sbs), turkifsaclub-12.sbs (turkifsaclub204.sbs), Frequently changed domains — gobtv*.com (gobtv26.com), Frequently changed domains — trgooltv*.top (trgooltv69.top), Frequently changed domains — vegatv*.shop (vegatv89.shop), Frequently changed domains — betmatiktv*.com (betmatiktv155.com), Frequently changed domains — acartv*.live (acartv107.live), Frequently changed domains — inattvizle*.top (www.inattvizle500.top), Frequently changed domains — otobettv*.com (otobettv84.com), Frequently changed domains — portobettv*.com (www.portobettv55.com), Frequently changed domains — kodtimetv*.com (kodtimetv33.com), amp-6392fa66a0.selcuksportshdamp-aa805a079c.click (amp-6392fa66a0.selcuksportshdamp-aa805a079c.click), dizigom104.com (www.alliance4creativity.com), taraftarium24.xyz (taraftarium24.xyz), www.selcuksportshd8443661f57.xyz (www.selcuksportshdbd813bd00f.xyz), www.taraftarium91.top (www.taraftarium210.top), patronspor04548a2wer45awes.cfd (raw.githack.com), torrentsee (torrentsee362.com), gptgirlfriend.com (www.gptgirlfriend.online), Frequently changed domains — askimyavas*.com (askimyavas191.live)

🚨 Errors (no replacements made):
     - zonatmo.to [https://zonatmo.to]: Timeout (10000ms) [code=23]: The operation was aborted due to timeout (21.06s)
     - Dead site test - deadexample24.com [https://deadexample24.com]: DNS resolution failed (0.06s)
     - Test Probe Fail - example.org [https://example.org]: Content probe failed (0.31s)
     - Frequently changed domains — belestepe*.sbs — Belestepe [https://belestepe635.sbs]: Timeout (10000ms) [code=23]: The operation was aborted due to timeout (21.11s)
     - Frequently changed domains — dizipal*.com — Dizipal [https://dizipal2127.com]: Antibot detected: 403 or __cf_chl_tk in URL (0.46s)
     - Frequently changed domains — zeusdizi*.com [https://zeusdizi32.com]: Antibot detected: 403 or __cf_chl_tk in URL (26.50s)
     - Frequently changed domains — netsportv*.top [https://www.netsportv264.top/]: Antibot detected: 403 or __cf_chl_tk in URL (1.51s)
     - Frequently changed domains — zeustv*.com [https://zeustv243.com]: DNS resolution failed (0.26s)
     - Frequently changed domains — xsportv*.xyz [https://www.xsportv-21ee22f79d.xyz]: Non-success status: 404 (1.01s)
     - Frequently changed domains — seyirspor*.com [https://seyirspor17.com]: DNS resolution failed (0.16s)
     - Frequently changed domains — lorabettvhd*.shop [https://lorabettvhd80.shop]: DNS resolution failed (0.06s)
     - Frequently changed domains — bosssports*.com [https://bosssports612.com]: Timeout (10000ms) [code=23]: The operation was aborted due to timeout (21.09s)
     - Frequently changed domains — Kralsports HD [https://kralsportshd7.com]: DNS resolution failed (0.04s)
     - Frequently changed domains — rotabettv*.com [https://rotabettv516.com]: Timeout (10000ms) [code=23]: The operation was aborted due to timeout (21.09s)
     - Frequently changed domains — betivotv*.com [https://betivotv157.com]: Non-success status: 404 (1.35s)
     - Frequently changed domains — Saha TV [https://sahatv2.top]: DNS resolution failed (0.08s)
     - Frequently changed domains — YavasGir [https://yavasgir136.live]: Antibot detected: 403 or __cf_chl_tk in URL (0.98s)
     - piabettv14.live [https://piabettv21.live]: Timeout (10000ms) [code=23]: The operation was aborted due to timeout (21.08s)
     - restmacizle23.cfd [https://patronspor.is/]: Skipped by skip_text: "https://patronspor.is/?s={search_term_string}" (1.88s)
     - hepbetspor [https://patronspor.is/]: Skipped by skip_text: "https://patronspor.is/?s={search_term_string}" (1.43s)
     - woe.sx [https://voe.sx/e/nemg6vqtnrkf]: Non-success status: 404 (1.68s)
🚩  Changed pattern → non-pattern domains:
     Frequently changed domains — sporcafe*.xyz — Spor Cafe: Pattern domain redirected to non-pattern (www.sporcafe-0c2608ad69.xyz → www.sporcafe-0c2608ad69.xyz) - filter not updated, waiting for new pattern domain



⚠️  Warnings:
     - Dead site test - deadexample24.com: Failed for 213 days - consider removing from filters
     - Test Probe Fail - example.org: Failed for 213 days - consider removing from filters
     - Frequently changed domains — dizipal*.com — Dizipal: Failed for 15 days - consider removing from filters
     - Frequently changed domains — zeusdizi*.com: Failed for 147 days - consider removing from filters
     - Frequently changed domains — netsportv*.top: Failed for 138 days - consider removing from filters
     - Frequently changed domains — zeustv*.com: Failed for 172 days - consider removing from filters
     - Frequently changed domains — xsportv*.xyz: Failed for 190 days - consider removing from filters
     - Frequently changed domains — seyirspor*.com: Failed for 159 days - consider removing from filters
     - Frequently changed domains — lorabettvhd*.shop: Failed for 213 days - consider removing from filters
     - Frequently changed domains — bosssports*.com: Failed for 90 days - consider removing from filters
     - Frequently changed domains — betivotv*.com: Failed for 36 days - consider removing from filters
     - Frequently changed domains — Saha TV: Failed for 174 days - consider removing from filters
     - Frequently changed domains — YavasGir: Failed for 63 days - consider removing from filters
     - piabettv14.live: Failed for 42 days - consider removing from filters
     - restmacizle23.cfd: Failed for 189 days - consider removing from filters
     - hepbetspor: Failed for 211 days - consider removing from filters
     - woe.sx: Failed for 121 days - consider removing from filters


📋  View detailed log: https://github.com/Alex-302/AdguardFilters/actions/runs/35839874173#artifacts
⬆️ ⬆️ ⬆️  💡 💡 💡  Direct Commit Mode 💡 💡 💡  ⬆️ ⬆️ ⬆️


================================================================================
Run: 2026-09-23 15:46:48.268
================================================================================

2026-09-23 15:45:36.939 Rotating Domains Checker v1.4.2 - WRITE mode
2026-09-23 15:45:36.941 Test filters dir: NO
2026-09-23 15:45:36.941 Target repo path: ./
2026-09-23 15:45:36.941 Sites to check: 47

2026-09-23 15:46:46.745 
                      Redirected domains 
╔════════════════════════════════════════════════╤═════════════════════╤═════════════════════╤═══════╗
║ Site                                           │ From                │ To                  │ Time  ║
╟────────────────────────────────────────────────┼─────────────────────┼─────────────────────┼───────╢
║ Frequently changed domains — turkifsaclub*.sbs │ turkifsaclub204.sbs │ turkifsaclub205.sbs │ 2.53s ║
║ turkifsaclub-12.sbs                            │ turkifsaclub204.sbs │ turkifsaclub205.sbs │ 2.54s ║
╚════════════════════════════════════════════════╧═════════════════════╧═════════════════════╧═══════╝

2026-09-23 15:46:48.153 ⬇️ ⬇️ ⬇️  ---=== Domains rotating summary ===---  ⬇️ ⬇️ ⬇️
2026-09-23 15:46:48.153   Total sites: 47
2026-09-23 15:46:48.153   ├─ Checked sites: 47
2026-09-23 15:46:48.153   ├─ 🔄 Watchers with active mirror changed: 2
2026-09-23 15:46:48.154   ├─ 📋 Watchers with filter mirror list changed: 0
2026-09-23 15:46:48.154   ├─ 🚩 Pattern→non-pattern: 1
2026-09-23 15:46:48.154   └─ Unchanged watchers: 21
2026-09-23 15:46:48.154  🚨  Failed: 22
2026-09-23 15:46:48.154   ├─ including antibot blocked: 4
2026-09-23 15:46:48.154   └─ Network problems or dead: 18
2026-09-23 15:46:48.154 
2026-09-23 15:46:48.154 Problems:
2026-09-23 15:46:48.154  🚨 Errors (no replacements made):
2026-09-23 15:46:48.154      - ww0.jmanga.cash [https://jmanga.actor]: Timeout (10000ms) [code=23]: The operation was aborted due to timeout (21.07s)
2026-09-23 15:46:48.154      - zonatmo.to [https://zonatmo.to]: Timeout (10000ms) [code=23]: The operation was aborted due to timeout (21.07s)
2026-09-23 15:46:48.154      - Dead site test - deadexample24.com [https://deadexample24.com]: DNS resolution failed (0.07s)
2026-09-23 15:46:48.154      - Test Probe Fail - example.org [https://example.org]: Content probe failed (0.18s)
2026-09-23 15:46:48.154      - Frequently changed domains — belestepe*.sbs — Belestepe [https://belestepe635.sbs]: Timeout (10000ms) [code=23]: The operation was aborted due to timeout (21.09s)
2026-09-23 15:46:48.154      - Frequently changed domains — dizipal*.com — Dizipal [https://dizipal2127.com]: Antibot detected: 403 or __cf_chl_tk in URL (0.43s)
2026-09-23 15:46:48.154      - Frequently changed domains — zeusdizi*.com [https://zeusdizi32.com]: Antibot detected: 403 or __cf_chl_tk in URL (26.73s)
2026-09-23 15:46:48.154      - Frequently changed domains — netsportv*.top [https://www.netsportv264.top/]: Antibot detected: 403 or __cf_chl_tk in URL (1.48s)
2026-09-23 15:46:48.154      - Frequently changed domains — zeustv*.com [https://zeustv243.com]: DNS resolution failed (0.25s)
2026-09-23 15:46:48.154      - Frequently changed domains — xsportv*.xyz [https://www.xsportv-21ee22f79d.xyz]: Non-success status: 404 (0.99s)
2026-09-23 15:46:48.154      - Frequently changed domains — seyirspor*.com [https://seyirspor17.com]: DNS resolution failed (0.18s)
2026-09-23 15:46:48.154      - Frequently changed domains — lorabettvhd*.shop [https://lorabettvhd80.shop]: DNS resolution failed (0.28s)
2026-09-23 15:46:48.154      - Frequently changed domains — bosssports*.com [https://bosssports612.com]: Timeout (10000ms) [code=23]: The operation was aborted due to timeout (21.08s)
2026-09-23 15:46:48.154      - Frequently changed domains — Kralsports HD [https://kralsportshd7.com]: DNS resolution failed (0.04s)
2026-09-23 15:46:48.154      - Frequently changed domains — rotabettv*.com [https://rotabettv516.com]: Timeout (10000ms) [code=23]: The operation was aborted due to timeout (21.08s)
2026-09-23 15:46:48.154      - Frequently changed domains — betivotv*.com [https://betivotv157.com]: Non-success status: 404 (1.34s)
2026-09-23 15:46:48.154      - Frequently changed domains — Saha TV [https://sahatv2.top]: DNS resolution failed (0.18s)
2026-09-23 15:46:48.154      - Frequently changed domains — YavasGir [https://yavasgir136.live]: Antibot detected: 403 or __cf_chl_tk in URL (0.80s)
2026-09-23 15:46:48.154      - piabettv14.live [https://piabettv21.live]: Timeout (10000ms) [code=23]: The operation was aborted due to timeout (21.07s)
2026-09-23 15:46:48.154      - restmacizle23.cfd [https://patronspor.is/]: Skipped by skip_text: "https://patronspor.is/?s={search_term_string}" (1.77s)
2026-09-23 15:46:48.154      - hepbetspor [https://patronspor.is/]: Skipped by skip_text: "https://patronspor.is/?s={search_term_string}" (1.25s)
2026-09-23 15:46:48.154      - woe.sx [https://voe.sx/e/nemg6vqtnrkf]: Non-success status: 404 (1.02s)
2026-09-23 15:46:48.154  🚩  Changed pattern → non-pattern domains:
2026-09-23 15:46:48.154      Frequently changed domains — sporcafe*.xyz — Spor Cafe: Pattern domain redirected to non-pattern (www.sporcafe-0c2608ad69.xyz → www.sporcafe-0c2608ad69.xyz) - filter not updated, waiting for new pattern domain
2026-09-23 15:46:48.154  ⚠️  Warnings:
2026-09-23 15:46:48.154      - Dead site test - deadexample24.com: Failed for 213 days - consider removing from filters
2026-09-23 15:46:48.154      - Test Probe Fail - example.org: Failed for 213 days - consider removing from filters
2026-09-23 15:46:48.154      - Frequently changed domains — dizipal*.com — Dizipal: Failed for 15 days - consider removing from filters
2026-09-23 15:46:48.154      - Frequently changed domains — zeusdizi*.com: Failed for 147 days - consider removing from filters
2026-09-23 15:46:48.154      - Frequently changed domains — netsportv*.top: Failed for 138 days - consider removing from filters
2026-09-23 15:46:48.154      - Frequently changed domains — zeustv*.com: Failed for 172 days - consider removing from filters
2026-09-23 15:46:48.154      - Frequently changed domains — xsportv*.xyz: Failed for 191 days - consider removing from filters
2026-09-23 15:46:48.154      - Frequently changed domains — seyirspor*.com: Failed for 159 days - consider removing from filters
2026-09-23 15:46:48.154      - Frequently changed domains — lorabettvhd*.shop: Failed for 213 days - consider removing from filters
2026-09-23 15:46:48.154      - Frequently changed domains — bosssports*.com: Failed for 91 days - consider removing from filters
2026-09-23 15:46:48.154      - Frequently changed domains — betivotv*.com: Failed for 36 days - consider removing from filters
2026-09-23 15:46:48.154      - Frequently changed domains — Saha TV: Failed for 174 days - consider removing from filters
2026-09-23 15:46:48.154      - Frequently changed domains — YavasGir: Failed for 63 days - consider removing from filters
2026-09-23 15:46:48.154      - piabettv14.live: Failed for 43 days - consider removing from filters
2026-09-23 15:46:48.154      - restmacizle23.cfd: Failed for 189 days - consider removing from filters
2026-09-23 15:46:48.154      - hepbetspor: Failed for 211 days - consider removing from filters
2026-09-23 15:46:48.154      - woe.sx: Failed for 121 days - consider removing from filters
2026-09-23 15:46:48.154 
2026-09-23 15:46:48.154 Total phase time: 69.797s
2026-09-23 15:46:48.154 
2026-09-23 15:46:48.154 Unchanged watchers:
                        Test Probe Success - example.de (example.de), Frequently changed domains — sporcafe*.xyz — Spor Cafe (www.sporcafe-0c2608ad69.xyz), Frequently changed domains — gobtv*.com (gobtv26.com), Frequently changed domains — trgooltv*.top (trgooltv69.top), Frequently changed domains — vegatv*.shop (vegatv89.shop), Frequently changed domains — betmatiktv*.com (betmatiktv155.com), Frequently changed domains — acartv*.live (acartv107.live), Frequently changed domains — inattvizle*.top (www.inattvizle500.top), Frequently changed domains — otobettv*.com (otobettv84.com), Frequently changed domains — portobettv*.com (www.portobettv55.com), Frequently changed domains — kodtimetv*.com (kodtimetv33.com), amp-6392fa66a0.selcuksportshdamp-aa805a079c.click (amp-6392fa66a0.selcuksportshdamp-aa805a079c.click), dizigom104.com (www.alliance4creativity.com), sultansportv562.com (golvar566.sbs), taraftarium24.xyz (taraftarium24.xyz), www.selcuksportshd8443661f57.xyz (www.selcuksportshdbd813bd00f.xyz), www.taraftarium91.top (www.taraftarium210.top), patronspor04548a2wer45awes.cfd (raw.githack.com), torrentsee (torrentsee362.com), gptgirlfriend.com (www.gptgirlfriend.online), Frequently changed domains — askimyavas*.com (askimyavas191.live)

2026-09-23 15:46:48.154 === Domains replacement summary ===
2026-09-23 15:46:48.154 Files scanned: 355
2026-09-23 15:46:48.154 Files modified: 1
2026-09-23 15:46:48.154 Total line edits: 2
2026-09-23 15:46:48.154 Total phase time: 1.413s
2026-09-23 15:46:48.154 ⬆️ ⬆️ ⬆️  ---=== Domains rotating summary ===---  ⬆️ ⬆️ ⬆️


2026-09-23 15:46:48.266 ⌛ Total execution time: 71.406s

⬇️ ⬇️ ⬇️  💡 💡 💡  Direct Commit Mode 💡 💡 💡  ⬇️ ⬇️ ⬇️
Target branch: master
Commit message:
Rotating Domains Checker: Updating domains

🔄  Watchers with active mirror changed:

Frequently changed domains — turkifsaclub*.sbs   turkifsaclub204.sbs  → turkifsaclub205.sbs 
turkifsaclub-12.sbs                              turkifsaclub204.sbs  → turkifsaclub205.sbs 

✅ Unchanged watchers:
     Test Probe Success - example.de (example.de), Frequently changed domains — sporcafe*.xyz — Spor Cafe (www.sporcafe-0c2608ad69.xyz), Frequently changed domains — gobtv*.com (gobtv26.com), Frequently changed domains — trgooltv*.top (trgooltv69.top), Frequently changed domains — vegatv*.shop (vegatv89.shop), Frequently changed domains — betmatiktv*.com (betmatiktv155.com), Frequently changed domains — acartv*.live (acartv107.live), Frequently changed domains — inattvizle*.top (www.inattvizle500.top), Frequently changed domains — otobettv*.com (otobettv84.com), Frequently changed domains — portobettv*.com (www.portobettv55.com), Frequently changed domains — kodtimetv*.com (kodtimetv33.com), amp-6392fa66a0.selcuksportshdamp-aa805a079c.click (amp-6392fa66a0.selcuksportshdamp-aa805a079c.click), dizigom104.com (www.alliance4creativity.com), sultansportv562.com (golvar566.sbs), taraftarium24.xyz (taraftarium24.xyz), www.selcuksportshd8443661f57.xyz (www.selcuksportshdbd813bd00f.xyz), www.taraftarium91.top (www.taraftarium210.top), patronspor04548a2wer45awes.cfd (raw.githack.com), torrentsee (torrentsee362.com), gptgirlfriend.com (www.gptgirlfriend.online), Frequently changed domains — askimyavas*.com (askimyavas191.live)

🚨 Errors (no replacements made):
     - ww0.jmanga.cash [https://jmanga.actor]: Timeout (10000ms) [code=23]: The operation was aborted due to timeout (21.07s)
     - zonatmo.to [https://zonatmo.to]: Timeout (10000ms) [code=23]: The operation was aborted due to timeout (21.07s)
     - Dead site test - deadexample24.com [https://deadexample24.com]: DNS resolution failed (0.07s)
     - Test Probe Fail - example.org [https://example.org]: Content probe failed (0.18s)
     - Frequently changed domains — belestepe*.sbs — Belestepe [https://belestepe635.sbs]: Timeout (10000ms) [code=23]: The operation was aborted due to timeout (21.09s)
     - Frequently changed domains — dizipal*.com — Dizipal [https://dizipal2127.com]: Antibot detected: 403 or __cf_chl_tk in URL (0.43s)
     - Frequently changed domains — zeusdizi*.com [https://zeusdizi32.com]: Antibot detected: 403 or __cf_chl_tk in URL (26.73s)
     - Frequently changed domains — netsportv*.top [https://www.netsportv264.top/]: Antibot detected: 403 or __cf_chl_tk in URL (1.48s)
     - Frequently changed domains — zeustv*.com [https://zeustv243.com]: DNS resolution failed (0.25s)
     - Frequently changed domains — xsportv*.xyz [https://www.xsportv-21ee22f79d.xyz]: Non-success status: 404 (0.99s)
     - Frequently changed domains — seyirspor*.com [https://seyirspor17.com]: DNS resolution failed (0.18s)
     - Frequently changed domains — lorabettvhd*.shop [https://lorabettvhd80.shop]: DNS resolution failed (0.28s)
     - Frequently changed domains — bosssports*.com [https://bosssports612.com]: Timeout (10000ms) [code=23]: The operation was aborted due to timeout (21.08s)
     - Frequently changed domains — Kralsports HD [https://kralsportshd7.com]: DNS resolution failed (0.04s)
     - Frequently changed domains — rotabettv*.com [https://rotabettv516.com]: Timeout (10000ms) [code=23]: The operation was aborted due to timeout (21.08s)
     - Frequently changed domains — betivotv*.com [https://betivotv157.com]: Non-success status: 404 (1.34s)
     - Frequently changed domains — Saha TV [https://sahatv2.top]: DNS resolution failed (0.18s)
     - Frequently changed domains — YavasGir [https://yavasgir136.live]: Antibot detected: 403 or __cf_chl_tk in URL (0.80s)
     - piabettv14.live [https://piabettv21.live]: Timeout (10000ms) [code=23]: The operation was aborted due to timeout (21.07s)
     - restmacizle23.cfd [https://patronspor.is/]: Skipped by skip_text: "https://patronspor.is/?s={search_term_string}" (1.77s)
     - hepbetspor [https://patronspor.is/]: Skipped by skip_text: "https://patronspor.is/?s={search_term_string}" (1.25s)
     - woe.sx [https://voe.sx/e/nemg6vqtnrkf]: Non-success status: 404 (1.02s)
🚩  Changed pattern → non-pattern domains:
     Frequently changed domains — sporcafe*.xyz — Spor Cafe: Pattern domain redirected to non-pattern (www.sporcafe-0c2608ad69.xyz → www.sporcafe-0c2608ad69.xyz) - filter not updated, waiting for new pattern domain



⚠️  Warnings:
     - Dead site test - deadexample24.com: Failed for 213 days - consider removing from filters
     - Test Probe Fail - example.org: Failed for 213 days - consider removing from filters
     - Frequently changed domains — dizipal*.com — Dizipal: Failed for 15 days - consider removing from filters
     - Frequently changed domains — zeusdizi*.com: Failed for 147 days - consider removing from filters
     - Frequently changed domains — netsportv*.top: Failed for 138 days - consider removing from filters
     - Frequently changed domains — zeustv*.com: Failed for 172 days - consider removing from filters
     - Frequently changed domains — xsportv*.xyz: Failed for 191 days - consider removing from filters
     - Frequently changed domains — seyirspor*.com: Failed for 159 days - consider removing from filters
     - Frequently changed domains — lorabettvhd*.shop: Failed for 213 days - consider removing from filters
     - Frequently changed domains — bosssports*.com: Failed for 91 days - consider removing from filters
     - Frequently changed domains — betivotv*.com: Failed for 36 days - consider removing from filters
     - Frequently changed domains — Saha TV: Failed for 174 days - consider removing from filters
     - Frequently changed domains — YavasGir: Failed for 63 days - consider removing from filters
     - piabettv14.live: Failed for 43 days - consider removing from filters
     - restmacizle23.cfd: Failed for 189 days - consider removing from filters
     - hepbetspor: Failed for 211 days - consider removing from filters
     - woe.sx: Failed for 121 days - consider removing from filters


📋  View detailed log: https://github.com/Alex-302/AdguardFilters/actions/runs/35883899202#artifacts
⬆️ ⬆️ ⬆️  💡 💡 💡  Direct Commit Mode 💡 💡 💡  ⬆️ ⬆️ ⬆️


================================================================================
Run: 2026-09-23 19:20:05.406
================================================================================

2026-09-23 19:18:55.623 Rotating Domains Checker v1.4.2 - WRITE mode
2026-09-23 19:18:55.624 Test filters dir: NO
2026-09-23 19:18:55.624 Target repo path: ./
2026-09-23 19:18:55.624 Sites to check: 47

2026-09-23 19:20:03.682 
                      Redirected domains 
╔═════════════════════════════════════════════╤══════════════════╤══════════════════╤════════╗
║ Site                                        │ From             │ To               │ Time   ║
╟─────────────────────────────────────────────┼──────────────────┼──────────────────┼────────╢
║ Frequently changed domains — betist*tv.live │ betist260tv.live │ betist261tv.live │ 46.31s ║
╚═════════════════════════════════════════════╧══════════════════╧══════════════════╧════════╝

2026-09-23 19:20:05.289 ⬇️ ⬇️ ⬇️  ---=== Domains rotating summary ===---  ⬇️ ⬇️ ⬇️
2026-09-23 19:20:05.289   Total sites: 47
2026-09-23 19:20:05.289   ├─ Checked sites: 47
2026-09-23 19:20:05.289   ├─ 🔄 Watchers with active mirror changed: 1
2026-09-23 19:20:05.289   ├─ 📋 Watchers with filter mirror list changed: 0
2026-09-23 19:20:05.289   ├─ 🚩 Pattern→non-pattern: 1
2026-09-23 19:20:05.289   ├─ Antibot accepted: 1 (not in failed count)
2026-09-23 19:20:05.289   └─ Unchanged watchers: 23
2026-09-23 19:20:05.289  🚨  Failed: 21
2026-09-23 19:20:05.289   ├─ including antibot blocked: 4
2026-09-23 19:20:05.289   └─ Network problems or dead: 17
2026-09-23 19:20:05.289 
2026-09-23 19:20:05.289 Problems:
2026-09-23 19:20:05.289  🚨 Errors (no replacements made):
2026-09-23 19:20:05.289      - zonatmo.to [https://zonatmo.to]: Timeout (10000ms) [code=23]: The operation was aborted due to timeout (21.04s)
2026-09-23 19:20:05.289      - Dead site test - deadexample24.com [https://deadexample24.com]: DNS resolution failed (0.04s)
2026-09-23 19:20:05.289      - Test Probe Fail - example.org [https://example.org]: Content probe failed (0.34s)
2026-09-23 19:20:05.289      - Frequently changed domains — belestepe*.sbs — Belestepe [https://belestepe635.sbs]: Timeout (10000ms) [code=23]: The operation was aborted due to timeout (21.05s)
2026-09-23 19:20:05.289      - Frequently changed domains — dizipal*.com — Dizipal [https://dizipal2127.com]: Antibot detected: 403 or __cf_chl_tk in URL (0.58s)
2026-09-23 19:20:05.289      - Frequently changed domains — zeusdizi*.com [https://zeusdizi32.com]: Antibot detected: 403 or __cf_chl_tk in URL (25.36s)
2026-09-23 19:20:05.289      - Frequently changed domains — netsportv*.top [https://www.netsportv264.top/]: Antibot detected: 403 or __cf_chl_tk in URL (1.98s)
2026-09-23 19:20:05.289      - Frequently changed domains — zeustv*.com [https://zeustv243.com]: DNS resolution failed (0.29s)
2026-09-23 19:20:05.289      - Frequently changed domains — xsportv*.xyz [https://www.xsportv-21ee22f79d.xyz]: Non-success status: 404 (1.09s)
2026-09-23 19:20:05.289      - Frequently changed domains — seyirspor*.com [https://seyirspor17.com]: DNS resolution failed (0.05s)
2026-09-23 19:20:05.289      - Frequently changed domains — lorabettvhd*.shop [https://lorabettvhd80.shop]: DNS resolution failed (0.04s)
2026-09-23 19:20:05.289      - Frequently changed domains — bosssports*.com [https://bosssports612.com]: Timeout (10000ms) [code=23]: The operation was aborted due to timeout (21.02s)
2026-09-23 19:20:05.289      - Frequently changed domains — Kralsports HD [https://kralsportshd7.com]: DNS resolution failed (0.01s)
2026-09-23 19:20:05.289      - Frequently changed domains — rotabettv*.com [https://rotabettv516.com]: Timeout (10000ms) [code=23]: The operation was aborted due to timeout (21.02s)
2026-09-23 19:20:05.289      - Frequently changed domains — betivotv*.com [https://betivotv157.com]: Non-success status: 404 (1.48s)
2026-09-23 19:20:05.289      - Frequently changed domains — Saha TV [https://sahatv2.top]: DNS resolution failed (0.08s)
2026-09-23 19:20:05.289      - Frequently changed domains — YavasGir [https://yavasgir136.live]: Antibot detected: 403 or __cf_chl_tk in URL (0.93s)
2026-09-23 19:20:05.289      - piabettv14.live [https://piabettv21.live]: Timeout (10000ms) [code=23]: The operation was aborted due to timeout (21.02s)
2026-09-23 19:20:05.289      - restmacizle23.cfd [https://patronspor.is/]: Skipped by skip_text: "https://patronspor.is/?s={search_term_string}" (1.35s)
2026-09-23 19:20:05.289      - hepbetspor [https://patronspor.is/]: Skipped by skip_text: "https://patronspor.is/?s={search_term_string}" (0.77s)
2026-09-23 19:20:05.289      - woe.sx [https://voe.sx/e/nemg6vqtnrkf]: Non-success status: 404 (1.17s)
2026-09-23 19:20:05.290  🚩  Changed pattern → non-pattern domains:
2026-09-23 19:20:05.290      Frequently changed domains — sporcafe*.xyz — Spor Cafe: Pattern domain redirected to non-pattern (www.sporcafe-0c2608ad69.xyz → www.sporcafe-0c2608ad69.xyz) - filter not updated, waiting for new pattern domain
2026-09-23 19:20:05.290  ⚠️  Warnings:
2026-09-23 19:20:05.290      - Dead site test - deadexample24.com: Failed for 214 days - consider removing from filters
2026-09-23 19:20:05.290      - Test Probe Fail - example.org: Failed for 214 days - consider removing from filters
2026-09-23 19:20:05.290      - Frequently changed domains — dizipal*.com — Dizipal: Failed for 15 days - consider removing from filters
2026-09-23 19:20:05.290      - Frequently changed domains — zeusdizi*.com: Failed for 148 days - consider removing from filters
2026-09-23 19:20:05.290      - Frequently changed domains — netsportv*.top: Failed for 138 days - consider removing from filters
2026-09-23 19:20:05.290      - Frequently changed domains — zeustv*.com: Failed for 173 days - consider removing from filters
2026-09-23 19:20:05.290      - Frequently changed domains — xsportv*.xyz: Failed for 191 days - consider removing from filters
2026-09-23 19:20:05.290      - Frequently changed domains — seyirspor*.com: Failed for 160 days - consider removing from filters
2026-09-23 19:20:05.290      - Frequently changed domains — lorabettvhd*.shop: Failed for 214 days - consider removing from filters
2026-09-23 19:20:05.290      - Frequently changed domains — bosssports*.com: Failed for 91 days - consider removing from filters
2026-09-23 19:20:05.290      - Frequently changed domains — betist*tv.live: Domain redirected (betist260tv.live → betist261tv.live) but protected by antibot - old domain may remain in filter rules
2026-09-23 19:20:05.290      - Frequently changed domains — betivotv*.com: Failed for 36 days - consider removing from filters
2026-09-23 19:20:05.290      - Frequently changed domains — Saha TV: Failed for 174 days - consider removing from filters
2026-09-23 19:20:05.290      - Frequently changed domains — YavasGir: Failed for 63 days - consider removing from filters
2026-09-23 19:20:05.290      - piabettv14.live: Failed for 43 days - consider removing from filters
2026-09-23 19:20:05.290      - restmacizle23.cfd: Failed for 189 days - consider removing from filters
2026-09-23 19:20:05.290      - hepbetspor: Failed for 211 days - consider removing from filters
2026-09-23 19:20:05.290      - woe.sx: Failed for 122 days - consider removing from filters
2026-09-23 19:20:05.290 
2026-09-23 19:20:05.290 Total phase time: 68.051s
2026-09-23 19:20:05.290 
2026-09-23 19:20:05.290 Unchanged watchers:
                        ww0.jmanga.cash (jmanga.actor), Test Probe Success - example.de (example.de), Frequently changed domains — sporcafe*.xyz — Spor Cafe (www.sporcafe-0c2608ad69.xyz), Frequently changed domains — turkifsaclub*.sbs (turkifsaclub205.sbs), turkifsaclub-12.sbs (turkifsaclub205.sbs), Frequently changed domains — gobtv*.com (gobtv26.com), Frequently changed domains — trgooltv*.top (trgooltv69.top), Frequently changed domains — vegatv*.shop (vegatv89.shop), Frequently changed domains — betmatiktv*.com (betmatiktv155.com), Frequently changed domains — acartv*.live (acartv107.live), Frequently changed domains — inattvizle*.top (www.inattvizle500.top), Frequently changed domains — otobettv*.com (otobettv84.com), Frequently changed domains — portobettv*.com (www.portobettv55.com), Frequently changed domains — kodtimetv*.com (kodtimetv33.com), amp-6392fa66a0.selcuksportshdamp-aa805a079c.click (amp-6392fa66a0.selcuksportshdamp-aa805a079c.click), dizigom104.com (www.alliance4creativity.com), sultansportv562.com (golvar566.sbs), taraftarium24.xyz (taraftarium24.xyz), www.selcuksportshd8443661f57.xyz (www.selcuksportshdbd813bd00f.xyz), www.taraftarium91.top (www.taraftarium210.top), patronspor04548a2wer45awes.cfd (raw.githack.com), torrentsee (torrentsee362.com), gptgirlfriend.com (www.gptgirlfriend.online), Frequently changed domains — askimyavas*.com (askimyavas191.live)

2026-09-23 19:20:05.290 === Domains replacement summary ===
2026-09-23 19:20:05.290 Files scanned: 355
2026-09-23 19:20:05.290 Files modified: 1
2026-09-23 19:20:05.290 Total line edits: 1
2026-09-23 19:20:05.290 Total phase time: 1.612s
2026-09-23 19:20:05.290 ⬆️ ⬆️ ⬆️  ---=== Domains rotating summary ===---  ⬆️ ⬆️ ⬆️


2026-09-23 19:20:05.403 ⌛ Total execution time: 69.817s

⬇️ ⬇️ ⬇️  💡 💡 💡  Direct Commit Mode 💡 💡 💡  ⬇️ ⬇️ ⬇️
Target branch: master
Commit message:
Rotating Domains Checker: Updating domains

🔄  Watchers with active mirror changed:

Frequently changed domains — betist*tv.live   betist260tv.live     → betist261tv.live    

✅ Unchanged watchers:
     ww0.jmanga.cash (jmanga.actor), Test Probe Success - example.de (example.de), Frequently changed domains — sporcafe*.xyz — Spor Cafe (www.sporcafe-0c2608ad69.xyz), Frequently changed domains — turkifsaclub*.sbs (turkifsaclub205.sbs), turkifsaclub-12.sbs (turkifsaclub205.sbs), Frequently changed domains — gobtv*.com (gobtv26.com), Frequently changed domains — trgooltv*.top (trgooltv69.top), Frequently changed domains — vegatv*.shop (vegatv89.shop), Frequently changed domains — betmatiktv*.com (betmatiktv155.com), Frequently changed domains — acartv*.live (acartv107.live), Frequently changed domains — inattvizle*.top (www.inattvizle500.top), Frequently changed domains — otobettv*.com (otobettv84.com), Frequently changed domains — portobettv*.com (www.portobettv55.com), Frequently changed domains — kodtimetv*.com (kodtimetv33.com), amp-6392fa66a0.selcuksportshdamp-aa805a079c.click (amp-6392fa66a0.selcuksportshdamp-aa805a079c.click), dizigom104.com (www.alliance4creativity.com), sultansportv562.com (golvar566.sbs), taraftarium24.xyz (taraftarium24.xyz), www.selcuksportshd8443661f57.xyz (www.selcuksportshdbd813bd00f.xyz), www.taraftarium91.top (www.taraftarium210.top), patronspor04548a2wer45awes.cfd (raw.githack.com), torrentsee (torrentsee362.com), gptgirlfriend.com (www.gptgirlfriend.online), Frequently changed domains — askimyavas*.com (askimyavas191.live)

🚨 Errors (no replacements made):
     - zonatmo.to [https://zonatmo.to]: Timeout (10000ms) [code=23]: The operation was aborted due to timeout (21.04s)
     - Dead site test - deadexample24.com [https://deadexample24.com]: DNS resolution failed (0.04s)
     - Test Probe Fail - example.org [https://example.org]: Content probe failed (0.34s)
     - Frequently changed domains — belestepe*.sbs — Belestepe [https://belestepe635.sbs]: Timeout (10000ms) [code=23]: The operation was aborted due to timeout (21.05s)
     - Frequently changed domains — dizipal*.com — Dizipal [https://dizipal2127.com]: Antibot detected: 403 or __cf_chl_tk in URL (0.58s)
     - Frequently changed domains — zeusdizi*.com [https://zeusdizi32.com]: Antibot detected: 403 or __cf_chl_tk in URL (25.36s)
     - Frequently changed domains — netsportv*.top [https://www.netsportv264.top/]: Antibot detected: 403 or __cf_chl_tk in URL (1.98s)
     - Frequently changed domains — zeustv*.com [https://zeustv243.com]: DNS resolution failed (0.29s)
     - Frequently changed domains — xsportv*.xyz [https://www.xsportv-21ee22f79d.xyz]: Non-success status: 404 (1.09s)
     - Frequently changed domains — seyirspor*.com [https://seyirspor17.com]: DNS resolution failed (0.05s)
     - Frequently changed domains — lorabettvhd*.shop [https://lorabettvhd80.shop]: DNS resolution failed (0.04s)
     - Frequently changed domains — bosssports*.com [https://bosssports612.com]: Timeout (10000ms) [code=23]: The operation was aborted due to timeout (21.02s)
     - Frequently changed domains — Kralsports HD [https://kralsportshd7.com]: DNS resolution failed (0.01s)
     - Frequently changed domains — rotabettv*.com [https://rotabettv516.com]: Timeout (10000ms) [code=23]: The operation was aborted due to timeout (21.02s)
     - Frequently changed domains — betivotv*.com [https://betivotv157.com]: Non-success status: 404 (1.48s)
     - Frequently changed domains — Saha TV [https://sahatv2.top]: DNS resolution failed (0.08s)
     - Frequently changed domains — YavasGir [https://yavasgir136.live]: Antibot detected: 403 or __cf_chl_tk in URL (0.93s)
     - piabettv14.live [https://piabettv21.live]: Timeout (10000ms) [code=23]: The operation was aborted due to timeout (21.02s)
     - restmacizle23.cfd [https://patronspor.is/]: Skipped by skip_text: "https://patronspor.is/?s={search_term_string}" (1.35s)
     - hepbetspor [https://patronspor.is/]: Skipped by skip_text: "https://patronspor.is/?s={search_term_string}" (0.77s)
     - woe.sx [https://voe.sx/e/nemg6vqtnrkf]: Non-success status: 404 (1.17s)
🚩  Changed pattern → non-pattern domains:
     Frequently changed domains — sporcafe*.xyz — Spor Cafe: Pattern domain redirected to non-pattern (www.sporcafe-0c2608ad69.xyz → www.sporcafe-0c2608ad69.xyz) - filter not updated, waiting for new pattern domain



⚠️  Warnings:
     - Dead site test - deadexample24.com: Failed for 214 days - consider removing from filters
     - Test Probe Fail - example.org: Failed for 214 days - consider removing from filters
     - Frequently changed domains — dizipal*.com — Dizipal: Failed for 15 days - consider removing from filters
     - Frequently changed domains — zeusdizi*.com: Failed for 148 days - consider removing from filters
     - Frequently changed domains — netsportv*.top: Failed for 138 days - consider removing from filters
     - Frequently changed domains — zeustv*.com: Failed for 173 days - consider removing from filters
     - Frequently changed domains — xsportv*.xyz: Failed for 191 days - consider removing from filters
     - Frequently changed domains — seyirspor*.com: Failed for 160 days - consider removing from filters
     - Frequently changed domains — lorabettvhd*.shop: Failed for 214 days - consider removing from filters
     - Frequently changed domains — bosssports*.com: Failed for 91 days - consider removing from filters
     - Frequently changed domains — betist*tv.live: Domain redirected (betist260tv.live → betist261tv.live) but protected by antibot - old domain may remain in filter rules
     - Frequently changed domains — betivotv*.com: Failed for 36 days - consider removing from filters
     - Frequently changed domains — Saha TV: Failed for 174 days - consider removing from filters
     - Frequently changed domains — YavasGir: Failed for 63 days - consider removing from filters
     - piabettv14.live: Failed for 43 days - consider removing from filters
     - restmacizle23.cfd: Failed for 189 days - consider removing from filters
     - hepbetspor: Failed for 211 days - consider removing from filters
     - woe.sx: Failed for 122 days - consider removing from filters

⚠️  Antibot accepted (ignored by config):
     - Frequently changed domains — betist*tv.live [https://betist261tv.live]: Antibot detected, but accepted by config (46.31s)


📋  View detailed log: https://github.com/Alex-302/AdguardFilters/actions/runs/35908464735#artifacts
⬆️ ⬆️ ⬆️  💡 💡 💡  Direct Commit Mode 💡 💡 💡  ⬆️ ⬆️ ⬆️


================================================================================
Run: 2026-09-24 16:08:14.948
================================================================================

2026-09-24 16:07:04.299 Rotating Domains Checker v1.4.2 - WRITE mode
2026-09-24 16:07:04.301 Test filters dir: NO
2026-09-24 16:07:04.301 Target repo path: ./
2026-09-24 16:07:04.301 Sites to check: 47

2026-09-24 16:08:12.669 
                      Redirected domains 
╔═════════════════════════════════════════╤═════════════╤═════════════╤════════╗
║ Site                                    │ From        │ To          │ Time   ║
╟─────────────────────────────────────────┼─────────────┼─────────────┼────────╢
║ Frequently changed domains — gobtv*.com │ gobtv26.com │ gobtv27.com │ 25.22s ║
╚═════════════════════════════════════════╧═════════════╧═════════════╧════════╝

2026-09-24 16:08:14.822 ⬇️ ⬇️ ⬇️  ---=== Domains rotating summary ===---  ⬇️ ⬇️ ⬇️
2026-09-24 16:08:14.822   Total sites: 47
2026-09-24 16:08:14.822   ├─ Checked sites: 47
2026-09-24 16:08:14.822   ├─ 🔄 Watchers with active mirror changed: 1
2026-09-24 16:08:14.822   ├─ 📋 Watchers with filter mirror list changed: 0
2026-09-24 16:08:14.822   ├─ 🚩 Pattern→non-pattern: 1
2026-09-24 16:08:14.822   └─ Unchanged watchers: 22
2026-09-24 16:08:14.822  🚨  Failed: 22
2026-09-24 16:08:14.822   ├─ including antibot blocked: 4
2026-09-24 16:08:14.822   └─ Network problems or dead: 18
2026-09-24 16:08:14.822 
2026-09-24 16:08:14.822 Problems:
2026-09-24 16:08:14.822  🚨 Errors (no replacements made):
2026-09-24 16:08:14.822      - zonatmo.to [https://zonatmo.to]: Timeout (10000ms) [code=23]: The operation was aborted due to timeout (21.05s)
2026-09-24 16:08:14.822      - Dead site test - deadexample24.com [https://deadexample24.com]: DNS resolution failed (0.05s)
2026-09-24 16:08:14.822      - Test Probe Fail - example.org [https://example.org]: Content probe failed (0.15s)
2026-09-24 16:08:14.822      - Frequently changed domains — belestepe*.sbs — Belestepe [https://belestepe635.sbs]: Timeout (10000ms) [code=23]: The operation was aborted due to timeout (21.06s)
2026-09-24 16:08:14.822      - Frequently changed domains — dizipal*.com — Dizipal [https://dizipal2127.com]: Antibot detected: 403 or __cf_chl_tk in URL (0.41s)
2026-09-24 16:08:14.822      - Frequently changed domains — zeusdizi*.com [https://zeusdizi32.com]: Antibot detected: 403 or __cf_chl_tk in URL (25.04s)
2026-09-24 16:08:14.822      - Frequently changed domains — netsportv*.top [https://www.netsportv264.top/]: Antibot detected: 403 or __cf_chl_tk in URL (1.07s)
2026-09-24 16:08:14.822      - Frequently changed domains — zeustv*.com [https://zeustv243.com]: DNS resolution failed (0.19s)
2026-09-24 16:08:14.822      - Frequently changed domains — xsportv*.xyz [https://www.xsportv-21ee22f79d.xyz]: Non-success status: 404 (0.73s)
2026-09-24 16:08:14.822      - Frequently changed domains — seyirspor*.com [https://seyirspor17.com]: DNS resolution failed (0.10s)
2026-09-24 16:08:14.822      - Frequently changed domains — lorabettvhd*.shop [https://lorabettvhd80.shop]: DNS resolution failed (0.05s)
2026-09-24 16:08:14.822      - Frequently changed domains — bosssports*.com [https://bosssports612.com]: Timeout (10000ms) [code=23]: The operation was aborted due to timeout (21.04s)
2026-09-24 16:08:14.822      - Frequently changed domains — Kralsports HD [https://kralsportshd7.com]: DNS resolution failed (0.03s)
2026-09-24 16:08:14.822      - Frequently changed domains — rotabettv*.com [https://rotabettv516.com]: Timeout (10000ms) [code=23]: The operation was aborted due to timeout (21.05s)
2026-09-24 16:08:14.822      - Frequently changed domains — betivotv*.com [https://betivotv157.com]: Non-success status: 404 (1.09s)
2026-09-24 16:08:14.822      - Frequently changed domains — Saha TV [https://sahatv2.top]: DNS resolution failed (0.07s)
2026-09-24 16:08:14.822      - Frequently changed domains — YavasGir [https://yavasgir136.live]: Antibot detected: 403 or __cf_chl_tk in URL (0.55s)
2026-09-24 16:08:14.822      - piabettv14.live [https://piabettv21.live]: Timeout (10000ms) [code=23]: The operation was aborted due to timeout (21.03s)
2026-09-24 16:08:14.822      - restmacizle23.cfd [https://patronspor.is/]: Skipped by skip_text: "https://patronspor.is/?s={search_term_string}" (1.17s)
2026-09-24 16:08:14.822      - hepbetspor [https://patronspor.is/]: Skipped by skip_text: "https://patronspor.is/?s={search_term_string}" (0.75s)
2026-09-24 16:08:14.822      - torrentsee [https://torrentsee362.com]: Connection reset [code=ECONNRESET]: fetch failed (4.97s)
2026-09-24 16:08:14.822      - woe.sx [https://voe.sx/e/nemg6vqtnrkf]: Non-success status: 404 (0.84s)
2026-09-24 16:08:14.822  🚩  Changed pattern → non-pattern domains:
2026-09-24 16:08:14.822      Frequently changed domains — sporcafe*.xyz — Spor Cafe: Pattern domain redirected to non-pattern (www.sporcafe-0c2608ad69.xyz → www.sporcafe-0c2608ad69.xyz) - filter not updated, waiting for new pattern domain
2026-09-24 16:08:14.822  ⚠️  Warnings:
2026-09-24 16:08:14.822      - Dead site test - deadexample24.com: Failed for 214 days - consider removing from filters
2026-09-24 16:08:14.822      - Test Probe Fail - example.org: Failed for 214 days - consider removing from filters
2026-09-24 16:08:14.822      - Frequently changed domains — dizipal*.com — Dizipal: Failed for 16 days - consider removing from filters
2026-09-24 16:08:14.822      - Frequently changed domains — zeusdizi*.com: Failed for 148 days - consider removing from filters
2026-09-24 16:08:14.822      - Frequently changed domains — netsportv*.top: Failed for 139 days - consider removing from filters
2026-09-24 16:08:14.822      - Frequently changed domains — zeustv*.com: Failed for 173 days - consider removing from filters
2026-09-24 16:08:14.822      - Frequently changed domains — xsportv*.xyz: Failed for 192 days - consider removing from filters
2026-09-24 16:08:14.822      - Frequently changed domains — seyirspor*.com: Failed for 160 days - consider removing from filters
2026-09-24 16:08:14.822      - Frequently changed domains — lorabettvhd*.shop: Failed for 214 days - consider removing from filters
2026-09-24 16:08:14.822      - Frequently changed domains — bosssports*.com: Failed for 92 days - consider removing from filters
2026-09-24 16:08:14.822      - Frequently changed domains — betivotv*.com: Failed for 37 days - consider removing from filters
2026-09-24 16:08:14.822      - Frequently changed domains — Saha TV: Failed for 175 days - consider removing from filters
2026-09-24 16:08:14.822      - Frequently changed domains — YavasGir: Failed for 64 days - consider removing from filters
2026-09-24 16:08:14.822      - piabettv14.live: Failed for 44 days - consider removing from filters
2026-09-24 16:08:14.822      - restmacizle23.cfd: Failed for 190 days - consider removing from filters
2026-09-24 16:08:14.822      - hepbetspor: Failed for 212 days - consider removing from filters
2026-09-24 16:08:14.822      - woe.sx: Failed for 122 days - consider removing from filters
2026-09-24 16:08:14.822 
2026-09-24 16:08:14.822 Total phase time: 68.360s
2026-09-24 16:08:14.823 
2026-09-24 16:08:14.823 Unchanged watchers:
                        ww0.jmanga.cash (jmanga.actor), Test Probe Success - example.de (example.de), Frequently changed domains — sporcafe*.xyz — Spor Cafe (www.sporcafe-0c2608ad69.xyz), Frequently changed domains — turkifsaclub*.sbs (turkifsaclub205.sbs), turkifsaclub-12.sbs (turkifsaclub205.sbs), Frequently changed domains — trgooltv*.top (trgooltv69.top), Frequently changed domains — vegatv*.shop (vegatv89.shop), Frequently changed domains — betmatiktv*.com (betmatiktv155.com), Frequently changed domains — acartv*.live (acartv107.live), Frequently changed domains — inattvizle*.top (www.inattvizle500.top), Frequently changed domains — otobettv*.com (otobettv84.com), Frequently changed domains — portobettv*.com (www.portobettv55.com), Frequently changed domains — kodtimetv*.com (kodtimetv33.com), amp-6392fa66a0.selcuksportshdamp-aa805a079c.click (amp-6392fa66a0.selcuksportshdamp-aa805a079c.click), dizigom104.com (www.alliance4creativity.com), sultansportv562.com (golvar566.sbs), taraftarium24.xyz (taraftarium24.xyz), www.selcuksportshd8443661f57.xyz (www.selcuksportshdbd813bd00f.xyz), www.taraftarium91.top (www.taraftarium210.top), patronspor04548a2wer45awes.cfd (raw.githack.com), gptgirlfriend.com (www.gptgirlfriend.online), Frequently changed domains — askimyavas*.com (askimyavas191.live)

2026-09-24 16:08:14.823 === Domains replacement summary ===
2026-09-24 16:08:14.823 Files scanned: 355
2026-09-24 16:08:14.823 Files modified: 1
2026-09-24 16:08:14.823 Total line edits: 1
2026-09-24 16:08:14.823 Total phase time: 2.158s
2026-09-24 16:08:14.823 ⬆️ ⬆️ ⬆️  ---=== Domains rotating summary ===---  ⬆️ ⬆️ ⬆️


2026-09-24 16:08:14.943 ⌛ Total execution time: 70.685s

⬇️ ⬇️ ⬇️  💡 💡 💡  Direct Commit Mode 💡 💡 💡  ⬇️ ⬇️ ⬇️
Target branch: master
Commit message:
Rotating Domains Checker: Updating domains

🔄  Watchers with active mirror changed:

Frequently changed domains — gobtv*.com   gobtv26.com          → gobtv27.com         

✅ Unchanged watchers:
     ww0.jmanga.cash (jmanga.actor), Test Probe Success - example.de (example.de), Frequently changed domains — sporcafe*.xyz — Spor Cafe (www.sporcafe-0c2608ad69.xyz), Frequently changed domains — turkifsaclub*.sbs (turkifsaclub205.sbs), turkifsaclub-12.sbs (turkifsaclub205.sbs), Frequently changed domains — trgooltv*.top (trgooltv69.top), Frequently changed domains — vegatv*.shop (vegatv89.shop), Frequently changed domains — betmatiktv*.com (betmatiktv155.com), Frequently changed domains — acartv*.live (acartv107.live), Frequently changed domains — inattvizle*.top (www.inattvizle500.top), Frequently changed domains — otobettv*.com (otobettv84.com), Frequently changed domains — portobettv*.com (www.portobettv55.com), Frequently changed domains — kodtimetv*.com (kodtimetv33.com), amp-6392fa66a0.selcuksportshdamp-aa805a079c.click (amp-6392fa66a0.selcuksportshdamp-aa805a079c.click), dizigom104.com (www.alliance4creativity.com), sultansportv562.com (golvar566.sbs), taraftarium24.xyz (taraftarium24.xyz), www.selcuksportshd8443661f57.xyz (www.selcuksportshdbd813bd00f.xyz), www.taraftarium91.top (www.taraftarium210.top), patronspor04548a2wer45awes.cfd (raw.githack.com), gptgirlfriend.com (www.gptgirlfriend.online), Frequently changed domains — askimyavas*.com (askimyavas191.live)

🚨 Errors (no replacements made):
     - zonatmo.to [https://zonatmo.to]: Timeout (10000ms) [code=23]: The operation was aborted due to timeout (21.05s)
     - Dead site test - deadexample24.com [https://deadexample24.com]: DNS resolution failed (0.05s)
     - Test Probe Fail - example.org [https://example.org]: Content probe failed (0.15s)
     - Frequently changed domains — belestepe*.sbs — Belestepe [https://belestepe635.sbs]: Timeout (10000ms) [code=23]: The operation was aborted due to timeout (21.06s)
     - Frequently changed domains — dizipal*.com — Dizipal [https://dizipal2127.com]: Antibot detected: 403 or __cf_chl_tk in URL (0.41s)
     - Frequently changed domains — zeusdizi*.com [https://zeusdizi32.com]: Antibot detected: 403 or __cf_chl_tk in URL (25.04s)
     - Frequently changed domains — netsportv*.top [https://www.netsportv264.top/]: Antibot detected: 403 or __cf_chl_tk in URL (1.07s)
     - Frequently changed domains — zeustv*.com [https://zeustv243.com]: DNS resolution failed (0.19s)
     - Frequently changed domains — xsportv*.xyz [https://www.xsportv-21ee22f79d.xyz]: Non-success status: 404 (0.73s)
     - Frequently changed domains — seyirspor*.com [https://seyirspor17.com]: DNS resolution failed (0.10s)
     - Frequently changed domains — lorabettvhd*.shop [https://lorabettvhd80.shop]: DNS resolution failed (0.05s)
     - Frequently changed domains — bosssports*.com [https://bosssports612.com]: Timeout (10000ms) [code=23]: The operation was aborted due to timeout (21.04s)
     - Frequently changed domains — Kralsports HD [https://kralsportshd7.com]: DNS resolution failed (0.03s)
     - Frequently changed domains — rotabettv*.com [https://rotabettv516.com]: Timeout (10000ms) [code=23]: The operation was aborted due to timeout (21.05s)
     - Frequently changed domains — betivotv*.com [https://betivotv157.com]: Non-success status: 404 (1.09s)
     - Frequently changed domains — Saha TV [https://sahatv2.top]: DNS resolution failed (0.07s)
     - Frequently changed domains — YavasGir [https://yavasgir136.live]: Antibot detected: 403 or __cf_chl_tk in URL (0.55s)
     - piabettv14.live [https://piabettv21.live]: Timeout (10000ms) [code=23]: The operation was aborted due to timeout (21.03s)
     - restmacizle23.cfd [https://patronspor.is/]: Skipped by skip_text: "https://patronspor.is/?s={search_term_string}" (1.17s)
     - hepbetspor [https://patronspor.is/]: Skipped by skip_text: "https://patronspor.is/?s={search_term_string}" (0.75s)
     - torrentsee [https://torrentsee362.com]: Connection reset [code=ECONNRESET]: fetch failed (4.97s)
     - woe.sx [https://voe.sx/e/nemg6vqtnrkf]: Non-success status: 404 (0.84s)
🚩  Changed pattern → non-pattern domains:
     Frequently changed domains — sporcafe*.xyz — Spor Cafe: Pattern domain redirected to non-pattern (www.sporcafe-0c2608ad69.xyz → www.sporcafe-0c2608ad69.xyz) - filter not updated, waiting for new pattern domain



⚠️  Warnings:
     - Dead site test - deadexample24.com: Failed for 214 days - consider removing from filters
     - Test Probe Fail - example.org: Failed for 214 days - consider removing from filters
     - Frequently changed domains — dizipal*.com — Dizipal: Failed for 16 days - consider removing from filters
     - Frequently changed domains — zeusdizi*.com: Failed for 148 days - consider removing from filters
     - Frequently changed domains — netsportv*.top: Failed for 139 days - consider removing from filters
     - Frequently changed domains — zeustv*.com: Failed for 173 days - consider removing from filters
     - Frequently changed domains — xsportv*.xyz: Failed for 192 days - consider removing from filters
     - Frequently changed domains — seyirspor*.com: Failed for 160 days - consider removing from filters
     - Frequently changed domains — lorabettvhd*.shop: Failed for 214 days - consider removing from filters
     - Frequently changed domains — bosssports*.com: Failed for 92 days - consider removing from filters
     - Frequently changed domains — betivotv*.com: Failed for 37 days - consider removing from filters
     - Frequently changed domains — Saha TV: Failed for 175 days - consider removing from filters
     - Frequently changed domains — YavasGir: Failed for 64 days - consider removing from filters
     - piabettv14.live: Failed for 44 days - consider removing from filters
     - restmacizle23.cfd: Failed for 190 days - consider removing from filters
     - hepbetspor: Failed for 212 days - consider removing from filters
     - woe.sx: Failed for 122 days - consider removing from filters


📋  View detailed log: https://github.com/Alex-302/AdguardFilters/actions/runs/36025075838#artifacts
⬆️ ⬆️ ⬆️  💡 💡 💡  Direct Commit Mode 💡 💡 💡  ⬆️ ⬆️ ⬆️


================================================================================
Run: 2026-09-24 16:32:48.330
================================================================================

2026-09-24 16:31:37.500 Rotating Domains Checker v1.5.1 - WRITE mode
2026-09-24 16:31:37.502 Test filters dir: NO
2026-09-24 16:31:37.502 Target repo path: ./
2026-09-24 16:31:37.502 Sites to check: 47

2026-09-24 16:32:46.083 
                      Redirected domains 
╔════════════════════════════════════════════════╤═════════════════════╤═════════════════════╤═══════╗
║ Site                                           │ From                │ To                  │ Time  ║
╟────────────────────────────────────────────────┼─────────────────────┼─────────────────────┼───────╢
║ Frequently changed domains — turkifsaclub*.sbs │ turkifsaclub205.sbs │ turkifsaclub206.sbs │ 1.63s ║
║ turkifsaclub-12.sbs                            │ turkifsaclub205.sbs │ turkifsaclub206.sbs │ 1.63s ║
║ Frequently changed domains — askimyavas*.com   │ askimyavas191.live  │ askimyavas192.live  │ 1.00s ║
╚════════════════════════════════════════════════╧═════════════════════╧═════════════════════╧═══════╝

2026-09-24 16:32:48.209 ⬇️ ⬇️ ⬇️  ---=== Domains rotating summary ===---  ⬇️ ⬇️ ⬇️
2026-09-24 16:32:48.209   Total sites: 47
2026-09-24 16:32:48.209   ├─ Checked sites: 47
2026-09-24 16:32:48.209   ├─ 🔄 Watchers with active mirror changed: 3
2026-09-24 16:32:48.209   ├─ 📋 Watchers with filter mirror list changed: 0
2026-09-24 16:32:48.209   ├─ 🚩 Pattern→non-pattern: 1
2026-09-24 16:32:48.209   └─ Unchanged watchers: 19
2026-09-24 16:32:48.209  🚨  Failed: 23
2026-09-24 16:32:48.209   ├─ including antibot blocked: 4
2026-09-24 16:32:48.209   └─ Network problems or dead: 19
2026-09-24 16:32:48.209 
2026-09-24 16:32:48.209 Problems:
2026-09-24 16:32:48.209  🚨 Errors (no replacements made):
2026-09-24 16:32:48.209      - zonatmo.to [https://zonatmo.to]: Timeout (10000ms) [code=23]: The operation was aborted due to timeout (21.06s)
2026-09-24 16:32:48.210      - Dead site test - deadexample24.com [https://deadexample24.com]: DNS resolution failed (0.05s)
2026-09-24 16:32:48.210      - Test Probe Fail - example.org [https://example.org]: Content probe failed (0.24s)
2026-09-24 16:32:48.210      - Frequently changed domains — belestepe*.sbs — Belestepe [https://belestepe635.sbs]: Timeout (10000ms) [code=23]: The operation was aborted due to timeout (21.07s)
2026-09-24 16:32:48.210      - Frequently changed domains — dizipal*.com — Dizipal [https://dizipal2127.com]: Antibot detected: 403 or __cf_chl_tk in URL (0.32s)
2026-09-24 16:32:48.210      - Frequently changed domains — zeusdizi*.com [https://zeusdizi32.com]: Antibot detected: 403 or __cf_chl_tk in URL (25.68s)
2026-09-24 16:32:48.210      - Frequently changed domains — netsportv*.top [https://www.netsportv264.top/]: Antibot detected: 403 or __cf_chl_tk in URL (0.93s)
2026-09-24 16:32:48.210      - Frequently changed domains — zeustv*.com [https://zeustv243.com]: DNS resolution failed (0.24s)
2026-09-24 16:32:48.210      - Frequently changed domains — xsportv*.xyz [https://www.xsportv-21ee22f79d.xyz]: Non-success status: 404 (0.80s)
2026-09-24 16:32:48.210      - Frequently changed domains — vegatv*.shop [https://vegatv89.shop]: DNS resolution failed (0.05s)
2026-09-24 16:32:48.210      - Frequently changed domains — seyirspor*.com [https://seyirspor17.com]: DNS resolution failed (0.17s)
2026-09-24 16:32:48.210      - Frequently changed domains — lorabettvhd*.shop [https://lorabettvhd80.shop]: DNS resolution failed (0.65s)
2026-09-24 16:32:48.210      - Frequently changed domains — bosssports*.com [https://bosssports612.com]: Timeout (10000ms) [code=23]: The operation was aborted due to timeout (21.05s)
2026-09-24 16:32:48.210      - Frequently changed domains — Kralsports HD [https://kralsportshd7.com]: DNS resolution failed (0.04s)
2026-09-24 16:32:48.210      - Frequently changed domains — rotabettv*.com [https://rotabettv516.com]: Timeout (10000ms) [code=23]: The operation was aborted due to timeout (21.04s)
2026-09-24 16:32:48.210      - Frequently changed domains — betivotv*.com [https://betivotv157.com]: Non-success status: 404 (1.40s)
2026-09-24 16:32:48.210      - Frequently changed domains — Saha TV [https://sahatv2.top]: DNS resolution failed (0.08s)
2026-09-24 16:32:48.210      - Frequently changed domains — YavasGir [https://yavasgir136.live]: Antibot detected: 403 or __cf_chl_tk in URL (0.45s)
2026-09-24 16:32:48.210      - piabettv14.live [https://piabettv21.live]: Timeout (10000ms) [code=23]: The operation was aborted due to timeout (21.06s)
2026-09-24 16:32:48.210      - restmacizle23.cfd [https://patronspor.is/]: Skipped by skip_text: "https://patronspor.is/?s={search_term_string}" (1.19s)
2026-09-24 16:32:48.210      - hepbetspor [https://patronspor.is/]: Skipped by skip_text: "https://patronspor.is/?s={search_term_string}" (0.92s)
2026-09-24 16:32:48.210      - torrentsee [https://torrentsee362.com]: Connection reset [code=ECONNRESET, syscall=read]: fetch failed (1.73s)
2026-09-24 16:32:48.210      - woe.sx [https://voe.sx/e/nemg6vqtnrkf]: Non-success status: 404 (0.79s)
2026-09-24 16:32:48.210  🚩  Changed pattern → non-pattern domains:
2026-09-24 16:32:48.210      Frequently changed domains — sporcafe*.xyz — Spor Cafe: Pattern domain redirected to non-pattern (www.sporcafe-0c2608ad69.xyz → www.sporcafe-0c2608ad69.xyz) - filter not updated, waiting for new pattern domain
2026-09-24 16:32:48.210  ⚠️  Warnings:
2026-09-24 16:32:48.210      - Dead site test - deadexample24.com: Failed for 214 days - consider removing from filters
2026-09-24 16:32:48.210      - Test Probe Fail - example.org: Failed for 214 days - consider removing from filters
2026-09-24 16:32:48.210      - Frequently changed domains — dizipal*.com — Dizipal: Failed for 16 days - consider removing from filters
2026-09-24 16:32:48.210      - Frequently changed domains — zeusdizi*.com: Failed for 148 days - consider removing from filters
2026-09-24 16:32:48.210      - Frequently changed domains — netsportv*.top: Failed for 139 days - consider removing from filters
2026-09-24 16:32:48.210      - Frequently changed domains — zeustv*.com: Failed for 173 days - consider removing from filters
2026-09-24 16:32:48.210      - Frequently changed domains — xsportv*.xyz: Failed for 192 days - consider removing from filters
2026-09-24 16:32:48.210      - Frequently changed domains — seyirspor*.com: Failed for 160 days - consider removing from filters
2026-09-24 16:32:48.210      - Frequently changed domains — lorabettvhd*.shop: Failed for 214 days - consider removing from filters
2026-09-24 16:32:48.210      - Frequently changed domains — bosssports*.com: Failed for 92 days - consider removing from filters
2026-09-24 16:32:48.210      - Frequently changed domains — betivotv*.com: Failed for 37 days - consider removing from filters
2026-09-24 16:32:48.210      - Frequently changed domains — Saha TV: Failed for 175 days - consider removing from filters
2026-09-24 16:32:48.210      - Frequently changed domains — YavasGir: Failed for 64 days - consider removing from filters
2026-09-24 16:32:48.210      - piabettv14.live: Failed for 44 days - consider removing from filters
2026-09-24 16:32:48.210      - restmacizle23.cfd: Failed for 190 days - consider removing from filters
2026-09-24 16:32:48.210      - hepbetspor: Failed for 212 days - consider removing from filters
2026-09-24 16:32:48.210      - woe.sx: Failed for 122 days - consider removing from filters
2026-09-24 16:32:48.210 
2026-09-24 16:32:48.210 Total phase time: 68.573s
2026-09-24 16:32:48.210 
2026-09-24 16:32:48.210 Unchanged watchers:
                        ww0.jmanga.cash (jmanga.actor), Test Probe Success - example.de (example.de), Frequently changed domains — sporcafe*.xyz — Spor Cafe (www.sporcafe-0c2608ad69.xyz), Frequently changed domains — gobtv*.com (gobtv27.com), Frequently changed domains — trgooltv*.top (trgooltv69.top), Frequently changed domains — betmatiktv*.com (betmatiktv155.com), Frequently changed domains — acartv*.live (acartv107.live), Frequently changed domains — inattvizle*.top (www.inattvizle500.top), Frequently changed domains — otobettv*.com (otobettv84.com), Frequently changed domains — portobettv*.com (www.portobettv55.com), Frequently changed domains — kodtimetv*.com (kodtimetv33.com), amp-6392fa66a0.selcuksportshdamp-aa805a079c.click (amp-6392fa66a0.selcuksportshdamp-aa805a079c.click), dizigom104.com (www.alliance4creativity.com), sultansportv562.com (golvar566.sbs), taraftarium24.xyz (taraftarium24.xyz), www.selcuksportshd8443661f57.xyz (www.selcuksportshdbd813bd00f.xyz), www.taraftarium91.top (www.taraftarium210.top), patronspor04548a2wer45awes.cfd (raw.githack.com), gptgirlfriend.com (www.gptgirlfriend.online)

2026-09-24 16:32:48.210 === Domains replacement summary ===
2026-09-24 16:32:48.210 Files scanned: 355
2026-09-24 16:32:48.210 Files modified: 1
2026-09-24 16:32:48.210 Total line edits: 5
2026-09-24 16:32:48.210 Total phase time: 2.132s
2026-09-24 16:32:48.210 ⬆️ ⬆️ ⬆️  ---=== Domains rotating summary ===---  ⬆️ ⬆️ ⬆️


2026-09-24 16:32:48.327 ⌛ Total execution time: 70.882s

⬇️ ⬇️ ⬇️  💡 💡 💡  Direct Commit Mode 💡 💡 💡  ⬇️ ⬇️ ⬇️
Target branch: master
Commit message:
Rotating Domains Checker: Updating domains

🔄  Watchers with active mirror changed:

Frequently changed domains — turkifsaclub*.sbs   turkifsaclub205.sbs  → turkifsaclub206.sbs 
turkifsaclub-12.sbs                              turkifsaclub205.sbs  → turkifsaclub206.sbs 
Frequently changed domains — askimyavas*.com     askimyavas191.live   → askimyavas192.live  

✅ Unchanged watchers:
     ww0.jmanga.cash (jmanga.actor), Test Probe Success - example.de (example.de), Frequently changed domains — sporcafe*.xyz — Spor Cafe (www.sporcafe-0c2608ad69.xyz), Frequently changed domains — gobtv*.com (gobtv27.com), Frequently changed domains — trgooltv*.top (trgooltv69.top), Frequently changed domains — betmatiktv*.com (betmatiktv155.com), Frequently changed domains — acartv*.live (acartv107.live), Frequently changed domains — inattvizle*.top (www.inattvizle500.top), Frequently changed domains — otobettv*.com (otobettv84.com), Frequently changed domains — portobettv*.com (www.portobettv55.com), Frequently changed domains — kodtimetv*.com (kodtimetv33.com), amp-6392fa66a0.selcuksportshdamp-aa805a079c.click (amp-6392fa66a0.selcuksportshdamp-aa805a079c.click), dizigom104.com (www.alliance4creativity.com), sultansportv562.com (golvar566.sbs), taraftarium24.xyz (taraftarium24.xyz), www.selcuksportshd8443661f57.xyz (www.selcuksportshdbd813bd00f.xyz), www.taraftarium91.top (www.taraftarium210.top), patronspor04548a2wer45awes.cfd (raw.githack.com), gptgirlfriend.com (www.gptgirlfriend.online)

🚨 Errors (no replacements made):
     - zonatmo.to [https://zonatmo.to]: Timeout (10000ms) [code=23]: The operation was aborted due to timeout (21.06s)
     - Dead site test - deadexample24.com [https://deadexample24.com]: DNS resolution failed (0.05s)
     - Test Probe Fail - example.org [https://example.org]: Content probe failed (0.24s)
     - Frequently changed domains — belestepe*.sbs — Belestepe [https://belestepe635.sbs]: Timeout (10000ms) [code=23]: The operation was aborted due to timeout (21.07s)
     - Frequently changed domains — dizipal*.com — Dizipal [https://dizipal2127.com]: Antibot detected: 403 or __cf_chl_tk in URL (0.32s)
     - Frequently changed domains — zeusdizi*.com [https://zeusdizi32.com]: Antibot detected: 403 or __cf_chl_tk in URL (25.68s)
     - Frequently changed domains — netsportv*.top [https://www.netsportv264.top/]: Antibot detected: 403 or __cf_chl_tk in URL (0.93s)
     - Frequently changed domains — zeustv*.com [https://zeustv243.com]: DNS resolution failed (0.24s)
     - Frequently changed domains — xsportv*.xyz [https://www.xsportv-21ee22f79d.xyz]: Non-success status: 404 (0.80s)
     - Frequently changed domains — vegatv*.shop [https://vegatv89.shop]: DNS resolution failed (0.05s)
     - Frequently changed domains — seyirspor*.com [https://seyirspor17.com]: DNS resolution failed (0.17s)
     - Frequently changed domains — lorabettvhd*.shop [https://lorabettvhd80.shop]: DNS resolution failed (0.65s)
     - Frequently changed domains — bosssports*.com [https://bosssports612.com]: Timeout (10000ms) [code=23]: The operation was aborted due to timeout (21.05s)
     - Frequently changed domains — Kralsports HD [https://kralsportshd7.com]: DNS resolution failed (0.04s)
     - Frequently changed domains — rotabettv*.com [https://rotabettv516.com]: Timeout (10000ms) [code=23]: The operation was aborted due to timeout (21.04s)
     - Frequently changed domains — betivotv*.com [https://betivotv157.com]: Non-success status: 404 (1.40s)
     - Frequently changed domains — Saha TV [https://sahatv2.top]: DNS resolution failed (0.08s)
     - Frequently changed domains — YavasGir [https://yavasgir136.live]: Antibot detected: 403 or __cf_chl_tk in URL (0.45s)
     - piabettv14.live [https://piabettv21.live]: Timeout (10000ms) [code=23]: The operation was aborted due to timeout (21.06s)
     - restmacizle23.cfd [https://patronspor.is/]: Skipped by skip_text: "https://patronspor.is/?s={search_term_string}" (1.19s)
     - hepbetspor [https://patronspor.is/]: Skipped by skip_text: "https://patronspor.is/?s={search_term_string}" (0.92s)
     - torrentsee [https://torrentsee362.com]: Connection reset [code=ECONNRESET, syscall=read]: fetch failed (1.73s)
     - woe.sx [https://voe.sx/e/nemg6vqtnrkf]: Non-success status: 404 (0.79s)
🚩  Changed pattern → non-pattern domains:
     Frequently changed domains — sporcafe*.xyz — Spor Cafe: Pattern domain redirected to non-pattern (www.sporcafe-0c2608ad69.xyz → www.sporcafe-0c2608ad69.xyz) - filter not updated, waiting for new pattern domain



⚠️  Warnings:
     - Dead site test - deadexample24.com: Failed for 214 days - consider removing from filters
     - Test Probe Fail - example.org: Failed for 214 days - consider removing from filters
     - Frequently changed domains — dizipal*.com — Dizipal: Failed for 16 days - consider removing from filters
     - Frequently changed domains — zeusdizi*.com: Failed for 148 days - consider removing from filters
     - Frequently changed domains — netsportv*.top: Failed for 139 days - consider removing from filters
     - Frequently changed domains — zeustv*.com: Failed for 173 days - consider removing from filters
     - Frequently changed domains — xsportv*.xyz: Failed for 192 days - consider removing from filters
     - Frequently changed domains — seyirspor*.com: Failed for 160 days - consider removing from filters
     - Frequently changed domains — lorabettvhd*.shop: Failed for 214 days - consider removing from filters
     - Frequently changed domains — bosssports*.com: Failed for 92 days - consider removing from filters
     - Frequently changed domains — betivotv*.com: Failed for 37 days - consider removing from filters
     - Frequently changed domains — Saha TV: Failed for 175 days - consider removing from filters
     - Frequently changed domains — YavasGir: Failed for 64 days - consider removing from filters
     - piabettv14.live: Failed for 44 days - consider removing from filters
     - restmacizle23.cfd: Failed for 190 days - consider removing from filters
     - hepbetspor: Failed for 212 days - consider removing from filters
     - woe.sx: Failed for 122 days - consider removing from filters


📋  View detailed log: https://github.com/Alex-302/AdguardFilters/actions/runs/36027966267#artifacts
⬆️ ⬆️ ⬆️  💡 💡 💡  Direct Commit Mode 💡 💡 💡  ⬆️ ⬆️ ⬆️


================================================================================
Run: 2026-09-24 23:01:28.233
================================================================================

2026-09-24 23:00:16.333 Rotating Domains Checker v1.5.1 - WRITE mode
2026-09-24 23:00:16.335 Test filters dir: NO
2026-09-24 23:00:16.335 Target repo path: ./
2026-09-24 23:00:16.335 Sites to check: 47

2026-09-24 23:01:28.119 ⬇️ ⬇️ ⬇️  ---=== Domains rotating summary ===---  ⬇️ ⬇️ ⬇️
2026-09-24 23:01:28.119   Total sites: 47
2026-09-24 23:01:28.119   ├─ Checked sites: 47
2026-09-24 23:01:28.119   ├─ 🔄 Watchers with active mirror changed: 0
2026-09-24 23:01:28.119   ├─ 📋 Watchers with filter mirror list changed: 0
2026-09-24 23:01:28.119   ├─ 🚩 Pattern→non-pattern: 1
2026-09-24 23:01:28.119   └─ Unchanged watchers: 23
2026-09-24 23:01:28.119  🚨  Failed: 22
2026-09-24 23:01:28.119   ├─ including antibot blocked: 4
2026-09-24 23:01:28.119   └─ Network problems or dead: 18
2026-09-24 23:01:28.119 
2026-09-24 23:01:28.119 Problems:
2026-09-24 23:01:28.119  🚨 Errors (no replacements made):
2026-09-24 23:01:28.119      - zonatmo.to [https://zonatmo.to]: Timeout (10000ms) [code=23]: The operation was aborted due to timeout (21.06s)
2026-09-24 23:01:28.119      - Dead site test - deadexample24.com [https://deadexample24.com]: DNS resolution failed (0.05s)
2026-09-24 23:01:28.119      - Test Probe Fail - example.org [https://example.org]: Content probe failed (0.25s)
2026-09-24 23:01:28.119      - Frequently changed domains — belestepe*.sbs — Belestepe [https://belestepe635.sbs]: Timeout (10000ms) [code=23]: The operation was aborted due to timeout (21.09s)
2026-09-24 23:01:28.119      - Frequently changed domains — dizipal*.com — Dizipal [https://dizipal2127.com]: Antibot detected: 403 or __cf_chl_tk in URL (0.29s)
2026-09-24 23:01:28.119      - Frequently changed domains — zeusdizi*.com [https://zeusdizi32.com]: Antibot detected: 403 or __cf_chl_tk in URL (27.74s)
2026-09-24 23:01:28.119      - Frequently changed domains — netsportv*.top [https://www.netsportv264.top/]: Antibot detected: 403 or __cf_chl_tk in URL (1.49s)
2026-09-24 23:01:28.119      - Frequently changed domains — zeustv*.com [https://zeustv243.com]: DNS resolution failed (0.25s)
2026-09-24 23:01:28.119      - Frequently changed domains — xsportv*.xyz [https://www.xsportv-21ee22f79d.xyz]: Non-success status: 404 (0.84s)
2026-09-24 23:01:28.119      - Frequently changed domains — seyirspor*.com [https://seyirspor17.com]: DNS resolution failed (0.18s)
2026-09-24 23:01:28.119      - Frequently changed domains — lorabettvhd*.shop [https://lorabettvhd80.shop]: DNS resolution failed (0.27s)
2026-09-24 23:01:28.119      - Frequently changed domains — bosssports*.com [https://bosssports612.com]: Timeout (10000ms) [code=23]: The operation was aborted due to timeout (21.07s)
2026-09-24 23:01:28.119      - Frequently changed domains — Kralsports HD [https://kralsportshd7.com]: DNS resolution failed (0.02s)
2026-09-24 23:01:28.119      - Frequently changed domains — rotabettv*.com [https://rotabettv516.com]: Timeout (10000ms) [code=23]: The operation was aborted due to timeout (21.03s)
2026-09-24 23:01:28.119      - Frequently changed domains — betivotv*.com [https://betivotv157.com]: Non-success status: 404 (1.54s)
2026-09-24 23:01:28.119      - Frequently changed domains — Saha TV [https://sahatv2.top]: DNS resolution failed (0.24s)
2026-09-24 23:01:28.119      - Frequently changed domains — YavasGir [https://yavasgir136.live]: Antibot detected: 403 or __cf_chl_tk in URL (0.81s)
2026-09-24 23:01:28.119      - piabettv14.live [https://piabettv21.live]: Timeout (10000ms) [code=23]: The operation was aborted due to timeout (21.08s)
2026-09-24 23:01:28.119      - restmacizle23.cfd [https://patronspor.is/]: Skipped by skip_text: "https://patronspor.is/?s={search_term_string}" (1.58s)
2026-09-24 23:01:28.119      - hepbetspor [https://patronspor.is/]: Skipped by skip_text: "https://patronspor.is/?s={search_term_string}" (1.03s)
2026-09-24 23:01:28.119      - torrentsee [https://torrentsee362.com]: Connection reset [code=ECONNRESET]: fetch failed (5.14s)
2026-09-24 23:01:28.119      - woe.sx [https://voe.sx/e/nemg6vqtnrkf]: Non-success status: 404 (1.09s)
2026-09-24 23:01:28.119  🚩  Changed pattern → non-pattern domains:
2026-09-24 23:01:28.119      Frequently changed domains — sporcafe*.xyz — Spor Cafe: Pattern domain redirected to non-pattern (www.sporcafe-0c2608ad69.xyz → www.sporcafe-0c2608ad69.xyz) - filter not updated, waiting for new pattern domain
2026-09-24 23:01:28.119  ⚠️  Warnings:
2026-09-24 23:01:28.119      - Dead site test - deadexample24.com: Failed for 215 days - consider removing from filters
2026-09-24 23:01:28.119      - Test Probe Fail - example.org: Failed for 215 days - consider removing from filters
2026-09-24 23:01:28.119      - Frequently changed domains — dizipal*.com — Dizipal: Failed for 16 days - consider removing from filters
2026-09-24 23:01:28.119      - Frequently changed domains — zeusdizi*.com: Failed for 149 days - consider removing from filters
2026-09-24 23:01:28.119      - Frequently changed domains — netsportv*.top: Failed for 140 days - consider removing from filters
2026-09-24 23:01:28.119      - Frequently changed domains — zeustv*.com: Failed for 174 days - consider removing from filters
2026-09-24 23:01:28.119      - Frequently changed domains — xsportv*.xyz: Failed for 192 days - consider removing from filters
2026-09-24 23:01:28.119      - Frequently changed domains — seyirspor*.com: Failed for 161 days - consider removing from filters
2026-09-24 23:01:28.119      - Frequently changed domains — lorabettvhd*.shop: Failed for 215 days - consider removing from filters
2026-09-24 23:01:28.119      - Frequently changed domains — bosssports*.com: Failed for 92 days - consider removing from filters
2026-09-24 23:01:28.119      - Frequently changed domains — betivotv*.com: Failed for 37 days - consider removing from filters
2026-09-24 23:01:28.119      - Frequently changed domains — Saha TV: Failed for 176 days - consider removing from filters
2026-09-24 23:01:28.119      - Frequently changed domains — YavasGir: Failed for 64 days - consider removing from filters
2026-09-24 23:01:28.119      - piabettv14.live: Failed for 44 days - consider removing from filters
2026-09-24 23:01:28.119      - restmacizle23.cfd: Failed for 190 days - consider removing from filters
2026-09-24 23:01:28.119      - hepbetspor: Failed for 212 days - consider removing from filters
2026-09-24 23:01:28.119      - woe.sx: Failed for 123 days - consider removing from filters
2026-09-24 23:01:28.119 
2026-09-24 23:01:28.119 Total phase time: 70.394s
2026-09-24 23:01:28.119 
2026-09-24 23:01:28.119 Unchanged watchers:
                        ww0.jmanga.cash (jmanga.actor), Test Probe Success - example.de (example.de), Frequently changed domains — sporcafe*.xyz — Spor Cafe (www.sporcafe-0c2608ad69.xyz), Frequently changed domains — turkifsaclub*.sbs (turkifsaclub206.sbs), turkifsaclub-12.sbs (turkifsaclub206.sbs), Frequently changed domains — gobtv*.com (gobtv27.com), Frequently changed domains — trgooltv*.top (trgooltv69.top), Frequently changed domains — vegatv*.shop (vegatv89.shop), Frequently changed domains — betmatiktv*.com (betmatiktv155.com), Frequently changed domains — acartv*.live (acartv107.live), Frequently changed domains — inattvizle*.top (www.inattvizle500.top), Frequently changed domains — otobettv*.com (otobettv84.com), Frequently changed domains — portobettv*.com (www.portobettv55.com), Frequently changed domains — kodtimetv*.com (kodtimetv33.com), amp-6392fa66a0.selcuksportshdamp-aa805a079c.click (amp-6392fa66a0.selcuksportshdamp-aa805a079c.click), dizigom104.com (www.alliance4creativity.com), sultansportv562.com (golvar566.sbs), taraftarium24.xyz (taraftarium24.xyz), www.selcuksportshd8443661f57.xyz (www.selcuksportshdbd813bd00f.xyz), www.taraftarium91.top (www.taraftarium210.top), patronspor04548a2wer45awes.cfd (raw.githack.com), gptgirlfriend.com (www.gptgirlfriend.online), Frequently changed domains — askimyavas*.com (askimyavas192.live)

2026-09-24 23:01:28.119 === Domains replacement summary ===
2026-09-24 23:01:28.119 Files scanned: 355
2026-09-24 23:01:28.119 Files modified: 0
2026-09-24 23:01:28.119 Total line edits: 0
2026-09-24 23:01:28.119 Total phase time: 1.388s
2026-09-24 23:01:28.119 ⬆️ ⬆️ ⬆️  ---=== Domains rotating summary ===---  ⬆️ ⬆️ ⬆️


2026-09-24 23:01:28.232 ⌛ Total execution time: 71.950s

⬇️ ⬇️ ⬇️  💡 💡 💡  Direct Commit Mode 💡 💡 💡  ⬇️ ⬇️ ⬇️
Target branch: master
Commit message:
Rotating Domains Checker: Updating domains

🔄  Watchers with active mirror changed: 0 (filter mirror cleanup only)
✅ Unchanged watchers:
     ww0.jmanga.cash (jmanga.actor), Test Probe Success - example.de (example.de), Frequently changed domains — sporcafe*.xyz — Spor Cafe (www.sporcafe-0c2608ad69.xyz), Frequently changed domains — turkifsaclub*.sbs (turkifsaclub206.sbs), turkifsaclub-12.sbs (turkifsaclub206.sbs), Frequently changed domains — gobtv*.com (gobtv27.com), Frequently changed domains — trgooltv*.top (trgooltv69.top), Frequently changed domains — vegatv*.shop (vegatv89.shop), Frequently changed domains — betmatiktv*.com (betmatiktv155.com), Frequently changed domains — acartv*.live (acartv107.live), Frequently changed domains — inattvizle*.top (www.inattvizle500.top), Frequently changed domains — otobettv*.com (otobettv84.com), Frequently changed domains — portobettv*.com (www.portobettv55.com), Frequently changed domains — kodtimetv*.com (kodtimetv33.com), amp-6392fa66a0.selcuksportshdamp-aa805a079c.click (amp-6392fa66a0.selcuksportshdamp-aa805a079c.click), dizigom104.com (www.alliance4creativity.com), sultansportv562.com (golvar566.sbs), taraftarium24.xyz (taraftarium24.xyz), www.selcuksportshd8443661f57.xyz (www.selcuksportshdbd813bd00f.xyz), www.taraftarium91.top (www.taraftarium210.top), patronspor04548a2wer45awes.cfd (raw.githack.com), gptgirlfriend.com (www.gptgirlfriend.online), Frequently changed domains — askimyavas*.com (askimyavas192.live)

🚨 Errors (no replacements made):
     - zonatmo.to [https://zonatmo.to]: Timeout (10000ms) [code=23]: The operation was aborted due to timeout (21.06s)
     - Dead site test - deadexample24.com [https://deadexample24.com]: DNS resolution failed (0.05s)
     - Test Probe Fail - example.org [https://example.org]: Content probe failed (0.25s)
     - Frequently changed domains — belestepe*.sbs — Belestepe [https://belestepe635.sbs]: Timeout (10000ms) [code=23]: The operation was aborted due to timeout (21.09s)
     - Frequently changed domains — dizipal*.com — Dizipal [https://dizipal2127.com]: Antibot detected: 403 or __cf_chl_tk in URL (0.29s)
     - Frequently changed domains — zeusdizi*.com [https://zeusdizi32.com]: Antibot detected: 403 or __cf_chl_tk in URL (27.74s)
     - Frequently changed domains — netsportv*.top [https://www.netsportv264.top/]: Antibot detected: 403 or __cf_chl_tk in URL (1.49s)
     - Frequently changed domains — zeustv*.com [https://zeustv243.com]: DNS resolution failed (0.25s)
     - Frequently changed domains — xsportv*.xyz [https://www.xsportv-21ee22f79d.xyz]: Non-success status: 404 (0.84s)
     - Frequently changed domains — seyirspor*.com [https://seyirspor17.com]: DNS resolution failed (0.18s)
     - Frequently changed domains — lorabettvhd*.shop [https://lorabettvhd80.shop]: DNS resolution failed (0.27s)
     - Frequently changed domains — bosssports*.com [https://bosssports612.com]: Timeout (10000ms) [code=23]: The operation was aborted due to timeout (21.07s)
     - Frequently changed domains — Kralsports HD [https://kralsportshd7.com]: DNS resolution failed (0.02s)
     - Frequently changed domains — rotabettv*.com [https://rotabettv516.com]: Timeout (10000ms) [code=23]: The operation was aborted due to timeout (21.03s)
     - Frequently changed domains — betivotv*.com [https://betivotv157.com]: Non-success status: 404 (1.54s)
     - Frequently changed domains — Saha TV [https://sahatv2.top]: DNS resolution failed (0.24s)
     - Frequently changed domains — YavasGir [https://yavasgir136.live]: Antibot detected: 403 or __cf_chl_tk in URL (0.81s)
     - piabettv14.live [https://piabettv21.live]: Timeout (10000ms) [code=23]: The operation was aborted due to timeout (21.08s)
     - restmacizle23.cfd [https://patronspor.is/]: Skipped by skip_text: "https://patronspor.is/?s={search_term_string}" (1.58s)
     - hepbetspor [https://patronspor.is/]: Skipped by skip_text: "https://patronspor.is/?s={search_term_string}" (1.03s)
     - torrentsee [https://torrentsee362.com]: Connection reset [code=ECONNRESET]: fetch failed (5.14s)
     - woe.sx [https://voe.sx/e/nemg6vqtnrkf]: Non-success status: 404 (1.09s)
🚩  Changed pattern → non-pattern domains:
     Frequently changed domains — sporcafe*.xyz — Spor Cafe: Pattern domain redirected to non-pattern (www.sporcafe-0c2608ad69.xyz → www.sporcafe-0c2608ad69.xyz) - filter not updated, waiting for new pattern domain



⚠️  Warnings:
     - Dead site test - deadexample24.com: Failed for 215 days - consider removing from filters
     - Test Probe Fail - example.org: Failed for 215 days - consider removing from filters
     - Frequently changed domains — dizipal*.com — Dizipal: Failed for 16 days - consider removing from filters
     - Frequently changed domains — zeusdizi*.com: Failed for 149 days - consider removing from filters
     - Frequently changed domains — netsportv*.top: Failed for 140 days - consider removing from filters
     - Frequently changed domains — zeustv*.com: Failed for 174 days - consider removing from filters
     - Frequently changed domains — xsportv*.xyz: Failed for 192 days - consider removing from filters
     - Frequently changed domains — seyirspor*.com: Failed for 161 days - consider removing from filters
     - Frequently changed domains — lorabettvhd*.shop: Failed for 215 days - consider removing from filters
     - Frequently changed domains — bosssports*.com: Failed for 92 days - consider removing from filters
     - Frequently changed domains — betivotv*.com: Failed for 37 days - consider removing from filters
     - Frequently changed domains — Saha TV: Failed for 176 days - consider removing from filters
     - Frequently changed domains — YavasGir: Failed for 64 days - consider removing from filters
     - piabettv14.live: Failed for 44 days - consider removing from filters
     - restmacizle23.cfd: Failed for 190 days - consider removing from filters
     - hepbetspor: Failed for 212 days - consider removing from filters
     - woe.sx: Failed for 123 days - consider removing from filters


📋  View detailed log: https://github.com/Alex-302/AdguardFilters/actions/runs/36070471131#artifacts
⬆️ ⬆️ ⬆️  💡 💡 💡  Direct Commit Mode 💡 💡 💡  ⬆️ ⬆️ ⬆️


================================================================================
Run: 2026-09-25 09:24:07.278
================================================================================

2026-09-25 09:22:57.611 Rotating Domains Checker v1.5.1 - WRITE mode
2026-09-25 09:22:57.612 Test filters dir: NO
2026-09-25 09:22:57.612 Target repo path: ./
2026-09-25 09:22:57.612 Sites to check: 47

2026-09-25 09:24:07.153 ⬇️ ⬇️ ⬇️  ---=== Domains rotating summary ===---  ⬇️ ⬇️ ⬇️
2026-09-25 09:24:07.153   Total sites: 47
2026-09-25 09:24:07.153   ├─ Checked sites: 47
2026-09-25 09:24:07.154   ├─ 🔄 Watchers with active mirror changed: 0
2026-09-25 09:24:07.154   ├─ 📋 Watchers with filter mirror list changed: 0
2026-09-25 09:24:07.154   ├─ 🚩 Pattern→non-pattern: 1
2026-09-25 09:24:07.154   └─ Unchanged watchers: 24
2026-09-25 09:24:07.154  🚨  Failed: 21
2026-09-25 09:24:07.154   ├─ including antibot blocked: 4
2026-09-25 09:24:07.154   └─ Network problems or dead: 17
2026-09-25 09:24:07.154 
2026-09-25 09:24:07.154 Problems:
2026-09-25 09:24:07.154  🚨 Errors (no replacements made):
2026-09-25 09:24:07.154      - zonatmo.to [https://zonatmo.to]: Timeout (10000ms) [code=23]: The operation was aborted due to timeout (21.04s)
2026-09-25 09:24:07.154      - Dead site test - deadexample24.com [https://deadexample24.com]: DNS resolution failed (0.05s)
2026-09-25 09:24:07.154      - Test Probe Fail - example.org [https://example.org]: Content probe failed (0.14s)
2026-09-25 09:24:07.154      - Frequently changed domains — belestepe*.sbs — Belestepe [https://belestepe635.sbs]: Timeout (10000ms) [code=23]: The operation was aborted due to timeout (21.08s)
2026-09-25 09:24:07.154      - Frequently changed domains — dizipal*.com — Dizipal [https://dizipal2127.com]: Antibot detected: 403 or __cf_chl_tk in URL (0.40s)
2026-09-25 09:24:07.154      - Frequently changed domains — zeusdizi*.com [https://zeusdizi32.com]: Antibot detected: 403 or __cf_chl_tk in URL (24.73s)
2026-09-25 09:24:07.154      - Frequently changed domains — netsportv*.top [https://www.netsportv264.top/]: Antibot detected: 403 or __cf_chl_tk in URL (1.33s)
2026-09-25 09:24:07.154      - Frequently changed domains — zeustv*.com [https://zeustv243.com]: DNS resolution failed (0.24s)
2026-09-25 09:24:07.154      - Frequently changed domains — xsportv*.xyz [https://www.xsportv-21ee22f79d.xyz]: Non-success status: 404 (0.70s)
2026-09-25 09:24:07.154      - Frequently changed domains — seyirspor*.com [https://seyirspor17.com]: DNS resolution failed (0.16s)
2026-09-25 09:24:07.154      - Frequently changed domains — lorabettvhd*.shop [https://lorabettvhd80.shop]: DNS resolution failed (0.04s)
2026-09-25 09:24:07.154      - Frequently changed domains — bosssports*.com [https://bosssports612.com]: Timeout (10000ms) [code=23]: The operation was aborted due to timeout (21.05s)
2026-09-25 09:24:07.154      - Frequently changed domains — Kralsports HD [https://kralsportshd7.com]: DNS resolution failed (0.02s)
2026-09-25 09:24:07.154      - Frequently changed domains — rotabettv*.com [https://rotabettv516.com]: Timeout (10000ms) [code=23]: The operation was aborted due to timeout (21.05s)
2026-09-25 09:24:07.154      - Frequently changed domains — betivotv*.com [https://betivotv157.com]: Non-success status: 404 (1.10s)
2026-09-25 09:24:07.154      - Frequently changed domains — Saha TV [https://sahatv2.top]: DNS resolution failed (0.07s)
2026-09-25 09:24:07.154      - Frequently changed domains — YavasGir [https://yavasgir136.live]: Antibot detected: 403 or __cf_chl_tk in URL (0.55s)
2026-09-25 09:24:07.154      - piabettv14.live [https://piabettv21.live]: Timeout (10000ms) [code=23]: The operation was aborted due to timeout (21.05s)
2026-09-25 09:24:07.154      - restmacizle23.cfd [https://patronspor.is/]: Skipped by skip_text: "https://patronspor.is/?s={search_term_string}" (1.60s)
2026-09-25 09:24:07.154      - hepbetspor [https://patronspor.is/]: Skipped by skip_text: "https://patronspor.is/?s={search_term_string}" (1.27s)
2026-09-25 09:24:07.154      - woe.sx [https://voe.sx/e/nemg6vqtnrkf]: Non-success status: 404 (1.04s)
2026-09-25 09:24:07.154  🚩  Changed pattern → non-pattern domains:
2026-09-25 09:24:07.154      Frequently changed domains — sporcafe*.xyz — Spor Cafe: Pattern domain redirected to non-pattern (www.sporcafe-0c2608ad69.xyz → www.sporcafe-0c2608ad69.xyz) - filter not updated, waiting for new pattern domain
2026-09-25 09:24:07.154  ⚠️  Warnings:
2026-09-25 09:24:07.154      - Dead site test - deadexample24.com: Failed for 215 days - consider removing from filters
2026-09-25 09:24:07.154      - Test Probe Fail - example.org: Failed for 215 days - consider removing from filters
2026-09-25 09:24:07.154      - Frequently changed domains — dizipal*.com — Dizipal: Failed for 17 days - consider removing from filters
2026-09-25 09:24:07.154      - Frequently changed domains — zeusdizi*.com: Failed for 149 days - consider removing from filters
2026-09-25 09:24:07.154      - Frequently changed domains — netsportv*.top: Failed for 140 days - consider removing from filters
2026-09-25 09:24:07.154      - Frequently changed domains — zeustv*.com: Failed for 174 days - consider removing from filters
2026-09-25 09:24:07.154      - Frequently changed domains — xsportv*.xyz: Failed for 192 days - consider removing from filters
2026-09-25 09:24:07.154      - Frequently changed domains — seyirspor*.com: Failed for 161 days - consider removing from filters
2026-09-25 09:24:07.154      - Frequently changed domains — lorabettvhd*.shop: Failed for 215 days - consider removing from filters
2026-09-25 09:24:07.154      - Frequently changed domains — bosssports*.com: Failed for 92 days - consider removing from filters
2026-09-25 09:24:07.154      - Frequently changed domains — betivotv*.com: Failed for 38 days - consider removing from filters
2026-09-25 09:24:07.154      - Frequently changed domains — Saha TV: Failed for 176 days - consider removing from filters
2026-09-25 09:24:07.154      - Frequently changed domains — YavasGir: Failed for 65 days - consider removing from filters
2026-09-25 09:24:07.154      - piabettv14.live: Failed for 44 days - consider removing from filters
2026-09-25 09:24:07.154      - restmacizle23.cfd: Failed for 191 days - consider removing from filters
2026-09-25 09:24:07.154      - hepbetspor: Failed for 213 days - consider removing from filters
2026-09-25 09:24:07.154      - woe.sx: Failed for 123 days - consider removing from filters
2026-09-25 09:24:07.154 
2026-09-25 09:24:07.154 Total phase time: 67.604s
2026-09-25 09:24:07.154 
2026-09-25 09:24:07.154 Unchanged watchers:
                        ww0.jmanga.cash (jmanga.actor), Test Probe Success - example.de (example.de), Frequently changed domains — sporcafe*.xyz — Spor Cafe (www.sporcafe-0c2608ad69.xyz), Frequently changed domains — turkifsaclub*.sbs (turkifsaclub206.sbs), turkifsaclub-12.sbs (turkifsaclub206.sbs), Frequently changed domains — gobtv*.com (gobtv27.com), Frequently changed domains — trgooltv*.top (trgooltv69.top), Frequently changed domains — vegatv*.shop (vegatv89.shop), Frequently changed domains — betmatiktv*.com (betmatiktv155.com), Frequently changed domains — acartv*.live (acartv107.live), Frequently changed domains — inattvizle*.top (www.inattvizle500.top), Frequently changed domains — otobettv*.com (otobettv84.com), Frequently changed domains — portobettv*.com (www.portobettv55.com), Frequently changed domains — kodtimetv*.com (kodtimetv33.com), amp-6392fa66a0.selcuksportshdamp-aa805a079c.click (amp-6392fa66a0.selcuksportshdamp-aa805a079c.click), dizigom104.com (www.alliance4creativity.com), sultansportv562.com (golvar566.sbs), taraftarium24.xyz (taraftarium24.xyz), www.selcuksportshd8443661f57.xyz (www.selcuksportshdbd813bd00f.xyz), www.taraftarium91.top (www.taraftarium210.top), patronspor04548a2wer45awes.cfd (raw.githack.com), torrentsee (torrentsee362.com), gptgirlfriend.com (www.gptgirlfriend.online), Frequently changed domains — askimyavas*.com (askimyavas192.live)

2026-09-25 09:24:07.154 === Domains replacement summary ===
2026-09-25 09:24:07.154 Files scanned: 355
2026-09-25 09:24:07.155 Files modified: 0
2026-09-25 09:24:07.155 Total line edits: 0
2026-09-25 09:24:07.155 Total phase time: 1.933s
2026-09-25 09:24:07.155 ⬆️ ⬆️ ⬆️  ---=== Domains rotating summary ===---  ⬆️ ⬆️ ⬆️


2026-09-25 09:24:07.276 ⌛ Total execution time: 69.716s

⬇️ ⬇️ ⬇️  💡 💡 💡  Direct Commit Mode 💡 💡 💡  ⬇️ ⬇️ ⬇️
Target branch: master
Commit message:
Rotating Domains Checker: Updating domains

🔄  Watchers with active mirror changed: 0 (filter mirror cleanup only)
✅ Unchanged watchers:
     ww0.jmanga.cash (jmanga.actor), Test Probe Success - example.de (example.de), Frequently changed domains — sporcafe*.xyz — Spor Cafe (www.sporcafe-0c2608ad69.xyz), Frequently changed domains — turkifsaclub*.sbs (turkifsaclub206.sbs), turkifsaclub-12.sbs (turkifsaclub206.sbs), Frequently changed domains — gobtv*.com (gobtv27.com), Frequently changed domains — trgooltv*.top (trgooltv69.top), Frequently changed domains — vegatv*.shop (vegatv89.shop), Frequently changed domains — betmatiktv*.com (betmatiktv155.com), Frequently changed domains — acartv*.live (acartv107.live), Frequently changed domains — inattvizle*.top (www.inattvizle500.top), Frequently changed domains — otobettv*.com (otobettv84.com), Frequently changed domains — portobettv*.com (www.portobettv55.com), Frequently changed domains — kodtimetv*.com (kodtimetv33.com), amp-6392fa66a0.selcuksportshdamp-aa805a079c.click (amp-6392fa66a0.selcuksportshdamp-aa805a079c.click), dizigom104.com (www.alliance4creativity.com), sultansportv562.com (golvar566.sbs), taraftarium24.xyz (taraftarium24.xyz), www.selcuksportshd8443661f57.xyz (www.selcuksportshdbd813bd00f.xyz), www.taraftarium91.top (www.taraftarium210.top), patronspor04548a2wer45awes.cfd (raw.githack.com), torrentsee (torrentsee362.com), gptgirlfriend.com (www.gptgirlfriend.online), Frequently changed domains — askimyavas*.com (askimyavas192.live)

🚨 Errors (no replacements made):
     - zonatmo.to [https://zonatmo.to]: Timeout (10000ms) [code=23]: The operation was aborted due to timeout (21.04s)
     - Dead site test - deadexample24.com [https://deadexample24.com]: DNS resolution failed (0.05s)
     - Test Probe Fail - example.org [https://example.org]: Content probe failed (0.14s)
     - Frequently changed domains — belestepe*.sbs — Belestepe [https://belestepe635.sbs]: Timeout (10000ms) [code=23]: The operation was aborted due to timeout (21.08s)
     - Frequently changed domains — dizipal*.com — Dizipal [https://dizipal2127.com]: Antibot detected: 403 or __cf_chl_tk in URL (0.40s)
     - Frequently changed domains — zeusdizi*.com [https://zeusdizi32.com]: Antibot detected: 403 or __cf_chl_tk in URL (24.73s)
     - Frequently changed domains — netsportv*.top [https://www.netsportv264.top/]: Antibot detected: 403 or __cf_chl_tk in URL (1.33s)
     - Frequently changed domains — zeustv*.com [https://zeustv243.com]: DNS resolution failed (0.24s)
     - Frequently changed domains — xsportv*.xyz [https://www.xsportv-21ee22f79d.xyz]: Non-success status: 404 (0.70s)
     - Frequently changed domains — seyirspor*.com [https://seyirspor17.com]: DNS resolution failed (0.16s)
     - Frequently changed domains — lorabettvhd*.shop [https://lorabettvhd80.shop]: DNS resolution failed (0.04s)
     - Frequently changed domains — bosssports*.com [https://bosssports612.com]: Timeout (10000ms) [code=23]: The operation was aborted due to timeout (21.05s)
     - Frequently changed domains — Kralsports HD [https://kralsportshd7.com]: DNS resolution failed (0.02s)
     - Frequently changed domains — rotabettv*.com [https://rotabettv516.com]: Timeout (10000ms) [code=23]: The operation was aborted due to timeout (21.05s)
     - Frequently changed domains — betivotv*.com [https://betivotv157.com]: Non-success status: 404 (1.10s)
     - Frequently changed domains — Saha TV [https://sahatv2.top]: DNS resolution failed (0.07s)
     - Frequently changed domains — YavasGir [https://yavasgir136.live]: Antibot detected: 403 or __cf_chl_tk in URL (0.55s)
     - piabettv14.live [https://piabettv21.live]: Timeout (10000ms) [code=23]: The operation was aborted due to timeout (21.05s)
     - restmacizle23.cfd [https://patronspor.is/]: Skipped by skip_text: "https://patronspor.is/?s={search_term_string}" (1.60s)
     - hepbetspor [https://patronspor.is/]: Skipped by skip_text: "https://patronspor.is/?s={search_term_string}" (1.27s)
     - woe.sx [https://voe.sx/e/nemg6vqtnrkf]: Non-success status: 404 (1.04s)
🚩  Changed pattern → non-pattern domains:
     Frequently changed domains — sporcafe*.xyz — Spor Cafe: Pattern domain redirected to non-pattern (www.sporcafe-0c2608ad69.xyz → www.sporcafe-0c2608ad69.xyz) - filter not updated, waiting for new pattern domain



⚠️  Warnings:
     - Dead site test - deadexample24.com: Failed for 215 days - consider removing from filters
     - Test Probe Fail - example.org: Failed for 215 days - consider removing from filters
     - Frequently changed domains — dizipal*.com — Dizipal: Failed for 17 days - consider removing from filters
     - Frequently changed domains — zeusdizi*.com: Failed for 149 days - consider removing from filters
     - Frequently changed domains — netsportv*.top: Failed for 140 days - consider removing from filters
     - Frequently changed domains — zeustv*.com: Failed for 174 days - consider removing from filters
     - Frequently changed domains — xsportv*.xyz: Failed for 192 days - consider removing from filters
     - Frequently changed domains — seyirspor*.com: Failed for 161 days - consider removing from filters
     - Frequently changed domains — lorabettvhd*.shop: Failed for 215 days - consider removing from filters
     - Frequently changed domains — bosssports*.com: Failed for 92 days - consider removing from filters
     - Frequently changed domains — betivotv*.com: Failed for 38 days - consider removing from filters
     - Frequently changed domains — Saha TV: Failed for 176 days - consider removing from filters
     - Frequently changed domains — YavasGir: Failed for 65 days - consider removing from filters
     - piabettv14.live: Failed for 44 days - consider removing from filters
     - restmacizle23.cfd: Failed for 191 days - consider removing from filters
     - hepbetspor: Failed for 213 days - consider removing from filters
     - woe.sx: Failed for 123 days - consider removing from filters


📋  View detailed log: https://github.com/Alex-302/AdguardFilters/actions/runs/36118098405#artifacts
⬆️ ⬆️ ⬆️  💡 💡 💡  Direct Commit Mode 💡 💡 💡  ⬆️ ⬆️ ⬆️


================================================================================
Run: 2026-09-25 16:08:51.576
================================================================================

2026-09-25 16:07:41.648 Rotating Domains Checker v1.4.2 - WRITE mode
2026-09-25 16:07:41.650 Test filters dir: NO
2026-09-25 16:07:41.650 Target repo path: ./
2026-09-25 16:07:41.650 Sites to check: 47

2026-09-25 16:08:49.349 
                      Redirected domains 
╔════════════════════════════════════════════════╤═════════════════════╤═════════════════════╤═══════╗
║ Site                                           │ From                │ To                  │ Time  ║
╟────────────────────────────────────────────────┼─────────────────────┼─────────────────────┼───────╢
║ Frequently changed domains — turkifsaclub*.sbs │ turkifsaclub206.sbs │ turkifsaclub207.sbs │ 2.09s ║
║ turkifsaclub-12.sbs                            │ turkifsaclub206.sbs │ turkifsaclub207.sbs │ 2.66s ║
║ Frequently changed domains — askimyavas*.com   │ askimyavas192.live  │ askimyavas193.live  │ 2.15s ║
╚════════════════════════════════════════════════╧═════════════════════╧═════════════════════╧═══════╝

2026-09-25 16:08:51.454 ⬇️ ⬇️ ⬇️  ---=== Domains rotating summary ===---  ⬇️ ⬇️ ⬇️
2026-09-25 16:08:51.454   Total sites: 47
2026-09-25 16:08:51.454   ├─ Checked sites: 47
2026-09-25 16:08:51.454   ├─ 🔄 Watchers with active mirror changed: 3
2026-09-25 16:08:51.454   ├─ 📋 Watchers with filter mirror list changed: 0
2026-09-25 16:08:51.454   ├─ 🚩 Pattern→non-pattern: 1
2026-09-25 16:08:51.454   └─ Unchanged watchers: 21
2026-09-25 16:08:51.454  🚨  Failed: 21
2026-09-25 16:08:51.454   ├─ including antibot blocked: 4
2026-09-25 16:08:51.454   └─ Network problems or dead: 17
2026-09-25 16:08:51.454 
2026-09-25 16:08:51.454 Problems:
2026-09-25 16:08:51.454  🚨 Errors (no replacements made):
2026-09-25 16:08:51.454      - zonatmo.to [https://zonatmo.to]: Timeout (10000ms) [code=23]: The operation was aborted due to timeout (21.05s)
2026-09-25 16:08:51.454      - Dead site test - deadexample24.com [https://deadexample24.com]: DNS resolution failed (0.06s)
2026-09-25 16:08:51.454      - Test Probe Fail - example.org [https://example.org]: Content probe failed (0.26s)
2026-09-25 16:08:51.454      - Frequently changed domains — belestepe*.sbs — Belestepe [https://belestepe635.sbs]: Non-success status: 523 (6.65s)
2026-09-25 16:08:51.454      - Frequently changed domains — dizipal*.com — Dizipal [https://dizipal2127.com]: Antibot detected: 403 or __cf_chl_tk in URL (0.36s)
2026-09-25 16:08:51.454      - Frequently changed domains — zeusdizi*.com [https://zeusdizi32.com]: Antibot detected: 403 or __cf_chl_tk in URL (26.23s)
2026-09-25 16:08:51.454      - Frequently changed domains — netsportv*.top [https://www.netsportv264.top/]: Antibot detected: 403 or __cf_chl_tk in URL (1.69s)
2026-09-25 16:08:51.454      - Frequently changed domains — zeustv*.com [https://zeustv243.com]: DNS resolution failed (0.25s)
2026-09-25 16:08:51.454      - Frequently changed domains — xsportv*.xyz [https://www.xsportv-21ee22f79d.xyz]: Non-success status: 404 (0.91s)
2026-09-25 16:08:51.454      - Frequently changed domains — seyirspor*.com [https://seyirspor17.com]: DNS resolution failed (0.12s)
2026-09-25 16:08:51.454      - Frequently changed domains — lorabettvhd*.shop [https://lorabettvhd80.shop]: DNS resolution failed (0.06s)
2026-09-25 16:08:51.454      - Frequently changed domains — bosssports*.com [https://bosssports612.com]: Non-success status: 523 (3.49s)
2026-09-25 16:08:51.454      - Frequently changed domains — Kralsports HD [https://kralsportshd7.com]: DNS resolution failed (0.03s)
2026-09-25 16:08:51.454      - Frequently changed domains — rotabettv*.com [https://rotabettv516.com]: Non-success status: 523 (3.29s)
2026-09-25 16:08:51.454      - Frequently changed domains — betivotv*.com [https://betivotv157.com]: Non-success status: 404 (1.91s)
2026-09-25 16:08:51.454      - Frequently changed domains — Saha TV [https://sahatv2.top]: DNS resolution failed (0.23s)
2026-09-25 16:08:51.454      - Frequently changed domains — YavasGir [https://yavasgir136.live]: Antibot detected: 403 or __cf_chl_tk in URL (0.70s)
2026-09-25 16:08:51.454      - piabettv14.live [https://piabettv21.live]: Timeout (10000ms) [code=23]: The operation was aborted due to timeout (21.06s)
2026-09-25 16:08:51.454      - restmacizle23.cfd [https://patronspor.is/]: Skipped by skip_text: "https://patronspor.is/?s={search_term_string}" (1.49s)
2026-09-25 16:08:51.454      - hepbetspor [https://patronspor.is/]: Skipped by skip_text: "https://patronspor.is/?s={search_term_string}" (1.32s)
2026-09-25 16:08:51.454      - woe.sx [https://voe.sx/e/nemg6vqtnrkf]: Non-success status: 404 (1.29s)
2026-09-25 16:08:51.455  🚩  Changed pattern → non-pattern domains:
2026-09-25 16:08:51.455      Frequently changed domains — sporcafe*.xyz — Spor Cafe: Pattern domain redirected to non-pattern (www.sporcafe-0c2608ad69.xyz → www.sporcafe-0c2608ad69.xyz) - filter not updated, waiting for new pattern domain
2026-09-25 16:08:51.455  ⚠️  Warnings:
2026-09-25 16:08:51.455      - Dead site test - deadexample24.com: Failed for 215 days - consider removing from filters
2026-09-25 16:08:51.455      - Test Probe Fail - example.org: Failed for 215 days - consider removing from filters
2026-09-25 16:08:51.455      - Frequently changed domains — dizipal*.com — Dizipal: Failed for 17 days - consider removing from filters
2026-09-25 16:08:51.455      - Frequently changed domains — zeusdizi*.com: Failed for 149 days - consider removing from filters
2026-09-25 16:08:51.455      - Frequently changed domains — netsportv*.top: Failed for 140 days - consider removing from filters
2026-09-25 16:08:51.455      - Frequently changed domains — zeustv*.com: Failed for 174 days - consider removing from filters
2026-09-25 16:08:51.455      - Frequently changed domains — xsportv*.xyz: Failed for 193 days - consider removing from filters
2026-09-25 16:08:51.455      - Frequently changed domains — seyirspor*.com: Failed for 161 days - consider removing from filters
2026-09-25 16:08:51.455      - Frequently changed domains — lorabettvhd*.shop: Failed for 215 days - consider removing from filters
2026-09-25 16:08:51.455      - Frequently changed domains — bosssports*.com: Failed for 93 days - consider removing from filters
2026-09-25 16:08:51.455      - Frequently changed domains — betivotv*.com: Failed for 38 days - consider removing from filters
2026-09-25 16:08:51.455      - Frequently changed domains — Saha TV: Failed for 176 days - consider removing from filters
2026-09-25 16:08:51.455      - Frequently changed domains — YavasGir: Failed for 65 days - consider removing from filters
2026-09-25 16:08:51.455      - piabettv14.live: Failed for 45 days - consider removing from filters
2026-09-25 16:08:51.455      - restmacizle23.cfd: Failed for 191 days - consider removing from filters
2026-09-25 16:08:51.455      - hepbetspor: Failed for 213 days - consider removing from filters
2026-09-25 16:08:51.455      - woe.sx: Failed for 123 days - consider removing from filters
2026-09-25 16:08:51.455 
2026-09-25 16:08:51.455 Total phase time: 67.690s
2026-09-25 16:08:51.455 
2026-09-25 16:08:51.455 Unchanged watchers:
                        ww0.jmanga.cash (jmanga.actor), Test Probe Success - example.de (example.de), Frequently changed domains — sporcafe*.xyz — Spor Cafe (www.sporcafe-0c2608ad69.xyz), Frequently changed domains — gobtv*.com (gobtv27.com), Frequently changed domains — trgooltv*.top (trgooltv69.top), Frequently changed domains — vegatv*.shop (vegatv89.shop), Frequently changed domains — betmatiktv*.com (betmatiktv155.com), Frequently changed domains — acartv*.live (acartv107.live), Frequently changed domains — inattvizle*.top (www.inattvizle500.top), Frequently changed domains — otobettv*.com (otobettv84.com), Frequently changed domains — portobettv*.com (www.portobettv55.com), Frequently changed domains — kodtimetv*.com (kodtimetv33.com), amp-6392fa66a0.selcuksportshdamp-aa805a079c.click (amp-6392fa66a0.selcuksportshdamp-aa805a079c.click), dizigom104.com (www.alliance4creativity.com), sultansportv562.com (golvar566.sbs), taraftarium24.xyz (taraftarium24.xyz), www.selcuksportshd8443661f57.xyz (www.selcuksportshdbd813bd00f.xyz), www.taraftarium91.top (www.taraftarium210.top), patronspor04548a2wer45awes.cfd (raw.githack.com), torrentsee (torrentsee362.com), gptgirlfriend.com (www.gptgirlfriend.online)

2026-09-25 16:08:51.455 === Domains replacement summary ===
2026-09-25 16:08:51.455 Files scanned: 355
2026-09-25 16:08:51.455 Files modified: 1
2026-09-25 16:08:51.455 Total line edits: 5
2026-09-25 16:08:51.455 Total phase time: 2.112s
2026-09-25 16:08:51.455 ⬆️ ⬆️ ⬆️  ---=== Domains rotating summary ===---  ⬆️ ⬆️ ⬆️


2026-09-25 16:08:51.573 ⌛ Total execution time: 69.970s

⬇️ ⬇️ ⬇️  💡 💡 💡  Direct Commit Mode 💡 💡 💡  ⬇️ ⬇️ ⬇️
Target branch: master
Commit message:
Rotating Domains Checker: Updating domains

🔄  Watchers with active mirror changed:

Frequently changed domains — turkifsaclub*.sbs   turkifsaclub206.sbs  → turkifsaclub207.sbs 
turkifsaclub-12.sbs                              turkifsaclub206.sbs  → turkifsaclub207.sbs 
Frequently changed domains — askimyavas*.com     askimyavas192.live   → askimyavas193.live  

✅ Unchanged watchers:
     ww0.jmanga.cash (jmanga.actor), Test Probe Success - example.de (example.de), Frequently changed domains — sporcafe*.xyz — Spor Cafe (www.sporcafe-0c2608ad69.xyz), Frequently changed domains — gobtv*.com (gobtv27.com), Frequently changed domains — trgooltv*.top (trgooltv69.top), Frequently changed domains — vegatv*.shop (vegatv89.shop), Frequently changed domains — betmatiktv*.com (betmatiktv155.com), Frequently changed domains — acartv*.live (acartv107.live), Frequently changed domains — inattvizle*.top (www.inattvizle500.top), Frequently changed domains — otobettv*.com (otobettv84.com), Frequently changed domains — portobettv*.com (www.portobettv55.com), Frequently changed domains — kodtimetv*.com (kodtimetv33.com), amp-6392fa66a0.selcuksportshdamp-aa805a079c.click (amp-6392fa66a0.selcuksportshdamp-aa805a079c.click), dizigom104.com (www.alliance4creativity.com), sultansportv562.com (golvar566.sbs), taraftarium24.xyz (taraftarium24.xyz), www.selcuksportshd8443661f57.xyz (www.selcuksportshdbd813bd00f.xyz), www.taraftarium91.top (www.taraftarium210.top), patronspor04548a2wer45awes.cfd (raw.githack.com), torrentsee (torrentsee362.com), gptgirlfriend.com (www.gptgirlfriend.online)

🚨 Errors (no replacements made):
     - zonatmo.to [https://zonatmo.to]: Timeout (10000ms) [code=23]: The operation was aborted due to timeout (21.05s)
     - Dead site test - deadexample24.com [https://deadexample24.com]: DNS resolution failed (0.06s)
     - Test Probe Fail - example.org [https://example.org]: Content probe failed (0.26s)
     - Frequently changed domains — belestepe*.sbs — Belestepe [https://belestepe635.sbs]: Non-success status: 523 (6.65s)
     - Frequently changed domains — dizipal*.com — Dizipal [https://dizipal2127.com]: Antibot detected: 403 or __cf_chl_tk in URL (0.36s)
     - Frequently changed domains — zeusdizi*.com [https://zeusdizi32.com]: Antibot detected: 403 or __cf_chl_tk in URL (26.23s)
     - Frequently changed domains — netsportv*.top [https://www.netsportv264.top/]: Antibot detected: 403 or __cf_chl_tk in URL (1.69s)
     - Frequently changed domains — zeustv*.com [https://zeustv243.com]: DNS resolution failed (0.25s)
     - Frequently changed domains — xsportv*.xyz [https://www.xsportv-21ee22f79d.xyz]: Non-success status: 404 (0.91s)
     - Frequently changed domains — seyirspor*.com [https://seyirspor17.com]: DNS resolution failed (0.12s)
     - Frequently changed domains — lorabettvhd*.shop [https://lorabettvhd80.shop]: DNS resolution failed (0.06s)
     - Frequently changed domains — bosssports*.com [https://bosssports612.com]: Non-success status: 523 (3.49s)
     - Frequently changed domains — Kralsports HD [https://kralsportshd7.com]: DNS resolution failed (0.03s)
     - Frequently changed domains — rotabettv*.com [https://rotabettv516.com]: Non-success status: 523 (3.29s)
     - Frequently changed domains — betivotv*.com [https://betivotv157.com]: Non-success status: 404 (1.91s)
     - Frequently changed domains — Saha TV [https://sahatv2.top]: DNS resolution failed (0.23s)
     - Frequently changed domains — YavasGir [https://yavasgir136.live]: Antibot detected: 403 or __cf_chl_tk in URL (0.70s)
     - piabettv14.live [https://piabettv21.live]: Timeout (10000ms) [code=23]: The operation was aborted due to timeout (21.06s)
     - restmacizle23.cfd [https://patronspor.is/]: Skipped by skip_text: "https://patronspor.is/?s={search_term_string}" (1.49s)
     - hepbetspor [https://patronspor.is/]: Skipped by skip_text: "https://patronspor.is/?s={search_term_string}" (1.32s)
     - woe.sx [https://voe.sx/e/nemg6vqtnrkf]: Non-success status: 404 (1.29s)
🚩  Changed pattern → non-pattern domains:
     Frequently changed domains — sporcafe*.xyz — Spor Cafe: Pattern domain redirected to non-pattern (www.sporcafe-0c2608ad69.xyz → www.sporcafe-0c2608ad69.xyz) - filter not updated, waiting for new pattern domain



⚠️  Warnings:
     - Dead site test - deadexample24.com: Failed for 215 days - consider removing from filters
     - Test Probe Fail - example.org: Failed for 215 days - consider removing from filters
     - Frequently changed domains — dizipal*.com — Dizipal: Failed for 17 days - consider removing from filters
     - Frequently changed domains — zeusdizi*.com: Failed for 149 days - consider removing from filters
     - Frequently changed domains — netsportv*.top: Failed for 140 days - consider removing from filters
     - Frequently changed domains — zeustv*.com: Failed for 174 days - consider removing from filters
     - Frequently changed domains — xsportv*.xyz: Failed for 193 days - consider removing from filters
     - Frequently changed domains — seyirspor*.com: Failed for 161 days - consider removing from filters
     - Frequently changed domains — lorabettvhd*.shop: Failed for 215 days - consider removing from filters
     - Frequently changed domains — bosssports*.com: Failed for 93 days - consider removing from filters
     - Frequently changed domains — betivotv*.com: Failed for 38 days - consider removing from filters
     - Frequently changed domains — Saha TV: Failed for 176 days - consider removing from filters
     - Frequently changed domains — YavasGir: Failed for 65 days - consider removing from filters
     - piabettv14.live: Failed for 45 days - consider removing from filters
     - restmacizle23.cfd: Failed for 191 days - consider removing from filters
     - hepbetspor: Failed for 213 days - consider removing from filters
     - woe.sx: Failed for 123 days - consider removing from filters


📋  View detailed log: https://github.com/Alex-302/AdguardFilters/actions/runs/36158741966#artifacts
⬆️ ⬆️ ⬆️  💡 💡 💡  Direct Commit Mode 💡 💡 💡  ⬆️ ⬆️ ⬆️


================================================================================
Run: 2026-09-26 03:38:35.325
================================================================================

2026-09-26 03:37:27.268 Rotating Domains Checker v1.5.1 - WRITE mode
2026-09-26 03:37:27.270 Test filters dir: NO
2026-09-26 03:37:27.270 Target repo path: ./
2026-09-26 03:37:27.270 Sites to check: 47

2026-09-26 03:38:33.172 
                      Redirected domains 
╔═════════════════╤══════════════╤═══════════════╤═══════╗
║ Site            │ From         │ To            │ Time  ║
╟─────────────────┼──────────────┼───────────────┼───────╢
║ ww0.jmanga.cash │ jmanga.actor │ jmanga.locker │ 1.30s ║
╚═════════════════╧══════════════╧═══════════════╧═══════╝

2026-09-26 03:38:35.204 ⬇️ ⬇️ ⬇️  ---=== Domains rotating summary ===---  ⬇️ ⬇️ ⬇️
2026-09-26 03:38:35.204   Total sites: 47
2026-09-26 03:38:35.204   ├─ Checked sites: 47
2026-09-26 03:38:35.204   ├─ 🔄 Watchers with active mirror changed: 1
2026-09-26 03:38:35.204   ├─ 📋 Watchers with filter mirror list changed: 0
2026-09-26 03:38:35.204   ├─ 🚩 Pattern→non-pattern: 1
2026-09-26 03:38:35.205   └─ Unchanged watchers: 23
2026-09-26 03:38:35.205  🚨  Failed: 21
2026-09-26 03:38:35.205   ├─ including antibot blocked: 4
2026-09-26 03:38:35.205   └─ Network problems or dead: 17
2026-09-26 03:38:35.205 
2026-09-26 03:38:35.205 Problems:
2026-09-26 03:38:35.205  🚨 Errors (no replacements made):
2026-09-26 03:38:35.205      - zonatmo.to [https://zonatmo.to]: Timeout (10000ms) [code=23]: The operation was aborted due to timeout (21.05s)
2026-09-26 03:38:35.205      - Dead site test - deadexample24.com [https://deadexample24.com]: DNS resolution failed (0.04s)
2026-09-26 03:38:35.205      - Test Probe Fail - example.org [https://example.org]: Content probe failed (0.20s)
2026-09-26 03:38:35.205      - Frequently changed domains — belestepe*.sbs — Belestepe [https://belestepe635.sbs]: Timeout (10000ms) [code=23]: The operation was aborted due to timeout (21.05s)
2026-09-26 03:38:35.205      - Frequently changed domains — dizipal*.com — Dizipal [https://dizipal2127.com]: Antibot detected: 403 or __cf_chl_tk in URL (0.42s)
2026-09-26 03:38:35.205      - Frequently changed domains — zeusdizi*.com [https://zeusdizi32.com]: Antibot detected: 403 or __cf_chl_tk in URL (23.57s)
2026-09-26 03:38:35.205      - Frequently changed domains — netsportv*.top [https://www.netsportv264.top/]: Antibot detected: 403 or __cf_chl_tk in URL (0.83s)
2026-09-26 03:38:35.205      - Frequently changed domains — zeustv*.com [https://zeustv243.com]: DNS resolution failed (0.18s)
2026-09-26 03:38:35.205      - Frequently changed domains — xsportv*.xyz [https://www.xsportv-21ee22f79d.xyz]: Non-success status: 404 (0.55s)
2026-09-26 03:38:35.205      - Frequently changed domains — seyirspor*.com [https://seyirspor17.com]: DNS resolution failed (0.08s)
2026-09-26 03:38:35.205      - Frequently changed domains — lorabettvhd*.shop [https://lorabettvhd80.shop]: DNS resolution failed (0.46s)
2026-09-26 03:38:35.205      - Frequently changed domains — bosssports*.com [https://bosssports612.com]: Non-success status: 523 (15.66s)
2026-09-26 03:38:35.205      - Frequently changed domains — Kralsports HD [https://kralsportshd7.com]: DNS resolution failed (0.01s)
2026-09-26 03:38:35.205      - Frequently changed domains — rotabettv*.com [https://rotabettv516.com]: Non-success status: 523 (5.59s)
2026-09-26 03:38:35.205      - Frequently changed domains — betivotv*.com [https://betivotv157.com]: Non-success status: 404 (0.99s)
2026-09-26 03:38:35.205      - Frequently changed domains — Saha TV [https://sahatv2.top]: DNS resolution failed (0.02s)
2026-09-26 03:38:35.205      - Frequently changed domains — YavasGir [https://yavasgir136.live]: Antibot detected: 403 or __cf_chl_tk in URL (0.42s)
2026-09-26 03:38:35.205      - piabettv14.live [https://piabettv21.live]: Timeout (10000ms) [code=23]: The operation was aborted due to timeout (21.01s)
2026-09-26 03:38:35.205      - restmacizle23.cfd [https://patronspor.is/]: Skipped by skip_text: "https://patronspor.is/?s={search_term_string}" (0.90s)
2026-09-26 03:38:35.205      - hepbetspor [https://patronspor.is/]: Skipped by skip_text: "https://patronspor.is/?s={search_term_string}" (0.58s)
2026-09-26 03:38:35.205      - woe.sx [https://voe.sx/e/nemg6vqtnrkf]: Non-success status: 404 (0.52s)
2026-09-26 03:38:35.205  🚩  Changed pattern → non-pattern domains:
2026-09-26 03:38:35.205      Frequently changed domains — sporcafe*.xyz — Spor Cafe: Pattern domain redirected to non-pattern (www.sporcafe-0c2608ad69.xyz → www.sporcafe-0c2608ad69.xyz) - filter not updated, waiting for new pattern domain
2026-09-26 03:38:35.205  ⚠️  Warnings:
2026-09-26 03:38:35.205      - Dead site test - deadexample24.com: Failed for 216 days - consider removing from filters
2026-09-26 03:38:35.205      - Test Probe Fail - example.org: Failed for 216 days - consider removing from filters
2026-09-26 03:38:35.205      - Frequently changed domains — dizipal*.com — Dizipal: Failed for 18 days - consider removing from filters
2026-09-26 03:38:35.205      - Frequently changed domains — zeusdizi*.com: Failed for 150 days - consider removing from filters
2026-09-26 03:38:35.205      - Frequently changed domains — netsportv*.top: Failed for 141 days - consider removing from filters
2026-09-26 03:38:35.205      - Frequently changed domains — zeustv*.com: Failed for 175 days - consider removing from filters
2026-09-26 03:38:35.205      - Frequently changed domains — xsportv*.xyz: Failed for 193 days - consider removing from filters
2026-09-26 03:38:35.205      - Frequently changed domains — seyirspor*.com: Failed for 162 days - consider removing from filters
2026-09-26 03:38:35.205      - Frequently changed domains — lorabettvhd*.shop: Failed for 216 days - consider removing from filters
2026-09-26 03:38:35.205      - Frequently changed domains — bosssports*.com: Failed for 93 days - consider removing from filters
2026-09-26 03:38:35.205      - Frequently changed domains — betivotv*.com: Failed for 38 days - consider removing from filters
2026-09-26 03:38:35.205      - Frequently changed domains — Saha TV: Failed for 177 days - consider removing from filters
2026-09-26 03:38:35.205      - Frequently changed domains — YavasGir: Failed for 66 days - consider removing from filters
2026-09-26 03:38:35.205      - piabettv14.live: Failed for 45 days - consider removing from filters
2026-09-26 03:38:35.205      - restmacizle23.cfd: Failed for 192 days - consider removing from filters
2026-09-26 03:38:35.205      - hepbetspor: Failed for 214 days - consider removing from filters
2026-09-26 03:38:35.205      - woe.sx: Failed for 124 days - consider removing from filters
2026-09-26 03:38:35.205 
2026-09-26 03:38:35.205 Total phase time: 65.894s
2026-09-26 03:38:35.205 
2026-09-26 03:38:35.205 Unchanged watchers:
                        Test Probe Success - example.de (example.de), Frequently changed domains — sporcafe*.xyz — Spor Cafe (www.sporcafe-0c2608ad69.xyz), Frequently changed domains — turkifsaclub*.sbs (turkifsaclub207.sbs), turkifsaclub-12.sbs (turkifsaclub207.sbs), Frequently changed domains — gobtv*.com (gobtv27.com), Frequently changed domains — trgooltv*.top (trgooltv69.top), Frequently changed domains — vegatv*.shop (vegatv89.shop), Frequently changed domains — betmatiktv*.com (betmatiktv155.com), Frequently changed domains — acartv*.live (acartv107.live), Frequently changed domains — inattvizle*.top (www.inattvizle500.top), Frequently changed domains — otobettv*.com (otobettv84.com), Frequently changed domains — portobettv*.com (www.portobettv55.com), Frequently changed domains — kodtimetv*.com (kodtimetv33.com), amp-6392fa66a0.selcuksportshdamp-aa805a079c.click (amp-6392fa66a0.selcuksportshdamp-aa805a079c.click), dizigom104.com (www.alliance4creativity.com), sultansportv562.com (golvar566.sbs), taraftarium24.xyz (taraftarium24.xyz), www.selcuksportshd8443661f57.xyz (www.selcuksportshdbd813bd00f.xyz), www.taraftarium91.top (www.taraftarium210.top), patronspor04548a2wer45awes.cfd (raw.githack.com), torrentsee (torrentsee362.com), gptgirlfriend.com (www.gptgirlfriend.online), Frequently changed domains — askimyavas*.com (askimyavas193.live)

2026-09-26 03:38:35.205 === Domains replacement summary ===
2026-09-26 03:38:35.205 Files scanned: 355
2026-09-26 03:38:35.205 Files modified: 0
2026-09-26 03:38:35.205 Total line edits: 0
2026-09-26 03:38:35.205 Total phase time: 2.038s
2026-09-26 03:38:35.205 ⬆️ ⬆️ ⬆️  ---=== Domains rotating summary ===---  ⬆️ ⬆️ ⬆️


2026-09-26 03:38:35.323 ⌛ Total execution time: 68.094s

⬇️ ⬇️ ⬇️  💡 💡 💡  Direct Commit Mode 💡 💡 💡  ⬇️ ⬇️ ⬇️
Target branch: master
Commit message:
Rotating Domains Checker: Updating domains

🔄  Watchers with active mirror changed:

ww0.jmanga.cash                  jmanga.actor         → jmanga.locker       

✅ Unchanged watchers:
     Test Probe Success - example.de (example.de), Frequently changed domains — sporcafe*.xyz — Spor Cafe (www.sporcafe-0c2608ad69.xyz), Frequently changed domains — turkifsaclub*.sbs (turkifsaclub207.sbs), turkifsaclub-12.sbs (turkifsaclub207.sbs), Frequently changed domains — gobtv*.com (gobtv27.com), Frequently changed domains — trgooltv*.top (trgooltv69.top), Frequently changed domains — vegatv*.shop (vegatv89.shop), Frequently changed domains — betmatiktv*.com (betmatiktv155.com), Frequently changed domains — acartv*.live (acartv107.live), Frequently changed domains — inattvizle*.top (www.inattvizle500.top), Frequently changed domains — otobettv*.com (otobettv84.com), Frequently changed domains — portobettv*.com (www.portobettv55.com), Frequently changed domains — kodtimetv*.com (kodtimetv33.com), amp-6392fa66a0.selcuksportshdamp-aa805a079c.click (amp-6392fa66a0.selcuksportshdamp-aa805a079c.click), dizigom104.com (www.alliance4creativity.com), sultansportv562.com (golvar566.sbs), taraftarium24.xyz (taraftarium24.xyz), www.selcuksportshd8443661f57.xyz (www.selcuksportshdbd813bd00f.xyz), www.taraftarium91.top (www.taraftarium210.top), patronspor04548a2wer45awes.cfd (raw.githack.com), torrentsee (torrentsee362.com), gptgirlfriend.com (www.gptgirlfriend.online), Frequently changed domains — askimyavas*.com (askimyavas193.live)

🚨 Errors (no replacements made):
     - zonatmo.to [https://zonatmo.to]: Timeout (10000ms) [code=23]: The operation was aborted due to timeout (21.05s)
     - Dead site test - deadexample24.com [https://deadexample24.com]: DNS resolution failed (0.04s)
     - Test Probe Fail - example.org [https://example.org]: Content probe failed (0.20s)
     - Frequently changed domains — belestepe*.sbs — Belestepe [https://belestepe635.sbs]: Timeout (10000ms) [code=23]: The operation was aborted due to timeout (21.05s)
     - Frequently changed domains — dizipal*.com — Dizipal [https://dizipal2127.com]: Antibot detected: 403 or __cf_chl_tk in URL (0.42s)
     - Frequently changed domains — zeusdizi*.com [https://zeusdizi32.com]: Antibot detected: 403 or __cf_chl_tk in URL (23.57s)
     - Frequently changed domains — netsportv*.top [https://www.netsportv264.top/]: Antibot detected: 403 or __cf_chl_tk in URL (0.83s)
     - Frequently changed domains — zeustv*.com [https://zeustv243.com]: DNS resolution failed (0.18s)
     - Frequently changed domains — xsportv*.xyz [https://www.xsportv-21ee22f79d.xyz]: Non-success status: 404 (0.55s)
     - Frequently changed domains — seyirspor*.com [https://seyirspor17.com]: DNS resolution failed (0.08s)
     - Frequently changed domains — lorabettvhd*.shop [https://lorabettvhd80.shop]: DNS resolution failed (0.46s)
     - Frequently changed domains — bosssports*.com [https://bosssports612.com]: Non-success status: 523 (15.66s)
     - Frequently changed domains — Kralsports HD [https://kralsportshd7.com]: DNS resolution failed (0.01s)
     - Frequently changed domains — rotabettv*.com [https://rotabettv516.com]: Non-success status: 523 (5.59s)
     - Frequently changed domains — betivotv*.com [https://betivotv157.com]: Non-success status: 404 (0.99s)
     - Frequently changed domains — Saha TV [https://sahatv2.top]: DNS resolution failed (0.02s)
     - Frequently changed domains — YavasGir [https://yavasgir136.live]: Antibot detected: 403 or __cf_chl_tk in URL (0.42s)
     - piabettv14.live [https://piabettv21.live]: Timeout (10000ms) [code=23]: The operation was aborted due to timeout (21.01s)
     - restmacizle23.cfd [https://patronspor.is/]: Skipped by skip_text: "https://patronspor.is/?s={search_term_string}" (0.90s)
     - hepbetspor [https://patronspor.is/]: Skipped by skip_text: "https://patronspor.is/?s={search_term_string}" (0.58s)
     - woe.sx [https://voe.sx/e/nemg6vqtnrkf]: Non-success status: 404 (0.52s)
🚩  Changed pattern → non-pattern domains:
     Frequently changed domains — sporcafe*.xyz — Spor Cafe: Pattern domain redirected to non-pattern (www.sporcafe-0c2608ad69.xyz → www.sporcafe-0c2608ad69.xyz) - filter not updated, waiting for new pattern domain



⚠️  Warnings:
     - Dead site test - deadexample24.com: Failed for 216 days - consider removing from filters
     - Test Probe Fail - example.org: Failed for 216 days - consider removing from filters
     - Frequently changed domains — dizipal*.com — Dizipal: Failed for 18 days - consider removing from filters
     - Frequently changed domains — zeusdizi*.com: Failed for 150 days - consider removing from filters
     - Frequently changed domains — netsportv*.top: Failed for 141 days - consider removing from filters
     - Frequently changed domains — zeustv*.com: Failed for 175 days - consider removing from filters
     - Frequently changed domains — xsportv*.xyz: Failed for 193 days - consider removing from filters
     - Frequently changed domains — seyirspor*.com: Failed for 162 days - consider removing from filters
     - Frequently changed domains — lorabettvhd*.shop: Failed for 216 days - consider removing from filters
     - Frequently changed domains — bosssports*.com: Failed for 93 days - consider removing from filters
     - Frequently changed domains — betivotv*.com: Failed for 38 days - consider removing from filters
     - Frequently changed domains — Saha TV: Failed for 177 days - consider removing from filters
     - Frequently changed domains — YavasGir: Failed for 66 days - consider removing from filters
     - piabettv14.live: Failed for 45 days - consider removing from filters
     - restmacizle23.cfd: Failed for 192 days - consider removing from filters
     - hepbetspor: Failed for 214 days - consider removing from filters
     - woe.sx: Failed for 124 days - consider removing from filters


📋  View detailed log: https://github.com/Alex-302/AdguardFilters/actions/runs/36215372307#artifacts
⬆️ ⬆️ ⬆️  💡 💡 💡  Direct Commit Mode 💡 💡 💡  ⬆️ ⬆️ ⬆️


================================================================================
Run: 2026-09-27 22:50:00.030
================================================================================

2026-09-27 22:48:50.830 Rotating Domains Checker v1.5.1 - WRITE mode
2026-09-27 22:48:50.832 Test filters dir: NO
2026-09-27 22:48:50.832 Target repo path: ./
2026-09-27 22:48:50.832 Sites to check: 47

2026-09-27 22:49:59.909 ⬇️ ⬇️ ⬇️  ---=== Domains rotating summary ===---  ⬇️ ⬇️ ⬇️
2026-09-27 22:49:59.909   Total sites: 47
2026-09-27 22:49:59.909   ├─ Checked sites: 47
2026-09-27 22:49:59.909   ├─ 🔄 Watchers with active mirror changed: 0
2026-09-27 22:49:59.909   ├─ 📋 Watchers with filter mirror list changed: 0
2026-09-27 22:49:59.909   ├─ 🚩 Pattern→non-pattern: 1
2026-09-27 22:49:59.909   └─ Unchanged watchers: 23
2026-09-27 22:49:59.909  🚨  Failed: 22
2026-09-27 22:49:59.909   ├─ including antibot blocked: 4
2026-09-27 22:49:59.909   └─ Network problems or dead: 18
2026-09-27 22:49:59.909 
2026-09-27 22:49:59.909 Problems:
2026-09-27 22:49:59.909  🚨 Errors (no replacements made):
2026-09-27 22:49:59.909      - zonatmo.to [https://zonatmo.to]: Non-success status: 523 (6.35s)
2026-09-27 22:49:59.909      - Dead site test - deadexample24.com [https://deadexample24.com]: DNS resolution failed (0.04s)
2026-09-27 22:49:59.909      - Test Probe Fail - example.org [https://example.org]: Content probe failed (0.12s)
2026-09-27 22:49:59.909      - Frequently changed domains — belestepe*.sbs — Belestepe [https://belestepe635.sbs]: Non-success status: 523 (17.99s)
2026-09-27 22:49:59.909      - Frequently changed domains — dizipal*.com — Dizipal [https://dizipal2127.com]: Antibot detected: 403 or __cf_chl_tk in URL (0.17s)
2026-09-27 22:49:59.909      - Frequently changed domains — zeusdizi*.com [https://zeusdizi32.com]: Antibot detected: 403 or __cf_chl_tk in URL (25.05s)
2026-09-27 22:49:59.909      - Frequently changed domains — netsportv*.top [https://www.netsportv264.top/]: Antibot detected: 403 or __cf_chl_tk in URL (1.05s)
2026-09-27 22:49:59.909      - Frequently changed domains — zeustv*.com [https://zeustv243.com]: DNS resolution failed (0.18s)
2026-09-27 22:49:59.909      - Frequently changed domains — xsportv*.xyz [https://www.xsportv-21ee22f79d.xyz]: Non-success status: 404 (0.37s)
2026-09-27 22:49:59.909      - Frequently changed domains — betmatiktv*.com [https://betmatiktv155.com]: Non-success status: 451 (0.64s)
2026-09-27 22:49:59.909      - Frequently changed domains — seyirspor*.com [https://seyirspor17.com]: DNS resolution failed (0.08s)
2026-09-27 22:49:59.909      - Frequently changed domains — lorabettvhd*.shop [https://lorabettvhd80.shop]: DNS resolution failed (0.39s)
2026-09-27 22:49:59.909      - Frequently changed domains — bosssports*.com [https://bosssports612.com]: Timeout (10000ms) [code=23]: The operation was aborted due to timeout (21.02s)
2026-09-27 22:49:59.909      - Frequently changed domains — Kralsports HD [https://kralsportshd7.com]: DNS resolution failed (0.02s)
2026-09-27 22:49:59.909      - Frequently changed domains — rotabettv*.com [https://rotabettv516.com]: Non-success status: 523 (17.82s)
2026-09-27 22:49:59.909      - Frequently changed domains — betivotv*.com [https://betivotv157.com]: Non-success status: 404 (1.14s)
2026-09-27 22:49:59.909      - Frequently changed domains — Saha TV [https://sahatv2.top]: DNS resolution failed (0.02s)
2026-09-27 22:49:59.909      - Frequently changed domains — YavasGir [https://yavasgir136.live]: Antibot detected: 403 or __cf_chl_tk in URL (0.52s)
2026-09-27 22:49:59.909      - piabettv14.live [https://piabettv21.live]: Timeout (10000ms) [code=23]: The operation was aborted due to timeout (21.01s)
2026-09-27 22:49:59.909      - restmacizle23.cfd [https://patronspor.is/]: Skipped by skip_text: "https://patronspor.is/?s={search_term_string}" (1.20s)
2026-09-27 22:49:59.909      - hepbetspor [https://patronspor.is/]: Skipped by skip_text: "https://patronspor.is/?s={search_term_string}" (0.71s)
2026-09-27 22:49:59.909      - woe.sx [https://voe.sx/e/nemg6vqtnrkf]: Non-success status: 404 (0.81s)
2026-09-27 22:49:59.909  🚩  Changed pattern → non-pattern domains:
2026-09-27 22:49:59.909      Frequently changed domains — sporcafe*.xyz — Spor Cafe: Pattern domain redirected to non-pattern (www.sporcafe-0c2608ad69.xyz → www.sporcafe-0c2608ad69.xyz) - filter not updated, waiting for new pattern domain
2026-09-27 22:49:59.909  ⚠️  Warnings:
2026-09-27 22:49:59.909      - Dead site test - deadexample24.com: Failed for 218 days - consider removing from filters
2026-09-27 22:49:59.909      - Test Probe Fail - example.org: Failed for 218 days - consider removing from filters
2026-09-27 22:49:59.909      - Frequently changed domains — dizipal*.com — Dizipal: Failed for 19 days - consider removing from filters
2026-09-27 22:49:59.909      - Frequently changed domains — zeusdizi*.com: Failed for 152 days - consider removing from filters
2026-09-27 22:49:59.909      - Frequently changed domains — netsportv*.top: Failed for 143 days - consider removing from filters
2026-09-27 22:49:59.909      - Frequently changed domains — zeustv*.com: Failed for 177 days - consider removing from filters
2026-09-27 22:49:59.909      - Frequently changed domains — xsportv*.xyz: Failed for 195 days - consider removing from filters
2026-09-27 22:49:59.909      - Frequently changed domains — seyirspor*.com: Failed for 164 days - consider removing from filters
2026-09-27 22:49:59.909      - Frequently changed domains — lorabettvhd*.shop: Failed for 218 days - consider removing from filters
2026-09-27 22:49:59.909      - Frequently changed domains — bosssports*.com: Failed for 95 days - consider removing from filters
2026-09-27 22:49:59.909      - Frequently changed domains — betivotv*.com: Failed for 40 days - consider removing from filters
2026-09-27 22:49:59.909      - Frequently changed domains — Saha TV: Failed for 179 days - consider removing from filters
2026-09-27 22:49:59.909      - Frequently changed domains — YavasGir: Failed for 67 days - consider removing from filters
2026-09-27 22:49:59.909      - piabettv14.live: Failed for 47 days - consider removing from filters
2026-09-27 22:49:59.909      - restmacizle23.cfd: Failed for 193 days - consider removing from filters
2026-09-27 22:49:59.909      - hepbetspor: Failed for 215 days - consider removing from filters
2026-09-27 22:49:59.909      - woe.sx: Failed for 126 days - consider removing from filters
2026-09-27 22:49:59.909 
2026-09-27 22:49:59.909 Total phase time: 67.174s
2026-09-27 22:49:59.909 
2026-09-27 22:49:59.910 Unchanged watchers:
                        ww0.jmanga.cash (jmanga.locker), Test Probe Success - example.de (example.de), Frequently changed domains — sporcafe*.xyz — Spor Cafe (www.sporcafe-0c2608ad69.xyz), Frequently changed domains — turkifsaclub*.sbs (turkifsaclub207.sbs), turkifsaclub-12.sbs (turkifsaclub207.sbs), Frequently changed domains — gobtv*.com (gobtv27.com), Frequently changed domains — trgooltv*.top (trgooltv69.top), Frequently changed domains — vegatv*.shop (vegatv89.shop), Frequently changed domains — acartv*.live (acartv107.live), Frequently changed domains — inattvizle*.top (www.inattvizle500.top), Frequently changed domains — otobettv*.com (otobettv84.com), Frequently changed domains — portobettv*.com (www.portobettv55.com), Frequently changed domains — kodtimetv*.com (kodtimetv33.com), amp-6392fa66a0.selcuksportshdamp-aa805a079c.click (amp-6392fa66a0.selcuksportshdamp-aa805a079c.click), dizigom104.com (www.alliance4creativity.com), sultansportv562.com (golvar566.sbs), taraftarium24.xyz (taraftarium24.xyz), www.selcuksportshd8443661f57.xyz (www.selcuksportshdbd813bd00f.xyz), www.taraftarium91.top (www.taraftarium210.top), patronspor04548a2wer45awes.cfd (raw.githack.com), torrentsee (torrentsee362.com), gptgirlfriend.com (www.gptgirlfriend.online), Frequently changed domains — askimyavas*.com (askimyavas193.live)

2026-09-27 22:49:59.910 === Domains replacement summary ===
2026-09-27 22:49:59.910 Files scanned: 355
2026-09-27 22:49:59.910 Files modified: 0
2026-09-27 22:49:59.910 Total line edits: 0
2026-09-27 22:49:59.910 Total phase time: 1.900s
2026-09-27 22:49:59.910 ⬆️ ⬆️ ⬆️  ---=== Domains rotating summary ===---  ⬆️ ⬆️ ⬆️


2026-09-27 22:50:00.027 ⌛ Total execution time: 69.235s

⬇️ ⬇️ ⬇️  💡 💡 💡  Direct Commit Mode 💡 💡 💡  ⬇️ ⬇️ ⬇️
Target branch: master
Commit message:
Rotating Domains Checker: Updating domains

🔄  Watchers with active mirror changed: 0 (filter mirror cleanup only)
✅ Unchanged watchers:
     ww0.jmanga.cash (jmanga.locker), Test Probe Success - example.de (example.de), Frequently changed domains — sporcafe*.xyz — Spor Cafe (www.sporcafe-0c2608ad69.xyz), Frequently changed domains — turkifsaclub*.sbs (turkifsaclub207.sbs), turkifsaclub-12.sbs (turkifsaclub207.sbs), Frequently changed domains — gobtv*.com (gobtv27.com), Frequently changed domains — trgooltv*.top (trgooltv69.top), Frequently changed domains — vegatv*.shop (vegatv89.shop), Frequently changed domains — acartv*.live (acartv107.live), Frequently changed domains — inattvizle*.top (www.inattvizle500.top), Frequently changed domains — otobettv*.com (otobettv84.com), Frequently changed domains — portobettv*.com (www.portobettv55.com), Frequently changed domains — kodtimetv*.com (kodtimetv33.com), amp-6392fa66a0.selcuksportshdamp-aa805a079c.click (amp-6392fa66a0.selcuksportshdamp-aa805a079c.click), dizigom104.com (www.alliance4creativity.com), sultansportv562.com (golvar566.sbs), taraftarium24.xyz (taraftarium24.xyz), www.selcuksportshd8443661f57.xyz (www.selcuksportshdbd813bd00f.xyz), www.taraftarium91.top (www.taraftarium210.top), patronspor04548a2wer45awes.cfd (raw.githack.com), torrentsee (torrentsee362.com), gptgirlfriend.com (www.gptgirlfriend.online), Frequently changed domains — askimyavas*.com (askimyavas193.live)

🚨 Errors (no replacements made):
     - zonatmo.to [https://zonatmo.to]: Non-success status: 523 (6.35s)
     - Dead site test - deadexample24.com [https://deadexample24.com]: DNS resolution failed (0.04s)
     - Test Probe Fail - example.org [https://example.org]: Content probe failed (0.12s)
     - Frequently changed domains — belestepe*.sbs — Belestepe [https://belestepe635.sbs]: Non-success status: 523 (17.99s)
     - Frequently changed domains — dizipal*.com — Dizipal [https://dizipal2127.com]: Antibot detected: 403 or __cf_chl_tk in URL (0.17s)
     - Frequently changed domains — zeusdizi*.com [https://zeusdizi32.com]: Antibot detected: 403 or __cf_chl_tk in URL (25.05s)
     - Frequently changed domains — netsportv*.top [https://www.netsportv264.top/]: Antibot detected: 403 or __cf_chl_tk in URL (1.05s)
     - Frequently changed domains — zeustv*.com [https://zeustv243.com]: DNS resolution failed (0.18s)
     - Frequently changed domains — xsportv*.xyz [https://www.xsportv-21ee22f79d.xyz]: Non-success status: 404 (0.37s)
     - Frequently changed domains — betmatiktv*.com [https://betmatiktv155.com]: Non-success status: 451 (0.64s)
     - Frequently changed domains — seyirspor*.com [https://seyirspor17.com]: DNS resolution failed (0.08s)
     - Frequently changed domains — lorabettvhd*.shop [https://lorabettvhd80.shop]: DNS resolution failed (0.39s)
     - Frequently changed domains — bosssports*.com [https://bosssports612.com]: Timeout (10000ms) [code=23]: The operation was aborted due to timeout (21.02s)
     - Frequently changed domains — Kralsports HD [https://kralsportshd7.com]: DNS resolution failed (0.02s)
     - Frequently changed domains — rotabettv*.com [https://rotabettv516.com]: Non-success status: 523 (17.82s)
     - Frequently changed domains — betivotv*.com [https://betivotv157.com]: Non-success status: 404 (1.14s)
     - Frequently changed domains — Saha TV [https://sahatv2.top]: DNS resolution failed (0.02s)
     - Frequently changed domains — YavasGir [https://yavasgir136.live]: Antibot detected: 403 or __cf_chl_tk in URL (0.52s)
     - piabettv14.live [https://piabettv21.live]: Timeout (10000ms) [code=23]: The operation was aborted due to timeout (21.01s)
     - restmacizle23.cfd [https://patronspor.is/]: Skipped by skip_text: "https://patronspor.is/?s={search_term_string}" (1.20s)
     - hepbetspor [https://patronspor.is/]: Skipped by skip_text: "https://patronspor.is/?s={search_term_string}" (0.71s)
     - woe.sx [https://voe.sx/e/nemg6vqtnrkf]: Non-success status: 404 (0.81s)
🚩  Changed pattern → non-pattern domains:
     Frequently changed domains — sporcafe*.xyz — Spor Cafe: Pattern domain redirected to non-pattern (www.sporcafe-0c2608ad69.xyz → www.sporcafe-0c2608ad69.xyz) - filter not updated, waiting for new pattern domain



⚠️  Warnings:
     - Dead site test - deadexample24.com: Failed for 218 days - consider removing from filters
     - Test Probe Fail - example.org: Failed for 218 days - consider removing from filters
     - Frequently changed domains — dizipal*.com — Dizipal: Failed for 19 days - consider removing from filters
     - Frequently changed domains — zeusdizi*.com: Failed for 152 days - consider removing from filters
     - Frequently changed domains — netsportv*.top: Failed for 143 days - consider removing from filters
     - Frequently changed domains — zeustv*.com: Failed for 177 days - consider removing from filters
     - Frequently changed domains — xsportv*.xyz: Failed for 195 days - consider removing from filters
     - Frequently changed domains — seyirspor*.com: Failed for 164 days - consider removing from filters
     - Frequently changed domains — lorabettvhd*.shop: Failed for 218 days - consider removing from filters
     - Frequently changed domains — bosssports*.com: Failed for 95 days - consider removing from filters
     - Frequently changed domains — betivotv*.com: Failed for 40 days - consider removing from filters
     - Frequently changed domains — Saha TV: Failed for 179 days - consider removing from filters
     - Frequently changed domains — YavasGir: Failed for 67 days - consider removing from filters
     - piabettv14.live: Failed for 47 days - consider removing from filters
     - restmacizle23.cfd: Failed for 193 days - consider removing from filters
     - hepbetspor: Failed for 215 days - consider removing from filters
     - woe.sx: Failed for 126 days - consider removing from filters


📋  View detailed log: https://github.com/Alex-302/AdguardFilters/actions/runs/36356566503#artifacts
⬆️ ⬆️ ⬆️  💡 💡 💡  Direct Commit Mode 💡 💡 💡  ⬆️ ⬆️ ⬆️


================================================================================
Run: 2026-09-28 18:57:18.568
================================================================================

2026-09-28 18:56:07.642 Rotating Domains Checker v1.4.2 - WRITE mode
2026-09-28 18:56:07.644 Test filters dir: NO
2026-09-28 18:56:07.644 Target repo path: ./
2026-09-28 18:56:07.644 Sites to check: 47

2026-09-28 18:57:16.218 
                      Redirected domains 
╔════════════════════════════════════════════════╤═════════════════════╤═════════════════════╤════════╗
║ Site                                           │ From                │ To                  │ Time   ║
╟────────────────────────────────────────────────┼─────────────────────┼─────────────────────┼────────╢
║ Frequently changed domains — turkifsaclub*.sbs │ turkifsaclub207.sbs │ turkifsaclub208.sbs │ 2.19s  ║
║ turkifsaclub-12.sbs                            │ turkifsaclub207.sbs │ turkifsaclub208.sbs │ 2.38s  ║
║ Frequently changed domains — betist*tv.live    │ betist261tv.live    │ betist263tv.live    │ 46.68s ║
║ Frequently changed domains — askimyavas*.com   │ askimyavas193.live  │ askimyavas194.live  │ 1.91s  ║
╚════════════════════════════════════════════════╧═════════════════════╧═════════════════════╧════════╝

2026-09-28 18:57:18.444 ⬇️ ⬇️ ⬇️  ---=== Domains rotating summary ===---  ⬇️ ⬇️ ⬇️
2026-09-28 18:57:18.444   Total sites: 47
2026-09-28 18:57:18.444   ├─ Checked sites: 47
2026-09-28 18:57:18.444   ├─ 🔄 Watchers with active mirror changed: 4
2026-09-28 18:57:18.444   ├─ 📋 Watchers with filter mirror list changed: 0
2026-09-28 18:57:18.444   ├─ 🚩 Pattern→non-pattern: 1
2026-09-28 18:57:18.444   ├─ Antibot accepted: 1 (not in failed count)
2026-09-28 18:57:18.444   └─ Unchanged watchers: 19
2026-09-28 18:57:18.444  🚨  Failed: 22
2026-09-28 18:57:18.444   ├─ including antibot blocked: 4
2026-09-28 18:57:18.444   └─ Network problems or dead: 18
2026-09-28 18:57:18.444 
2026-09-28 18:57:18.444 Problems:
2026-09-28 18:57:18.444  🚨 Errors (no replacements made):
2026-09-28 18:57:18.444      - zonatmo.to [https://zonatmo.to]: Non-success status: 523 (15.59s)
2026-09-28 18:57:18.444      - Dead site test - deadexample24.com [https://deadexample24.com]: DNS resolution failed (0.06s)
2026-09-28 18:57:18.444      - Test Probe Fail - example.org [https://example.org]: Content probe failed (0.12s)
2026-09-28 18:57:18.444      - Frequently changed domains — belestepe*.sbs — Belestepe [https://belestepe635.sbs]: Non-success status: 523 (4.52s)
2026-09-28 18:57:18.444      - Frequently changed domains — dizipal*.com — Dizipal [https://dizipal2127.com]: Antibot detected: 403 or __cf_chl_tk in URL (0.34s)
2026-09-28 18:57:18.444      - Frequently changed domains — zeusdizi*.com [https://zeusdizi32.com]: Antibot detected: 403 or __cf_chl_tk in URL (25.84s)
2026-09-28 18:57:18.444      - Frequently changed domains — netsportv*.top [https://www.netsportv264.top/]: Antibot detected: 403 or __cf_chl_tk in URL (1.02s)
2026-09-28 18:57:18.444      - Frequently changed domains — zeustv*.com [https://zeustv243.com]: DNS resolution failed (0.24s)
2026-09-28 18:57:18.444      - Frequently changed domains — xsportv*.xyz [https://www.xsportv-21ee22f79d.xyz]: Non-success status: 404 (0.80s)
2026-09-28 18:57:18.445      - Frequently changed domains — betmatiktv*.com [https://betmatiktv155.com]: Non-success status: 451 (0.45s)
2026-09-28 18:57:18.445      - Frequently changed domains — seyirspor*.com [https://seyirspor17.com]: DNS resolution failed (0.14s)
2026-09-28 18:57:18.445      - Frequently changed domains — lorabettvhd*.shop [https://lorabettvhd80.shop]: DNS resolution failed (0.32s)
2026-09-28 18:57:18.445      - Frequently changed domains — bosssports*.com [https://bosssports612.com]: Timeout (10000ms) [code=23]: The operation was aborted due to timeout (21.06s)
2026-09-28 18:57:18.445      - Frequently changed domains — Kralsports HD [https://kralsportshd7.com]: DNS resolution failed (0.05s)
2026-09-28 18:57:18.445      - Frequently changed domains — rotabettv*.com [https://rotabettv516.com]: Non-success status: 523 (7.37s)
2026-09-28 18:57:18.445      - Frequently changed domains — betivotv*.com [https://betivotv157.com]: Non-success status: 404 (1.31s)
2026-09-28 18:57:18.445      - Frequently changed domains — Saha TV [https://sahatv2.top]: DNS resolution failed (0.05s)
2026-09-28 18:57:18.445      - Frequently changed domains — YavasGir [https://yavasgir136.live]: Antibot detected: 403 or __cf_chl_tk in URL (0.79s)
2026-09-28 18:57:18.445      - piabettv14.live [https://piabettv21.live]: Timeout (10000ms) [code=23]: The operation was aborted due to timeout (21.08s)
2026-09-28 18:57:18.445      - restmacizle23.cfd [https://patronspor.is/]: Skipped by skip_text: "https://patronspor.is/?s={search_term_string}" (1.90s)
2026-09-28 18:57:18.445      - hepbetspor [https://patronspor.is/]: Skipped by skip_text: "https://patronspor.is/?s={search_term_string}" (1.55s)
2026-09-28 18:57:18.445      - woe.sx [https://voe.sx/e/nemg6vqtnrkf]: Non-success status: 404 (1.01s)
2026-09-28 18:57:18.445  🚩  Changed pattern → non-pattern domains:
2026-09-28 18:57:18.445      Frequently changed domains — sporcafe*.xyz — Spor Cafe: Pattern domain redirected to non-pattern (www.sporcafe-0c2608ad69.xyz → www.sporcafe-0c2608ad69.xyz) - filter not updated, waiting for new pattern domain
2026-09-28 18:57:18.445  ⚠️  Warnings:
2026-09-28 18:57:18.445      - Dead site test - deadexample24.com: Failed for 219 days - consider removing from filters
2026-09-28 18:57:18.445      - Test Probe Fail - example.org: Failed for 219 days - consider removing from filters
2026-09-28 18:57:18.445      - Frequently changed domains — dizipal*.com — Dizipal: Failed for 20 days - consider removing from filters
2026-09-28 18:57:18.445      - Frequently changed domains — zeusdizi*.com: Failed for 153 days - consider removing from filters
2026-09-28 18:57:18.445      - Frequently changed domains — netsportv*.top: Failed for 143 days - consider removing from filters
2026-09-28 18:57:18.445      - Frequently changed domains — zeustv*.com: Failed for 178 days - consider removing from filters
2026-09-28 18:57:18.445      - Frequently changed domains — xsportv*.xyz: Failed for 196 days - consider removing from filters
2026-09-28 18:57:18.445      - Frequently changed domains — seyirspor*.com: Failed for 165 days - consider removing from filters
2026-09-28 18:57:18.445      - Frequently changed domains — lorabettvhd*.shop: Failed for 219 days - consider removing from filters
2026-09-28 18:57:18.445      - Frequently changed domains — bosssports*.com: Failed for 96 days - consider removing from filters
2026-09-28 18:57:18.445      - Frequently changed domains — betist*tv.live: Domain redirected (betist261tv.live → betist263tv.live) but protected by antibot - old domain may remain in filter rules
2026-09-28 18:57:18.445      - Frequently changed domains — betivotv*.com: Failed for 41 days - consider removing from filters
2026-09-28 18:57:18.445      - Frequently changed domains — Saha TV: Failed for 179 days - consider removing from filters
2026-09-28 18:57:18.445      - Frequently changed domains — YavasGir: Failed for 68 days - consider removing from filters
2026-09-28 18:57:18.445      - piabettv14.live: Failed for 48 days - consider removing from filters
2026-09-28 18:57:18.445      - restmacizle23.cfd: Failed for 194 days - consider removing from filters
2026-09-28 18:57:18.445      - hepbetspor: Failed for 216 days - consider removing from filters
2026-09-28 18:57:18.445      - woe.sx: Failed for 127 days - consider removing from filters
2026-09-28 18:57:18.445 
2026-09-28 18:57:18.445 Total phase time: 68.564s
2026-09-28 18:57:18.445 
2026-09-28 18:57:18.445 Unchanged watchers:
                        ww0.jmanga.cash (jmanga.locker), Test Probe Success - example.de (example.de), Frequently changed domains — sporcafe*.xyz — Spor Cafe (www.sporcafe-0c2608ad69.xyz), Frequently changed domains — gobtv*.com (gobtv27.com), Frequently changed domains — trgooltv*.top (trgooltv69.top), Frequently changed domains — vegatv*.shop (vegatv89.shop), Frequently changed domains — acartv*.live (acartv107.live), Frequently changed domains — inattvizle*.top (www.inattvizle500.top), Frequently changed domains — otobettv*.com (otobettv84.com), Frequently changed domains — portobettv*.com (www.portobettv55.com), Frequently changed domains — kodtimetv*.com (kodtimetv33.com), amp-6392fa66a0.selcuksportshdamp-aa805a079c.click (amp-6392fa66a0.selcuksportshdamp-aa805a079c.click), dizigom104.com (www.alliance4creativity.com), sultansportv562.com (golvar566.sbs), taraftarium24.xyz (taraftarium24.xyz), www.selcuksportshd8443661f57.xyz (www.selcuksportshdbd813bd00f.xyz), www.taraftarium91.top (www.taraftarium210.top), patronspor04548a2wer45awes.cfd (raw.githack.com), torrentsee (torrentsee362.com), gptgirlfriend.com (www.gptgirlfriend.online)

2026-09-28 18:57:18.445 === Domains replacement summary ===
2026-09-28 18:57:18.445 Files scanned: 355
2026-09-28 18:57:18.445 Files modified: 1
2026-09-28 18:57:18.445 Total line edits: 6
2026-09-28 18:57:18.445 Total phase time: 2.233s
2026-09-28 18:57:18.445 ⬆️ ⬆️ ⬆️  ---=== Domains rotating summary ===---  ⬆️ ⬆️ ⬆️


2026-09-28 18:57:18.566 ⌛ Total execution time: 70.973s

⬇️ ⬇️ ⬇️  💡 💡 💡  Direct Commit Mode 💡 💡 💡  ⬇️ ⬇️ ⬇️
Target branch: master
Commit message:
Rotating Domains Checker: Updating domains

🔄  Watchers with active mirror changed:

Frequently changed domains — turkifsaclub*.sbs   turkifsaclub207.sbs  → turkifsaclub208.sbs 
turkifsaclub-12.sbs                              turkifsaclub207.sbs  → turkifsaclub208.sbs 
Frequently changed domains — betist*tv.live      betist261tv.live     → betist263tv.live    
Frequently changed domains — askimyavas*.com     askimyavas193.live   → askimyavas194.live  

✅ Unchanged watchers:
     ww0.jmanga.cash (jmanga.locker), Test Probe Success - example.de (example.de), Frequently changed domains — sporcafe*.xyz — Spor Cafe (www.sporcafe-0c2608ad69.xyz), Frequently changed domains — gobtv*.com (gobtv27.com), Frequently changed domains — trgooltv*.top (trgooltv69.top), Frequently changed domains — vegatv*.shop (vegatv89.shop), Frequently changed domains — acartv*.live (acartv107.live), Frequently changed domains — inattvizle*.top (www.inattvizle500.top), Frequently changed domains — otobettv*.com (otobettv84.com), Frequently changed domains — portobettv*.com (www.portobettv55.com), Frequently changed domains — kodtimetv*.com (kodtimetv33.com), amp-6392fa66a0.selcuksportshdamp-aa805a079c.click (amp-6392fa66a0.selcuksportshdamp-aa805a079c.click), dizigom104.com (www.alliance4creativity.com), sultansportv562.com (golvar566.sbs), taraftarium24.xyz (taraftarium24.xyz), www.selcuksportshd8443661f57.xyz (www.selcuksportshdbd813bd00f.xyz), www.taraftarium91.top (www.taraftarium210.top), patronspor04548a2wer45awes.cfd (raw.githack.com), torrentsee (torrentsee362.com), gptgirlfriend.com (www.gptgirlfriend.online)

🚨 Errors (no replacements made):
     - zonatmo.to [https://zonatmo.to]: Non-success status: 523 (15.59s)
     - Dead site test - deadexample24.com [https://deadexample24.com]: DNS resolution failed (0.06s)
     - Test Probe Fail - example.org [https://example.org]: Content probe failed (0.12s)
     - Frequently changed domains — belestepe*.sbs — Belestepe [https://belestepe635.sbs]: Non-success status: 523 (4.52s)
     - Frequently changed domains — dizipal*.com — Dizipal [https://dizipal2127.com]: Antibot detected: 403 or __cf_chl_tk in URL (0.34s)
     - Frequently changed domains — zeusdizi*.com [https://zeusdizi32.com]: Antibot detected: 403 or __cf_chl_tk in URL (25.84s)
     - Frequently changed domains — netsportv*.top [https://www.netsportv264.top/]: Antibot detected: 403 or __cf_chl_tk in URL (1.02s)
     - Frequently changed domains — zeustv*.com [https://zeustv243.com]: DNS resolution failed (0.24s)
     - Frequently changed domains — xsportv*.xyz [https://www.xsportv-21ee22f79d.xyz]: Non-success status: 404 (0.80s)
     - Frequently changed domains — betmatiktv*.com [https://betmatiktv155.com]: Non-success status: 451 (0.45s)
     - Frequently changed domains — seyirspor*.com [https://seyirspor17.com]: DNS resolution failed (0.14s)
     - Frequently changed domains — lorabettvhd*.shop [https://lorabettvhd80.shop]: DNS resolution failed (0.32s)
     - Frequently changed domains — bosssports*.com [https://bosssports612.com]: Timeout (10000ms) [code=23]: The operation was aborted due to timeout (21.06s)
     - Frequently changed domains — Kralsports HD [https://kralsportshd7.com]: DNS resolution failed (0.05s)
     - Frequently changed domains — rotabettv*.com [https://rotabettv516.com]: Non-success status: 523 (7.37s)
     - Frequently changed domains — betivotv*.com [https://betivotv157.com]: Non-success status: 404 (1.31s)
     - Frequently changed domains — Saha TV [https://sahatv2.top]: DNS resolution failed (0.05s)
     - Frequently changed domains — YavasGir [https://yavasgir136.live]: Antibot detected: 403 or __cf_chl_tk in URL (0.79s)
     - piabettv14.live [https://piabettv21.live]: Timeout (10000ms) [code=23]: The operation was aborted due to timeout (21.08s)
     - restmacizle23.cfd [https://patronspor.is/]: Skipped by skip_text: "https://patronspor.is/?s={search_term_string}" (1.90s)
     - hepbetspor [https://patronspor.is/]: Skipped by skip_text: "https://patronspor.is/?s={search_term_string}" (1.55s)
     - woe.sx [https://voe.sx/e/nemg6vqtnrkf]: Non-success status: 404 (1.01s)
🚩  Changed pattern → non-pattern domains:
     Frequently changed domains — sporcafe*.xyz — Spor Cafe: Pattern domain redirected to non-pattern (www.sporcafe-0c2608ad69.xyz → www.sporcafe-0c2608ad69.xyz) - filter not updated, waiting for new pattern domain



⚠️  Warnings:
     - Dead site test - deadexample24.com: Failed for 219 days - consider removing from filters
     - Test Probe Fail - example.org: Failed for 219 days - consider removing from filters
     - Frequently changed domains — dizipal*.com — Dizipal: Failed for 20 days - consider removing from filters
     - Frequently changed domains — zeusdizi*.com: Failed for 153 days - consider removing from filters
     - Frequently changed domains — netsportv*.top: Failed for 143 days - consider removing from filters
     - Frequently changed domains — zeustv*.com: Failed for 178 days - consider removing from filters
     - Frequently changed domains — xsportv*.xyz: Failed for 196 days - consider removing from filters
     - Frequently changed domains — seyirspor*.com: Failed for 165 days - consider removing from filters
     - Frequently changed domains — lorabettvhd*.shop: Failed for 219 days - consider removing from filters
     - Frequently changed domains — bosssports*.com: Failed for 96 days - consider removing from filters
     - Frequently changed domains — betist*tv.live: Domain redirected (betist261tv.live → betist263tv.live) but protected by antibot - old domain may remain in filter rules
     - Frequently changed domains — betivotv*.com: Failed for 41 days - consider removing from filters
     - Frequently changed domains — Saha TV: Failed for 179 days - consider removing from filters
     - Frequently changed domains — YavasGir: Failed for 68 days - consider removing from filters
     - piabettv14.live: Failed for 48 days - consider removing from filters
     - restmacizle23.cfd: Failed for 194 days - consider removing from filters
     - hepbetspor: Failed for 216 days - consider removing from filters
     - woe.sx: Failed for 127 days - consider removing from filters

⚠️  Antibot accepted (ignored by config):
     - Frequently changed domains — betist*tv.live [https://betist263tv.live]: Antibot detected, but accepted by config (46.68s)


📋  View detailed log: https://github.com/Alex-302/AdguardFilters/actions/runs/36468679508#artifacts
⬆️ ⬆️ ⬆️  💡 💡 💡  Direct Commit Mode 💡 💡 💡  ⬆️ ⬆️ ⬆️


================================================================================
Run: 2026-09-29 00:03:46.999
================================================================================

2026-09-29 00:02:37.054 Rotating Domains Checker v1.4.2 - WRITE mode
2026-09-29 00:02:37.055 Test filters dir: NO
2026-09-29 00:02:37.055 Target repo path: ./
2026-09-29 00:02:37.055 Sites to check: 47

2026-09-29 00:03:45.232 
                      Redirected domains 
╔══════════════════════════════════════════════╤═══════════════════╤═══════════════════╤════════╗
║ Site                                         │ From              │ To                │ Time   ║
╟──────────────────────────────────────────────┼───────────────────┼───────────────────┼────────╢
║ Frequently changed domains — betmatiktv*.com │ betmatiktv155.com │ betmatiktv156.com │ 25.93s ║
║ Frequently changed domains — otobettv*.com   │ otobettv84.com    │ otobettv85.com    │ 26.82s ║
╚══════════════════════════════════════════════╧═══════════════════╧═══════════════════╧════════╝

2026-09-29 00:03:46.883 ⬇️ ⬇️ ⬇️  ---=== Domains rotating summary ===---  ⬇️ ⬇️ ⬇️
2026-09-29 00:03:46.883   Total sites: 47
2026-09-29 00:03:46.883   ├─ Checked sites: 47
2026-09-29 00:03:46.883   ├─ 🔄 Watchers with active mirror changed: 2
2026-09-29 00:03:46.883   ├─ 📋 Watchers with filter mirror list changed: 0
2026-09-29 00:03:46.883   ├─ 🚩 Pattern→non-pattern: 1
2026-09-29 00:03:46.883   └─ Unchanged watchers: 22
2026-09-29 00:03:46.883  🚨  Failed: 21
2026-09-29 00:03:46.883   ├─ including antibot blocked: 4
2026-09-29 00:03:46.883   └─ Network problems or dead: 17
2026-09-29 00:03:46.883 
2026-09-29 00:03:46.883 Problems:
2026-09-29 00:03:46.883  🚨 Errors (no replacements made):
2026-09-29 00:03:46.883      - zonatmo.to [https://zonatmo.to]: Non-success status: 523 (4.61s)
2026-09-29 00:03:46.883      - Dead site test - deadexample24.com [https://deadexample24.com]: DNS resolution failed (0.04s)
2026-09-29 00:03:46.883      - Test Probe Fail - example.org [https://example.org]: Content probe failed (0.38s)
2026-09-29 00:03:46.883      - Frequently changed domains — belestepe*.sbs — Belestepe [https://belestepe635.sbs]: Timeout (10000ms) [code=23]: The operation was aborted due to timeout (21.04s)
2026-09-29 00:03:46.883      - Frequently changed domains — dizipal*.com — Dizipal [https://dizipal2127.com]: Antibot detected: 403 or __cf_chl_tk in URL (0.50s)
2026-09-29 00:03:46.883      - Frequently changed domains — zeusdizi*.com [https://zeusdizi32.com]: Antibot detected: 403 or __cf_chl_tk in URL (25.65s)
2026-09-29 00:03:46.883      - Frequently changed domains — netsportv*.top [https://www.netsportv264.top/]: Antibot detected: 403 or __cf_chl_tk in URL (1.70s)
2026-09-29 00:03:46.883      - Frequently changed domains — zeustv*.com [https://zeustv243.com]: DNS resolution failed (0.31s)
2026-09-29 00:03:46.883      - Frequently changed domains — xsportv*.xyz [https://www.xsportv-21ee22f79d.xyz]: Non-success status: 404 (1.01s)
2026-09-29 00:03:46.883      - Frequently changed domains — seyirspor*.com [https://seyirspor17.com]: DNS resolution failed (0.04s)
2026-09-29 00:03:46.883      - Frequently changed domains — lorabettvhd*.shop [https://lorabettvhd80.shop]: DNS resolution failed (0.04s)
2026-09-29 00:03:46.883      - Frequently changed domains — bosssports*.com [https://bosssports612.com]: Timeout (10000ms) [code=23]: The operation was aborted due to timeout (21.02s)
2026-09-29 00:03:46.883      - Frequently changed domains — Kralsports HD [https://kralsportshd7.com]: DNS resolution failed (0.01s)
2026-09-29 00:03:46.883      - Frequently changed domains — rotabettv*.com [https://rotabettv516.com]: Non-success status: 523 (15.80s)
2026-09-29 00:03:46.883      - Frequently changed domains — betivotv*.com [https://betivotv157.com]: Non-success status: 404 (1.35s)
2026-09-29 00:03:46.883      - Frequently changed domains — Saha TV [https://sahatv2.top]: DNS resolution failed (0.02s)
2026-09-29 00:03:46.883      - Frequently changed domains — YavasGir [https://yavasgir136.live]: Antibot detected: 403 or __cf_chl_tk in URL (1.03s)
2026-09-29 00:03:46.883      - piabettv14.live [https://piabettv21.live]: Timeout (10000ms) [code=23]: The operation was aborted due to timeout (21.02s)
2026-09-29 00:03:46.883      - restmacizle23.cfd [https://patronspor.is/]: Skipped by skip_text: "https://patronspor.is/?s={search_term_string}" (1.43s)
2026-09-29 00:03:46.883      - hepbetspor [https://patronspor.is/]: Skipped by skip_text: "https://patronspor.is/?s={search_term_string}" (0.90s)
2026-09-29 00:03:46.883      - woe.sx [https://voe.sx/e/nemg6vqtnrkf]: Non-success status: 404 (1.00s)
2026-09-29 00:03:46.884  🚩  Changed pattern → non-pattern domains:
2026-09-29 00:03:46.884      Frequently changed domains — sporcafe*.xyz — Spor Cafe: Pattern domain redirected to non-pattern (www.sporcafe-0c2608ad69.xyz → www.sporcafe-0c2608ad69.xyz) - filter not updated, waiting for new pattern domain
2026-09-29 00:03:46.884  ⚠️  Warnings:
2026-09-29 00:03:46.884      - Dead site test - deadexample24.com: Failed for 219 days - consider removing from filters
2026-09-29 00:03:46.884      - Test Probe Fail - example.org: Failed for 219 days - consider removing from filters
2026-09-29 00:03:46.884      - Frequently changed domains — dizipal*.com — Dizipal: Failed for 20 days - consider removing from filters
2026-09-29 00:03:46.884      - Frequently changed domains — zeusdizi*.com: Failed for 153 days - consider removing from filters
2026-09-29 00:03:46.884      - Frequently changed domains — netsportv*.top: Failed for 144 days - consider removing from filters
2026-09-29 00:03:46.884      - Frequently changed domains — zeustv*.com: Failed for 178 days - consider removing from filters
2026-09-29 00:03:46.884      - Frequently changed domains — xsportv*.xyz: Failed for 196 days - consider removing from filters
2026-09-29 00:03:46.884      - Frequently changed domains — seyirspor*.com: Failed for 165 days - consider removing from filters
2026-09-29 00:03:46.884      - Frequently changed domains — lorabettvhd*.shop: Failed for 219 days - consider removing from filters
2026-09-29 00:03:46.884      - Frequently changed domains — bosssports*.com: Failed for 96 days - consider removing from filters
2026-09-29 00:03:46.884      - Frequently changed domains — betivotv*.com: Failed for 41 days - consider removing from filters
2026-09-29 00:03:46.884      - Frequently changed domains — Saha TV: Failed for 180 days - consider removing from filters
2026-09-29 00:03:46.884      - Frequently changed domains — YavasGir: Failed for 68 days - consider removing from filters
2026-09-29 00:03:46.884      - piabettv14.live: Failed for 48 days - consider removing from filters
2026-09-29 00:03:46.884      - restmacizle23.cfd: Failed for 194 days - consider removing from filters
2026-09-29 00:03:46.884      - hepbetspor: Failed for 216 days - consider removing from filters
2026-09-29 00:03:46.884      - woe.sx: Failed for 127 days - consider removing from filters
2026-09-29 00:03:46.884 
2026-09-29 00:03:46.884 Total phase time: 68.169s
2026-09-29 00:03:46.884 
2026-09-29 00:03:46.884 Unchanged watchers:
                        ww0.jmanga.cash (jmanga.locker), Test Probe Success - example.de (example.de), Frequently changed domains — sporcafe*.xyz — Spor Cafe (www.sporcafe-0c2608ad69.xyz), Frequently changed domains — turkifsaclub*.sbs (turkifsaclub208.sbs), turkifsaclub-12.sbs (turkifsaclub208.sbs), Frequently changed domains — gobtv*.com (gobtv27.com), Frequently changed domains — trgooltv*.top (trgooltv69.top), Frequently changed domains — vegatv*.shop (vegatv89.shop), Frequently changed domains — acartv*.live (acartv107.live), Frequently changed domains — inattvizle*.top (www.inattvizle500.top), Frequently changed domains — portobettv*.com (www.portobettv55.com), Frequently changed domains — kodtimetv*.com (kodtimetv33.com), amp-6392fa66a0.selcuksportshdamp-aa805a079c.click (amp-6392fa66a0.selcuksportshdamp-aa805a079c.click), dizigom104.com (www.alliance4creativity.com), sultansportv562.com (golvar566.sbs), taraftarium24.xyz (taraftarium24.xyz), www.selcuksportshd8443661f57.xyz (www.selcuksportshdbd813bd00f.xyz), www.taraftarium91.top (www.taraftarium210.top), patronspor04548a2wer45awes.cfd (raw.githack.com), torrentsee (torrentsee362.com), gptgirlfriend.com (www.gptgirlfriend.online), Frequently changed domains — askimyavas*.com (askimyavas194.live)

2026-09-29 00:03:46.884 === Domains replacement summary ===
2026-09-29 00:03:46.884 Files scanned: 355
2026-09-29 00:03:46.884 Files modified: 1
2026-09-29 00:03:46.884 Total line edits: 2
2026-09-29 00:03:46.884 Total phase time: 1.657s
2026-09-29 00:03:46.884 ⬆️ ⬆️ ⬆️  ---=== Domains rotating summary ===---  ⬆️ ⬆️ ⬆️


2026-09-29 00:03:46.997 ⌛ Total execution time: 69.977s

⬇️ ⬇️ ⬇️  💡 💡 💡  Direct Commit Mode 💡 💡 💡  ⬇️ ⬇️ ⬇️
Target branch: master
Commit message:
Rotating Domains Checker: Updating domains

🔄  Watchers with active mirror changed:

Frequently changed domains — betmatiktv*.com   betmatiktv155.com    → betmatiktv156.com   
Frequently changed domains — otobettv*.com     otobettv84.com       → otobettv85.com      

✅ Unchanged watchers:
     ww0.jmanga.cash (jmanga.locker), Test Probe Success - example.de (example.de), Frequently changed domains — sporcafe*.xyz — Spor Cafe (www.sporcafe-0c2608ad69.xyz), Frequently changed domains — turkifsaclub*.sbs (turkifsaclub208.sbs), turkifsaclub-12.sbs (turkifsaclub208.sbs), Frequently changed domains — gobtv*.com (gobtv27.com), Frequently changed domains — trgooltv*.top (trgooltv69.top), Frequently changed domains — vegatv*.shop (vegatv89.shop), Frequently changed domains — acartv*.live (acartv107.live), Frequently changed domains — inattvizle*.top (www.inattvizle500.top), Frequently changed domains — portobettv*.com (www.portobettv55.com), Frequently changed domains — kodtimetv*.com (kodtimetv33.com), amp-6392fa66a0.selcuksportshdamp-aa805a079c.click (amp-6392fa66a0.selcuksportshdamp-aa805a079c.click), dizigom104.com (www.alliance4creativity.com), sultansportv562.com (golvar566.sbs), taraftarium24.xyz (taraftarium24.xyz), www.selcuksportshd8443661f57.xyz (www.selcuksportshdbd813bd00f.xyz), www.taraftarium91.top (www.taraftarium210.top), patronspor04548a2wer45awes.cfd (raw.githack.com), torrentsee (torrentsee362.com), gptgirlfriend.com (www.gptgirlfriend.online), Frequently changed domains — askimyavas*.com (askimyavas194.live)

🚨 Errors (no replacements made):
     - zonatmo.to [https://zonatmo.to]: Non-success status: 523 (4.61s)
     - Dead site test - deadexample24.com [https://deadexample24.com]: DNS resolution failed (0.04s)
     - Test Probe Fail - example.org [https://example.org]: Content probe failed (0.38s)
     - Frequently changed domains — belestepe*.sbs — Belestepe [https://belestepe635.sbs]: Timeout (10000ms) [code=23]: The operation was aborted due to timeout (21.04s)
     - Frequently changed domains — dizipal*.com — Dizipal [https://dizipal2127.com]: Antibot detected: 403 or __cf_chl_tk in URL (0.50s)
     - Frequently changed domains — zeusdizi*.com [https://zeusdizi32.com]: Antibot detected: 403 or __cf_chl_tk in URL (25.65s)
     - Frequently changed domains — netsportv*.top [https://www.netsportv264.top/]: Antibot detected: 403 or __cf_chl_tk in URL (1.70s)
     - Frequently changed domains — zeustv*.com [https://zeustv243.com]: DNS resolution failed (0.31s)
     - Frequently changed domains — xsportv*.xyz [https://www.xsportv-21ee22f79d.xyz]: Non-success status: 404 (1.01s)
     - Frequently changed domains — seyirspor*.com [https://seyirspor17.com]: DNS resolution failed (0.04s)
     - Frequently changed domains — lorabettvhd*.shop [https://lorabettvhd80.shop]: DNS resolution failed (0.04s)
     - Frequently changed domains — bosssports*.com [https://bosssports612.com]: Timeout (10000ms) [code=23]: The operation was aborted due to timeout (21.02s)
     - Frequently changed domains — Kralsports HD [https://kralsportshd7.com]: DNS resolution failed (0.01s)
     - Frequently changed domains — rotabettv*.com [https://rotabettv516.com]: Non-success status: 523 (15.80s)
     - Frequently changed domains — betivotv*.com [https://betivotv157.com]: Non-success status: 404 (1.35s)
     - Frequently changed domains — Saha TV [https://sahatv2.top]: DNS resolution failed (0.02s)
     - Frequently changed domains — YavasGir [https://yavasgir136.live]: Antibot detected: 403 or __cf_chl_tk in URL (1.03s)
     - piabettv14.live [https://piabettv21.live]: Timeout (10000ms) [code=23]: The operation was aborted due to timeout (21.02s)
     - restmacizle23.cfd [https://patronspor.is/]: Skipped by skip_text: "https://patronspor.is/?s={search_term_string}" (1.43s)
     - hepbetspor [https://patronspor.is/]: Skipped by skip_text: "https://patronspor.is/?s={search_term_string}" (0.90s)
     - woe.sx [https://voe.sx/e/nemg6vqtnrkf]: Non-success status: 404 (1.00s)
🚩  Changed pattern → non-pattern domains:
     Frequently changed domains — sporcafe*.xyz — Spor Cafe: Pattern domain redirected to non-pattern (www.sporcafe-0c2608ad69.xyz → www.sporcafe-0c2608ad69.xyz) - filter not updated, waiting for new pattern domain



⚠️  Warnings:
     - Dead site test - deadexample24.com: Failed for 219 days - consider removing from filters
     - Test Probe Fail - example.org: Failed for 219 days - consider removing from filters
     - Frequently changed domains — dizipal*.com — Dizipal: Failed for 20 days - consider removing from filters
     - Frequently changed domains — zeusdizi*.com: Failed for 153 days - consider removing from filters
     - Frequently changed domains — netsportv*.top: Failed for 144 days - consider removing from filters
     - Frequently changed domains — zeustv*.com: Failed for 178 days - consider removing from filters
     - Frequently changed domains — xsportv*.xyz: Failed for 196 days - consider removing from filters
     - Frequently changed domains — seyirspor*.com: Failed for 165 days - consider removing from filters
     - Frequently changed domains — lorabettvhd*.shop: Failed for 219 days - consider removing from filters
     - Frequently changed domains — bosssports*.com: Failed for 96 days - consider removing from filters
     - Frequently changed domains — betivotv*.com: Failed for 41 days - consider removing from filters
     - Frequently changed domains — Saha TV: Failed for 180 days - consider removing from filters
     - Frequently changed domains — YavasGir: Failed for 68 days - consider removing from filters
     - piabettv14.live: Failed for 48 days - consider removing from filters
     - restmacizle23.cfd: Failed for 194 days - consider removing from filters
     - hepbetspor: Failed for 216 days - consider removing from filters
     - woe.sx: Failed for 127 days - consider removing from filters


📋  View detailed log: https://github.com/Alex-302/AdguardFilters/actions/runs/36501091814#artifacts
⬆️ ⬆️ ⬆️  💡 💡 💡  Direct Commit Mode 💡 💡 💡  ⬆️ ⬆️ ⬆️


================================================================================
Run: 2026-09-29 17:40:53.326
================================================================================

2026-09-29 17:39:52.960 Rotating Domains Checker v1.5.1 - WRITE mode
2026-09-29 17:39:52.962 Test filters dir: NO
2026-09-29 17:39:52.962 Target repo path: ./
2026-09-29 17:39:52.962 Sites to check: 47

2026-09-29 17:40:51.054 
                      Redirected domains 
╔════════════════════════════════════════════╤════════════════╤════════════════╤════════╗
║ Site                                       │ From           │ To             │ Time   ║
╟────────────────────────────────────────────┼────────────────┼────────────────┼────────╢
║ Frequently changed domains — trgooltv*.top │ trgooltv69.top │ trgooltv73.top │ 16.76s ║
╚════════════════════════════════════════════╧════════════════╧════════════════╧════════╝

2026-09-29 17:40:53.205 ⬇️ ⬇️ ⬇️  ---=== Domains rotating summary ===---  ⬇️ ⬇️ ⬇️
2026-09-29 17:40:53.205   Total sites: 47
2026-09-29 17:40:53.205   ├─ Checked sites: 47
2026-09-29 17:40:53.205   ├─ 🔄 Watchers with active mirror changed: 1
2026-09-29 17:40:53.205   ├─ 📋 Watchers with filter mirror list changed: 0
2026-09-29 17:40:53.205   ├─ 🚩 Pattern→non-pattern: 0
2026-09-29 17:40:53.205   └─ Unchanged watchers: 23
2026-09-29 17:40:53.205  🚨  Failed: 22
2026-09-29 17:40:53.205   ├─ including antibot blocked: 4
2026-09-29 17:40:53.205   └─ Network problems or dead: 18
2026-09-29 17:40:53.205 
2026-09-29 17:40:53.205 Problems:
2026-09-29 17:40:53.205  🚨 Errors (no replacements made):
2026-09-29 17:40:53.205      - zonatmo.to [https://zonatmo.to]: Non-success status: 523 (8.41s)
2026-09-29 17:40:53.205      - Dead site test - deadexample24.com [https://deadexample24.com]: DNS resolution failed (0.05s)
2026-09-29 17:40:53.205      - Test Probe Fail - example.org [https://example.org]: Content probe failed (0.21s)
2026-09-29 17:40:53.205      - Frequently changed domains — sporcafe*.xyz — Spor Cafe [https://www.sporcafe-0c2608ad69.xyz]: Connection timeout [code=ETIMEDOUT]: fetch failed (2.43s)
2026-09-29 17:40:53.205      - Frequently changed domains — belestepe*.sbs — Belestepe [https://belestepe635.sbs]: Non-success status: 523 (5.23s)
2026-09-29 17:40:53.205      - Frequently changed domains — dizipal*.com — Dizipal [https://dizipal2127.com]: Antibot detected: 403 or __cf_chl_tk in URL (0.54s)
2026-09-29 17:40:53.205      - Frequently changed domains — zeusdizi*.com [https://zeusdizi32.com]: Antibot detected: 403 or __cf_chl_tk in URL (16.34s)
2026-09-29 17:40:53.205      - Frequently changed domains — netsportv*.top [https://www.netsportv264.top/]: Antibot detected: 403 or __cf_chl_tk in URL (1.87s)
2026-09-29 17:40:53.205      - Frequently changed domains — zeustv*.com [https://zeustv243.com]: DNS resolution failed (0.30s)
2026-09-29 17:40:53.205      - Frequently changed domains — xsportv*.xyz [https://www.xsportv-21ee22f79d.xyz]: Non-success status: 404 (0.73s)
2026-09-29 17:40:53.205      - Frequently changed domains — seyirspor*.com [https://seyirspor17.com]: DNS resolution failed (0.06s)
2026-09-29 17:40:53.205      - Frequently changed domains — lorabettvhd*.shop [https://lorabettvhd80.shop]: DNS resolution failed (0.05s)
2026-09-29 17:40:53.205      - Frequently changed domains — bosssports*.com [https://bosssports612.com]: Non-success status: 523 (8.34s)
2026-09-29 17:40:53.205      - Frequently changed domains — Kralsports HD [https://kralsportshd7.com]: DNS resolution failed (0.02s)
2026-09-29 17:40:53.205      - Frequently changed domains — rotabettv*.com [https://rotabettv516.com]: Non-success status: 523 (8.19s)
2026-09-29 17:40:53.205      - Frequently changed domains — betivotv*.com [https://betivotv157.com]: Non-success status: 404 (2.09s)
2026-09-29 17:40:53.205      - Frequently changed domains — Saha TV [https://sahatv2.top]: DNS resolution failed (0.21s)
2026-09-29 17:40:53.205      - Frequently changed domains — YavasGir [https://yavasgir136.live]: Antibot detected: 403 or __cf_chl_tk in URL (0.83s)
2026-09-29 17:40:53.205      - piabettv14.live [https://piabettv21.live]: Timeout (10000ms) [code=23]: The operation was aborted due to timeout (11.55s)
2026-09-29 17:40:53.205      - restmacizle23.cfd [https://patronspor.is/]: Skipped by skip_text: "https://patronspor.is/?s={search_term_string}" (2.85s)
2026-09-29 17:40:53.205      - hepbetspor [https://patronspor.is/]: Skipped by skip_text: "https://patronspor.is/?s={search_term_string}" (2.40s)
2026-09-29 17:40:53.205      - woe.sx [https://voe.sx/e/nemg6vqtnrkf]: Non-success status: 404 (1.11s)
2026-09-29 17:40:53.205  ⚠️  Warnings:
2026-09-29 17:40:53.205      - Dead site test - deadexample24.com: Failed for 220 days - consider removing from filters
2026-09-29 17:40:53.205      - Test Probe Fail - example.org: Failed for 220 days - consider removing from filters
2026-09-29 17:40:53.205      - Frequently changed domains — dizipal*.com — Dizipal: Failed for 21 days - consider removing from filters
2026-09-29 17:40:53.205      - Frequently changed domains — zeusdizi*.com: Failed for 154 days - consider removing from filters
2026-09-29 17:40:53.205      - Frequently changed domains — netsportv*.top: Failed for 144 days - consider removing from filters
2026-09-29 17:40:53.205      - Frequently changed domains — zeustv*.com: Failed for 179 days - consider removing from filters
2026-09-29 17:40:53.205      - Frequently changed domains — xsportv*.xyz: Failed for 197 days - consider removing from filters
2026-09-29 17:40:53.205      - Frequently changed domains — seyirspor*.com: Failed for 166 days - consider removing from filters
2026-09-29 17:40:53.205      - Frequently changed domains — lorabettvhd*.shop: Failed for 220 days - consider removing from filters
2026-09-29 17:40:53.205      - Frequently changed domains — bosssports*.com: Failed for 97 days - consider removing from filters
2026-09-29 17:40:53.205      - Frequently changed domains — betivotv*.com: Failed for 42 days - consider removing from filters
2026-09-29 17:40:53.205      - Frequently changed domains — Saha TV: Failed for 180 days - consider removing from filters
2026-09-29 17:40:53.205      - Frequently changed domains — YavasGir: Failed for 69 days - consider removing from filters
2026-09-29 17:40:53.205      - piabettv14.live: Failed for 49 days - consider removing from filters
2026-09-29 17:40:53.205      - restmacizle23.cfd: Failed for 195 days - consider removing from filters
2026-09-29 17:40:53.205      - hepbetspor: Failed for 217 days - consider removing from filters
2026-09-29 17:40:53.205      - woe.sx: Failed for 127 days - consider removing from filters
2026-09-29 17:40:53.205 
2026-09-29 17:40:53.205 Total phase time: 58.082s
2026-09-29 17:40:53.205 
2026-09-29 17:40:53.205 Unchanged watchers:
                        ww0.jmanga.cash (jmanga.locker), Test Probe Success - example.de (example.de), Frequently changed domains — turkifsaclub*.sbs (turkifsaclub208.sbs), turkifsaclub-12.sbs (turkifsaclub208.sbs), Frequently changed domains — gobtv*.com (gobtv27.com), Frequently changed domains — vegatv*.shop (vegatv89.shop), Frequently changed domains — betmatiktv*.com (betmatiktv156.com), Frequently changed domains — acartv*.live (acartv107.live), Frequently changed domains — inattvizle*.top (www.inattvizle500.top), Frequently changed domains — otobettv*.com (otobettv85.com), Frequently changed domains — portobettv*.com (www.portobettv55.com), Frequently changed domains — kodtimetv*.com (kodtimetv33.com), amp-6392fa66a0.selcuksportshdamp-aa805a079c.click (amp-6392fa66a0.selcuksportshdamp-aa805a079c.click), dizigom104.com (www.alliance4creativity.com), sultansportv562.com (golvar566.sbs), taraftarium24.xyz (taraftarium24.xyz), www.selcuksportshd8443661f57.xyz (www.selcuksportshdbd813bd00f.xyz), www.taraftarium91.top (www.taraftarium210.top), patronspor04548a2wer45awes.cfd (raw.githack.com), torrentsee (torrentsee362.com), gptgirlfriend.com (www.gptgirlfriend.online), Frequently changed domains — askimyavas*.com (askimyavas194.live)

2026-09-29 17:40:53.206 === Domains replacement summary ===
2026-09-29 17:40:53.206 Files scanned: 355
2026-09-29 17:40:53.206 Files modified: 1
2026-09-29 17:40:53.206 Total line edits: 3
2026-09-29 17:40:53.206 Total phase time: 2.157s
2026-09-29 17:40:53.206 ⬆️ ⬆️ ⬆️  ---=== Domains rotating summary ===---  ⬆️ ⬆️ ⬆️


2026-09-29 17:40:53.323 ⌛ Total execution time: 60.404s

⬇️ ⬇️ ⬇️  💡 💡 💡  Direct Commit Mode 💡 💡 💡  ⬇️ ⬇️ ⬇️
Target branch: master
Commit message:
Rotating Domains Checker: Updating domains

🔄  Watchers with active mirror changed:

Frequently changed domains — trgooltv*.top   trgooltv69.top       → trgooltv73.top      

✅ Unchanged watchers:
     ww0.jmanga.cash (jmanga.locker), Test Probe Success - example.de (example.de), Frequently changed domains — turkifsaclub*.sbs (turkifsaclub208.sbs), turkifsaclub-12.sbs (turkifsaclub208.sbs), Frequently changed domains — gobtv*.com (gobtv27.com), Frequently changed domains — vegatv*.shop (vegatv89.shop), Frequently changed domains — betmatiktv*.com (betmatiktv156.com), Frequently changed domains — acartv*.live (acartv107.live), Frequently changed domains — inattvizle*.top (www.inattvizle500.top), Frequently changed domains — otobettv*.com (otobettv85.com), Frequently changed domains — portobettv*.com (www.portobettv55.com), Frequently changed domains — kodtimetv*.com (kodtimetv33.com), amp-6392fa66a0.selcuksportshdamp-aa805a079c.click (amp-6392fa66a0.selcuksportshdamp-aa805a079c.click), dizigom104.com (www.alliance4creativity.com), sultansportv562.com (golvar566.sbs), taraftarium24.xyz (taraftarium24.xyz), www.selcuksportshd8443661f57.xyz (www.selcuksportshdbd813bd00f.xyz), www.taraftarium91.top (www.taraftarium210.top), patronspor04548a2wer45awes.cfd (raw.githack.com), torrentsee (torrentsee362.com), gptgirlfriend.com (www.gptgirlfriend.online), Frequently changed domains — askimyavas*.com (askimyavas194.live)

🚨 Errors (no replacements made):
     - zonatmo.to [https://zonatmo.to]: Non-success status: 523 (8.41s)
     - Dead site test - deadexample24.com [https://deadexample24.com]: DNS resolution failed (0.05s)
     - Test Probe Fail - example.org [https://example.org]: Content probe failed (0.21s)
     - Frequently changed domains — sporcafe*.xyz — Spor Cafe [https://www.sporcafe-0c2608ad69.xyz]: Connection timeout [code=ETIMEDOUT]: fetch failed (2.43s)
     - Frequently changed domains — belestepe*.sbs — Belestepe [https://belestepe635.sbs]: Non-success status: 523 (5.23s)
     - Frequently changed domains — dizipal*.com — Dizipal [https://dizipal2127.com]: Antibot detected: 403 or __cf_chl_tk in URL (0.54s)
     - Frequently changed domains — zeusdizi*.com [https://zeusdizi32.com]: Antibot detected: 403 or __cf_chl_tk in URL (16.34s)
     - Frequently changed domains — netsportv*.top [https://www.netsportv264.top/]: Antibot detected: 403 or __cf_chl_tk in URL (1.87s)
     - Frequently changed domains — zeustv*.com [https://zeustv243.com]: DNS resolution failed (0.30s)
     - Frequently changed domains — xsportv*.xyz [https://www.xsportv-21ee22f79d.xyz]: Non-success status: 404 (0.73s)
     - Frequently changed domains — seyirspor*.com [https://seyirspor17.com]: DNS resolution failed (0.06s)
     - Frequently changed domains — lorabettvhd*.shop [https://lorabettvhd80.shop]: DNS resolution failed (0.05s)
     - Frequently changed domains — bosssports*.com [https://bosssports612.com]: Non-success status: 523 (8.34s)
     - Frequently changed domains — Kralsports HD [https://kralsportshd7.com]: DNS resolution failed (0.02s)
     - Frequently changed domains — rotabettv*.com [https://rotabettv516.com]: Non-success status: 523 (8.19s)
     - Frequently changed domains — betivotv*.com [https://betivotv157.com]: Non-success status: 404 (2.09s)
     - Frequently changed domains — Saha TV [https://sahatv2.top]: DNS resolution failed (0.21s)
     - Frequently changed domains — YavasGir [https://yavasgir136.live]: Antibot detected: 403 or __cf_chl_tk in URL (0.83s)
     - piabettv14.live [https://piabettv21.live]: Timeout (10000ms) [code=23]: The operation was aborted due to timeout (11.55s)
     - restmacizle23.cfd [https://patronspor.is/]: Skipped by skip_text: "https://patronspor.is/?s={search_term_string}" (2.85s)
     - hepbetspor [https://patronspor.is/]: Skipped by skip_text: "https://patronspor.is/?s={search_term_string}" (2.40s)
     - woe.sx [https://voe.sx/e/nemg6vqtnrkf]: Non-success status: 404 (1.11s)


⚠️  Warnings:
     - Dead site test - deadexample24.com: Failed for 220 days - consider removing from filters
     - Test Probe Fail - example.org: Failed for 220 days - consider removing from filters
     - Frequently changed domains — dizipal*.com — Dizipal: Failed for 21 days - consider removing from filters
     - Frequently changed domains — zeusdizi*.com: Failed for 154 days - consider removing from filters
     - Frequently changed domains — netsportv*.top: Failed for 144 days - consider removing from filters
     - Frequently changed domains — zeustv*.com: Failed for 179 days - consider removing from filters
     - Frequently changed domains — xsportv*.xyz: Failed for 197 days - consider removing from filters
     - Frequently changed domains — seyirspor*.com: Failed for 166 days - consider removing from filters
     - Frequently changed domains — lorabettvhd*.shop: Failed for 220 days - consider removing from filters
     - Frequently changed domains — bosssports*.com: Failed for 97 days - consider removing from filters
     - Frequently changed domains — betivotv*.com: Failed for 42 days - consider removing from filters
     - Frequently changed domains — Saha TV: Failed for 180 days - consider removing from filters
     - Frequently changed domains — YavasGir: Failed for 69 days - consider removing from filters
     - piabettv14.live: Failed for 49 days - consider removing from filters
     - restmacizle23.cfd: Failed for 195 days - consider removing from filters
     - hepbetspor: Failed for 217 days - consider removing from filters
     - woe.sx: Failed for 127 days - consider removing from filters


📋  View detailed log: https://github.com/Alex-302/AdguardFilters/actions/runs/36606523088#artifacts
⬆️ ⬆️ ⬆️  💡 💡 💡  Direct Commit Mode 💡 💡 💡  ⬆️ ⬆️ ⬆️


================================================================================
Run: 2026-09-29 23:27:32.306
================================================================================

2026-09-29 23:26:21.141 Rotating Domains Checker v1.5.1 - WRITE mode
2026-09-29 23:26:21.143 Test filters dir: NO
2026-09-29 23:26:21.143 Target repo path: ./
2026-09-29 23:26:21.143 Sites to check: 47

2026-09-29 23:27:32.180 ⬇️ ⬇️ ⬇️  ---=== Domains rotating summary ===---  ⬇️ ⬇️ ⬇️
2026-09-29 23:27:32.180   Total sites: 47
2026-09-29 23:27:32.180   ├─ Checked sites: 47
2026-09-29 23:27:32.180   ├─ 🔄 Watchers with active mirror changed: 0
2026-09-29 23:27:32.180   ├─ 📋 Watchers with filter mirror list changed: 0
2026-09-29 23:27:32.180   ├─ 🚩 Pattern→non-pattern: 1
2026-09-29 23:27:32.180   └─ Unchanged watchers: 24
2026-09-29 23:27:32.180  🚨  Failed: 21
2026-09-29 23:27:32.180   ├─ including antibot blocked: 4
2026-09-29 23:27:32.180   └─ Network problems or dead: 17
2026-09-29 23:27:32.180 
2026-09-29 23:27:32.180 Problems:
2026-09-29 23:27:32.180  🚨 Errors (no replacements made):
2026-09-29 23:27:32.180      - zonatmo.to [https://zonatmo.to]: Non-success status: 523 (12.50s)
2026-09-29 23:27:32.180      - Dead site test - deadexample24.com [https://deadexample24.com]: DNS resolution failed (0.09s)
2026-09-29 23:27:32.180      - Test Probe Fail - example.org [https://example.org]: Content probe failed (0.22s)
2026-09-29 23:27:32.180      - Frequently changed domains — belestepe*.sbs — Belestepe [https://belestepe635.sbs]: Non-success status: 523 (4.31s)
2026-09-29 23:27:32.180      - Frequently changed domains — dizipal*.com — Dizipal [https://dizipal2127.com]: Antibot detected: 403 or __cf_chl_tk in URL (0.46s)
2026-09-29 23:27:32.180      - Frequently changed domains — zeusdizi*.com [https://zeusdizi32.com]: Antibot detected: 403 or __cf_chl_tk in URL (26.38s)
2026-09-29 23:27:32.180      - Frequently changed domains — netsportv*.top [https://www.netsportv264.top/]: Antibot detected: 403 or __cf_chl_tk in URL (1.51s)
2026-09-29 23:27:32.180      - Frequently changed domains — zeustv*.com [https://zeustv243.com]: DNS resolution failed (0.24s)
2026-09-29 23:27:32.180      - Frequently changed domains — xsportv*.xyz [https://www.xsportv-21ee22f79d.xyz]: Non-success status: 404 (0.90s)
2026-09-29 23:27:32.180      - Frequently changed domains — seyirspor*.com [https://seyirspor17.com]: DNS resolution failed (0.18s)
2026-09-29 23:27:32.180      - Frequently changed domains — lorabettvhd*.shop [https://lorabettvhd80.shop]: DNS resolution failed (0.27s)
2026-09-29 23:27:32.180      - Frequently changed domains — bosssports*.com [https://bosssports612.com]: Non-success status: 523 (1.06s)
2026-09-29 23:27:32.180      - Frequently changed domains — Kralsports HD [https://kralsportshd7.com]: DNS resolution failed (0.05s)
2026-09-29 23:27:32.180      - Frequently changed domains — rotabettv*.com [https://rotabettv516.com]: Non-success status: 523 (13.67s)
2026-09-29 23:27:32.180      - Frequently changed domains — betivotv*.com [https://betivotv157.com]: Non-success status: 404 (1.42s)
2026-09-29 23:27:32.180      - Frequently changed domains — Saha TV [https://sahatv2.top]: DNS resolution failed (0.10s)
2026-09-29 23:27:32.180      - Frequently changed domains — YavasGir [https://yavasgir136.live]: Antibot detected: 403 or __cf_chl_tk in URL (0.85s)
2026-09-29 23:27:32.180      - piabettv14.live [https://piabettv21.live]: Timeout (10000ms) [code=23]: The operation was aborted due to timeout (21.07s)
2026-09-29 23:27:32.180      - restmacizle23.cfd [https://patronspor.is/]: Skipped by skip_text: "https://patronspor.is/?s={search_term_string}" (1.50s)
2026-09-29 23:27:32.180      - hepbetspor [https://patronspor.is/]: Skipped by skip_text: "https://patronspor.is/?s={search_term_string}" (1.12s)
2026-09-29 23:27:32.180      - woe.sx [https://voe.sx/e/nemg6vqtnrkf]: Non-success status: 404 (1.28s)
2026-09-29 23:27:32.181  🚩  Changed pattern → non-pattern domains:
2026-09-29 23:27:32.181      Frequently changed domains — sporcafe*.xyz — Spor Cafe: Pattern domain redirected to non-pattern (www.sporcafe-0c2608ad69.xyz → www.sporcafe-0c2608ad69.xyz) - filter not updated, waiting for new pattern domain
2026-09-29 23:27:32.181  ⚠️  Warnings:
2026-09-29 23:27:32.181      - Dead site test - deadexample24.com: Failed for 220 days - consider removing from filters
2026-09-29 23:27:32.181      - Test Probe Fail - example.org: Failed for 220 days - consider removing from filters
2026-09-29 23:27:32.181      - Frequently changed domains — dizipal*.com — Dizipal: Failed for 21 days - consider removing from filters
2026-09-29 23:27:32.181      - Frequently changed domains — zeusdizi*.com: Failed for 154 days - consider removing from filters
2026-09-29 23:27:32.181      - Frequently changed domains — netsportv*.top: Failed for 145 days - consider removing from filters
2026-09-29 23:27:32.181      - Frequently changed domains — zeustv*.com: Failed for 179 days - consider removing from filters
2026-09-29 23:27:32.181      - Frequently changed domains — xsportv*.xyz: Failed for 197 days - consider removing from filters
2026-09-29 23:27:32.181      - Frequently changed domains — seyirspor*.com: Failed for 166 days - consider removing from filters
2026-09-29 23:27:32.181      - Frequently changed domains — lorabettvhd*.shop: Failed for 220 days - consider removing from filters
2026-09-29 23:27:32.181      - Frequently changed domains — bosssports*.com: Failed for 97 days - consider removing from filters
2026-09-29 23:27:32.181      - Frequently changed domains — betivotv*.com: Failed for 42 days - consider removing from filters
2026-09-29 23:27:32.181      - Frequently changed domains — Saha TV: Failed for 181 days - consider removing from filters
2026-09-29 23:27:32.181      - Frequently changed domains — YavasGir: Failed for 69 days - consider removing from filters
2026-09-29 23:27:32.181      - piabettv14.live: Failed for 49 days - consider removing from filters
2026-09-29 23:27:32.181      - restmacizle23.cfd: Failed for 195 days - consider removing from filters
2026-09-29 23:27:32.181      - hepbetspor: Failed for 217 days - consider removing from filters
2026-09-29 23:27:32.181      - woe.sx: Failed for 128 days - consider removing from filters
2026-09-29 23:27:32.181 
2026-09-29 23:27:32.181 Total phase time: 69.025s
2026-09-29 23:27:32.181 
2026-09-29 23:27:32.181 Unchanged watchers:
                        ww0.jmanga.cash (jmanga.locker), Test Probe Success - example.de (example.de), Frequently changed domains — sporcafe*.xyz — Spor Cafe (www.sporcafe-0c2608ad69.xyz), Frequently changed domains — turkifsaclub*.sbs (turkifsaclub208.sbs), turkifsaclub-12.sbs (turkifsaclub208.sbs), Frequently changed domains — gobtv*.com (gobtv27.com), Frequently changed domains — trgooltv*.top (trgooltv73.top), Frequently changed domains — vegatv*.shop (vegatv89.shop), Frequently changed domains — betmatiktv*.com (betmatiktv156.com), Frequently changed domains — acartv*.live (acartv107.live), Frequently changed domains — inattvizle*.top (www.inattvizle500.top), Frequently changed domains — otobettv*.com (otobettv85.com), Frequently changed domains — portobettv*.com (www.portobettv55.com), Frequently changed domains — kodtimetv*.com (kodtimetv33.com), amp-6392fa66a0.selcuksportshdamp-aa805a079c.click (amp-6392fa66a0.selcuksportshdamp-aa805a079c.click), dizigom104.com (www.alliance4creativity.com), sultansportv562.com (golvar566.sbs), taraftarium24.xyz (taraftarium24.xyz), www.selcuksportshd8443661f57.xyz (www.selcuksportshdbd813bd00f.xyz), www.taraftarium91.top (www.taraftarium210.top), patronspor04548a2wer45awes.cfd (raw.githack.com), torrentsee (torrentsee362.com), gptgirlfriend.com (www.gptgirlfriend.online), Frequently changed domains — askimyavas*.com (askimyavas194.live)

2026-09-29 23:27:32.181 === Domains replacement summary ===
2026-09-29 23:27:32.181 Files scanned: 355
2026-09-29 23:27:32.181 Files modified: 0
2026-09-29 23:27:32.181 Total line edits: 0
2026-09-29 23:27:32.181 Total phase time: 2.007s
2026-09-29 23:27:32.181 ⬆️ ⬆️ ⬆️  ---=== Domains rotating summary ===---  ⬆️ ⬆️ ⬆️


2026-09-29 23:27:32.303 ⌛ Total execution time: 71.236s

⬇️ ⬇️ ⬇️  💡 💡 💡  Direct Commit Mode 💡 💡 💡  ⬇️ ⬇️ ⬇️
Target branch: master
Commit message:
Rotating Domains Checker: Updating domains

🔄  Watchers with active mirror changed: 0 (filter mirror cleanup only)
✅ Unchanged watchers:
     ww0.jmanga.cash (jmanga.locker), Test Probe Success - example.de (example.de), Frequently changed domains — sporcafe*.xyz — Spor Cafe (www.sporcafe-0c2608ad69.xyz), Frequently changed domains — turkifsaclub*.sbs (turkifsaclub208.sbs), turkifsaclub-12.sbs (turkifsaclub208.sbs), Frequently changed domains — gobtv*.com (gobtv27.com), Frequently changed domains — trgooltv*.top (trgooltv73.top), Frequently changed domains — vegatv*.shop (vegatv89.shop), Frequently changed domains — betmatiktv*.com (betmatiktv156.com), Frequently changed domains — acartv*.live (acartv107.live), Frequently changed domains — inattvizle*.top (www.inattvizle500.top), Frequently changed domains — otobettv*.com (otobettv85.com), Frequently changed domains — portobettv*.com (www.portobettv55.com), Frequently changed domains — kodtimetv*.com (kodtimetv33.com), amp-6392fa66a0.selcuksportshdamp-aa805a079c.click (amp-6392fa66a0.selcuksportshdamp-aa805a079c.click), dizigom104.com (www.alliance4creativity.com), sultansportv562.com (golvar566.sbs), taraftarium24.xyz (taraftarium24.xyz), www.selcuksportshd8443661f57.xyz (www.selcuksportshdbd813bd00f.xyz), www.taraftarium91.top (www.taraftarium210.top), patronspor04548a2wer45awes.cfd (raw.githack.com), torrentsee (torrentsee362.com), gptgirlfriend.com (www.gptgirlfriend.online), Frequently changed domains — askimyavas*.com (askimyavas194.live)

🚨 Errors (no replacements made):
     - zonatmo.to [https://zonatmo.to]: Non-success status: 523 (12.50s)
     - Dead site test - deadexample24.com [https://deadexample24.com]: DNS resolution failed (0.09s)
     - Test Probe Fail - example.org [https://example.org]: Content probe failed (0.22s)
     - Frequently changed domains — belestepe*.sbs — Belestepe [https://belestepe635.sbs]: Non-success status: 523 (4.31s)
     - Frequently changed domains — dizipal*.com — Dizipal [https://dizipal2127.com]: Antibot detected: 403 or __cf_chl_tk in URL (0.46s)
     - Frequently changed domains — zeusdizi*.com [https://zeusdizi32.com]: Antibot detected: 403 or __cf_chl_tk in URL (26.38s)
     - Frequently changed domains — netsportv*.top [https://www.netsportv264.top/]: Antibot detected: 403 or __cf_chl_tk in URL (1.51s)
     - Frequently changed domains — zeustv*.com [https://zeustv243.com]: DNS resolution failed (0.24s)
     - Frequently changed domains — xsportv*.xyz [https://www.xsportv-21ee22f79d.xyz]: Non-success status: 404 (0.90s)
     - Frequently changed domains — seyirspor*.com [https://seyirspor17.com]: DNS resolution failed (0.18s)
     - Frequently changed domains — lorabettvhd*.shop [https://lorabettvhd80.shop]: DNS resolution failed (0.27s)
     - Frequently changed domains — bosssports*.com [https://bosssports612.com]: Non-success status: 523 (1.06s)
     - Frequently changed domains — Kralsports HD [https://kralsportshd7.com]: DNS resolution failed (0.05s)
     - Frequently changed domains — rotabettv*.com [https://rotabettv516.com]: Non-success status: 523 (13.67s)
     - Frequently changed domains — betivotv*.com [https://betivotv157.com]: Non-success status: 404 (1.42s)
     - Frequently changed domains — Saha TV [https://sahatv2.top]: DNS resolution failed (0.10s)
     - Frequently changed domains — YavasGir [https://yavasgir136.live]: Antibot detected: 403 or __cf_chl_tk in URL (0.85s)
     - piabettv14.live [https://piabettv21.live]: Timeout (10000ms) [code=23]: The operation was aborted due to timeout (21.07s)
     - restmacizle23.cfd [https://patronspor.is/]: Skipped by skip_text: "https://patronspor.is/?s={search_term_string}" (1.50s)
     - hepbetspor [https://patronspor.is/]: Skipped by skip_text: "https://patronspor.is/?s={search_term_string}" (1.12s)
     - woe.sx [https://voe.sx/e/nemg6vqtnrkf]: Non-success status: 404 (1.28s)
🚩  Changed pattern → non-pattern domains:
     Frequently changed domains — sporcafe*.xyz — Spor Cafe: Pattern domain redirected to non-pattern (www.sporcafe-0c2608ad69.xyz → www.sporcafe-0c2608ad69.xyz) - filter not updated, waiting for new pattern domain



⚠️  Warnings:
     - Dead site test - deadexample24.com: Failed for 220 days - consider removing from filters
     - Test Probe Fail - example.org: Failed for 220 days - consider removing from filters
     - Frequently changed domains — dizipal*.com — Dizipal: Failed for 21 days - consider removing from filters
     - Frequently changed domains — zeusdizi*.com: Failed for 154 days - consider removing from filters
     - Frequently changed domains — netsportv*.top: Failed for 145 days - consider removing from filters
     - Frequently changed domains — zeustv*.com: Failed for 179 days - consider removing from filters
     - Frequently changed domains — xsportv*.xyz: Failed for 197 days - consider removing from filters
     - Frequently changed domains — seyirspor*.com: Failed for 166 days - consider removing from filters
     - Frequently changed domains — lorabettvhd*.shop: Failed for 220 days - consider removing from filters
     - Frequently changed domains — bosssports*.com: Failed for 97 days - consider removing from filters
     - Frequently changed domains — betivotv*.com: Failed for 42 days - consider removing from filters
     - Frequently changed domains — Saha TV: Failed for 181 days - consider removing from filters
     - Frequently changed domains — YavasGir: Failed for 69 days - consider removing from filters
     - piabettv14.live: Failed for 49 days - consider removing from filters
     - restmacizle23.cfd: Failed for 195 days - consider removing from filters
     - hepbetspor: Failed for 217 days - consider removing from filters
     - woe.sx: Failed for 128 days - consider removing from filters


📋  View detailed log: https://github.com/Alex-302/AdguardFilters/actions/runs/36645190060#artifacts
⬆️ ⬆️ ⬆️  💡 💡 💡  Direct Commit Mode 💡 💡 💡  ⬆️ ⬆️ ⬆️


================================================================================
Run: 2026-09-30 04:05:34.013
================================================================================

2026-09-30 04:04:04.889 Rotating Domains Checker v1.5.1 - WRITE mode
2026-09-30 04:04:04.891 Test filters dir: NO
2026-09-30 04:04:04.891 Target repo path: ./
2026-09-30 04:04:04.891 Sites to check: 47

2026-09-30 04:05:31.827 
                      Redirected domains 
╔════════════╤═══════════════════╤═══════════════════╤════════╗
║ Site       │ From              │ To                │ Time   ║
╟────────────┼───────────────────┼───────────────────┼────────╢
║ torrentsee │ torrentsee362.com │ torrentsee365.com │ 82.70s ║
╚════════════╧═══════════════════╧═══════════════════╧════════╝

2026-09-30 04:05:33.891 ⬇️ ⬇️ ⬇️  ---=== Domains rotating summary ===---  ⬇️ ⬇️ ⬇️
2026-09-30 04:05:33.891   Total sites: 47
2026-09-30 04:05:33.891   ├─ Checked sites: 47
2026-09-30 04:05:33.891   ├─ 🔄 Watchers with active mirror changed: 1
2026-09-30 04:05:33.891   ├─ 📋 Watchers with filter mirror list changed: 0
2026-09-30 04:05:33.891   ├─ 🚩 Pattern→non-pattern: 1
2026-09-30 04:05:33.891   └─ Unchanged watchers: 23
2026-09-30 04:05:33.891  🚨  Failed: 21
2026-09-30 04:05:33.891   ├─ including antibot blocked: 4
2026-09-30 04:05:33.891   └─ Network problems or dead: 17
2026-09-30 04:05:33.891 
2026-09-30 04:05:33.892 Problems:
2026-09-30 04:05:33.892  🚨 Errors (no replacements made):
2026-09-30 04:05:33.892      - zonatmo.to [https://zonatmo.to]: Non-success status: 523 (3.62s)
2026-09-30 04:05:33.892      - Dead site test - deadexample24.com [https://deadexample24.com]: DNS resolution failed (0.06s)
2026-09-30 04:05:33.892      - Test Probe Fail - example.org [https://example.org]: Content probe failed (0.16s)
2026-09-30 04:05:33.892      - Frequently changed domains — belestepe*.sbs — Belestepe [https://belestepe635.sbs]: Non-success status: 523 (8.66s)
2026-09-30 04:05:33.892      - Frequently changed domains — dizipal*.com — Dizipal [https://dizipal2127.com]: Antibot detected: 403 or __cf_chl_tk in URL (0.52s)
2026-09-30 04:05:33.892      - Frequently changed domains — zeusdizi*.com [https://zeusdizi32.com]: Antibot detected: 403 or __cf_chl_tk in URL (27.65s)
2026-09-30 04:05:33.892      - Frequently changed domains — netsportv*.top [https://www.netsportv264.top/]: Antibot detected: 403 or __cf_chl_tk in URL (1.19s)
2026-09-30 04:05:33.892      - Frequently changed domains — zeustv*.com [https://zeustv243.com]: DNS resolution failed (0.23s)
2026-09-30 04:05:33.892      - Frequently changed domains — xsportv*.xyz [https://www.xsportv-21ee22f79d.xyz]: Non-success status: 404 (0.84s)
2026-09-30 04:05:33.892      - Frequently changed domains — seyirspor*.com [https://seyirspor17.com]: DNS resolution failed (0.16s)
2026-09-30 04:05:33.892      - Frequently changed domains — lorabettvhd*.shop [https://lorabettvhd80.shop]: DNS resolution failed (0.06s)
2026-09-30 04:05:33.892      - Frequently changed domains — bosssports*.com [https://bosssports612.com]: Non-success status: 523 (2.42s)
2026-09-30 04:05:33.892      - Frequently changed domains — Kralsports HD [https://kralsportshd7.com]: DNS resolution failed (0.05s)
2026-09-30 04:05:33.892      - Frequently changed domains — rotabettv*.com [https://rotabettv516.com]: Timeout (10000ms) [code=23]: The operation was aborted due to timeout (21.05s)
2026-09-30 04:05:33.892      - Frequently changed domains — betivotv*.com [https://betivotv157.com]: Non-success status: 404 (1.36s)
2026-09-30 04:05:33.892      - Frequently changed domains — Saha TV [https://sahatv2.top]: DNS resolution failed (0.07s)
2026-09-30 04:05:33.892      - Frequently changed domains — YavasGir [https://yavasgir136.live]: Antibot detected: 403 or __cf_chl_tk in URL (0.78s)
2026-09-30 04:05:33.892      - piabettv14.live [https://piabettv21.live]: Timeout (10000ms) [code=23]: The operation was aborted due to timeout (21.08s)
2026-09-30 04:05:33.892      - restmacizle23.cfd [https://patronspor.is/]: Skipped by skip_text: "https://patronspor.is/?s={search_term_string}" (1.41s)
2026-09-30 04:05:33.892      - hepbetspor [https://patronspor.is/]: Skipped by skip_text: "https://patronspor.is/?s={search_term_string}" (1.01s)
2026-09-30 04:05:33.892      - woe.sx [https://voe.sx/e/nemg6vqtnrkf]: Non-success status: 404 (1.18s)
2026-09-30 04:05:33.892  🚩  Changed pattern → non-pattern domains:
2026-09-30 04:05:33.892      Frequently changed domains — sporcafe*.xyz — Spor Cafe: Pattern domain redirected to non-pattern (www.sporcafe-0c2608ad69.xyz → www.sporcafe-0c2608ad69.xyz) - filter not updated, waiting for new pattern domain
2026-09-30 04:05:33.892  ⚠️  Warnings:
2026-09-30 04:05:33.892      - Dead site test - deadexample24.com: Failed for 220 days - consider removing from filters
2026-09-30 04:05:33.892      - Test Probe Fail - example.org: Failed for 220 days - consider removing from filters
2026-09-30 04:05:33.892      - Frequently changed domains — dizipal*.com — Dizipal: Failed for 22 days - consider removing from filters
2026-09-30 04:05:33.892      - Frequently changed domains — zeusdizi*.com: Failed for 154 days - consider removing from filters
2026-09-30 04:05:33.892      - Frequently changed domains — netsportv*.top: Failed for 145 days - consider removing from filters
2026-09-30 04:05:33.892      - Frequently changed domains — zeustv*.com: Failed for 179 days - consider removing from filters
2026-09-30 04:05:33.892      - Frequently changed domains — xsportv*.xyz: Failed for 197 days - consider removing from filters
2026-09-30 04:05:33.892      - Frequently changed domains — seyirspor*.com: Failed for 166 days - consider removing from filters
2026-09-30 04:05:33.892      - Frequently changed domains — lorabettvhd*.shop: Failed for 220 days - consider removing from filters
2026-09-30 04:05:33.892      - Frequently changed domains — bosssports*.com: Failed for 97 days - consider removing from filters
2026-09-30 04:05:33.892      - Frequently changed domains — betivotv*.com: Failed for 42 days - consider removing from filters
2026-09-30 04:05:33.892      - Frequently changed domains — Saha TV: Failed for 181 days - consider removing from filters
2026-09-30 04:05:33.892      - Frequently changed domains — YavasGir: Failed for 70 days - consider removing from filters
2026-09-30 04:05:33.892      - piabettv14.live: Failed for 49 days - consider removing from filters
2026-09-30 04:05:33.892      - restmacizle23.cfd: Failed for 196 days - consider removing from filters
2026-09-30 04:05:33.892      - hepbetspor: Failed for 218 days - consider removing from filters
2026-09-30 04:05:33.892      - woe.sx: Failed for 128 days - consider removing from filters
2026-09-30 04:05:33.892 
2026-09-30 04:05:33.892 Total phase time: 86.929s
2026-09-30 04:05:33.892 
2026-09-30 04:05:33.892 Unchanged watchers:
                        ww0.jmanga.cash (jmanga.locker), Test Probe Success - example.de (example.de), Frequently changed domains — sporcafe*.xyz — Spor Cafe (www.sporcafe-0c2608ad69.xyz), Frequently changed domains — turkifsaclub*.sbs (turkifsaclub208.sbs), turkifsaclub-12.sbs (turkifsaclub208.sbs), Frequently changed domains — gobtv*.com (gobtv27.com), Frequently changed domains — trgooltv*.top (trgooltv73.top), Frequently changed domains — vegatv*.shop (vegatv89.shop), Frequently changed domains — betmatiktv*.com (betmatiktv156.com), Frequently changed domains — acartv*.live (acartv107.live), Frequently changed domains — inattvizle*.top (www.inattvizle500.top), Frequently changed domains — otobettv*.com (otobettv85.com), Frequently changed domains — portobettv*.com (www.portobettv55.com), Frequently changed domains — kodtimetv*.com (kodtimetv33.com), amp-6392fa66a0.selcuksportshdamp-aa805a079c.click (amp-6392fa66a0.selcuksportshdamp-aa805a079c.click), dizigom104.com (www.alliance4creativity.com), sultansportv562.com (golvar566.sbs), taraftarium24.xyz (taraftarium24.xyz), www.selcuksportshd8443661f57.xyz (www.selcuksportshdbd813bd00f.xyz), www.taraftarium91.top (www.taraftarium210.top), patronspor04548a2wer45awes.cfd (raw.githack.com), gptgirlfriend.com (www.gptgirlfriend.online), Frequently changed domains — askimyavas*.com (askimyavas194.live)

2026-09-30 04:05:33.892 === Domains replacement summary ===
2026-09-30 04:05:33.892 Files scanned: 355
2026-09-30 04:05:33.892 Files modified: 0
2026-09-30 04:05:33.892 Total line edits: 0
2026-09-30 04:05:33.892 Total phase time: 2.069s
2026-09-30 04:05:33.892 ⬆️ ⬆️ ⬆️  ---=== Domains rotating summary ===---  ⬆️ ⬆️ ⬆️


2026-09-30 04:05:34.011 ⌛ Total execution time: 89.177s

⬇️ ⬇️ ⬇️  💡 💡 💡  Direct Commit Mode 💡 💡 💡  ⬇️ ⬇️ ⬇️
Target branch: master
Commit message:
Rotating Domains Checker: Updating domains

🔄  Watchers with active mirror changed:

torrentsee                       torrentsee362.com    → torrentsee365.com   

✅ Unchanged watchers:
     ww0.jmanga.cash (jmanga.locker), Test Probe Success - example.de (example.de), Frequently changed domains — sporcafe*.xyz — Spor Cafe (www.sporcafe-0c2608ad69.xyz), Frequently changed domains — turkifsaclub*.sbs (turkifsaclub208.sbs), turkifsaclub-12.sbs (turkifsaclub208.sbs), Frequently changed domains — gobtv*.com (gobtv27.com), Frequently changed domains — trgooltv*.top (trgooltv73.top), Frequently changed domains — vegatv*.shop (vegatv89.shop), Frequently changed domains — betmatiktv*.com (betmatiktv156.com), Frequently changed domains — acartv*.live (acartv107.live), Frequently changed domains — inattvizle*.top (www.inattvizle500.top), Frequently changed domains — otobettv*.com (otobettv85.com), Frequently changed domains — portobettv*.com (www.portobettv55.com), Frequently changed domains — kodtimetv*.com (kodtimetv33.com), amp-6392fa66a0.selcuksportshdamp-aa805a079c.click (amp-6392fa66a0.selcuksportshdamp-aa805a079c.click), dizigom104.com (www.alliance4creativity.com), sultansportv562.com (golvar566.sbs), taraftarium24.xyz (taraftarium24.xyz), www.selcuksportshd8443661f57.xyz (www.selcuksportshdbd813bd00f.xyz), www.taraftarium91.top (www.taraftarium210.top), patronspor04548a2wer45awes.cfd (raw.githack.com), gptgirlfriend.com (www.gptgirlfriend.online), Frequently changed domains — askimyavas*.com (askimyavas194.live)

🚨 Errors (no replacements made):
     - zonatmo.to [https://zonatmo.to]: Non-success status: 523 (3.62s)
     - Dead site test - deadexample24.com [https://deadexample24.com]: DNS resolution failed (0.06s)
     - Test Probe Fail - example.org [https://example.org]: Content probe failed (0.16s)
     - Frequently changed domains — belestepe*.sbs — Belestepe [https://belestepe635.sbs]: Non-success status: 523 (8.66s)
     - Frequently changed domains — dizipal*.com — Dizipal [https://dizipal2127.com]: Antibot detected: 403 or __cf_chl_tk in URL (0.52s)
     - Frequently changed domains — zeusdizi*.com [https://zeusdizi32.com]: Antibot detected: 403 or __cf_chl_tk in URL (27.65s)
     - Frequently changed domains — netsportv*.top [https://www.netsportv264.top/]: Antibot detected: 403 or __cf_chl_tk in URL (1.19s)
     - Frequently changed domains — zeustv*.com [https://zeustv243.com]: DNS resolution failed (0.23s)
     - Frequently changed domains — xsportv*.xyz [https://www.xsportv-21ee22f79d.xyz]: Non-success status: 404 (0.84s)
     - Frequently changed domains — seyirspor*.com [https://seyirspor17.com]: DNS resolution failed (0.16s)
     - Frequently changed domains — lorabettvhd*.shop [https://lorabettvhd80.shop]: DNS resolution failed (0.06s)
     - Frequently changed domains — bosssports*.com [https://bosssports612.com]: Non-success status: 523 (2.42s)
     - Frequently changed domains — Kralsports HD [https://kralsportshd7.com]: DNS resolution failed (0.05s)
     - Frequently changed domains — rotabettv*.com [https://rotabettv516.com]: Timeout (10000ms) [code=23]: The operation was aborted due to timeout (21.05s)
     - Frequently changed domains — betivotv*.com [https://betivotv157.com]: Non-success status: 404 (1.36s)
     - Frequently changed domains — Saha TV [https://sahatv2.top]: DNS resolution failed (0.07s)
     - Frequently changed domains — YavasGir [https://yavasgir136.live]: Antibot detected: 403 or __cf_chl_tk in URL (0.78s)
     - piabettv14.live [https://piabettv21.live]: Timeout (10000ms) [code=23]: The operation was aborted due to timeout (21.08s)
     - restmacizle23.cfd [https://patronspor.is/]: Skipped by skip_text: "https://patronspor.is/?s={search_term_string}" (1.41s)
     - hepbetspor [https://patronspor.is/]: Skipped by skip_text: "https://patronspor.is/?s={search_term_string}" (1.01s)
     - woe.sx [https://voe.sx/e/nemg6vqtnrkf]: Non-success status: 404 (1.18s)
🚩  Changed pattern → non-pattern domains:
     Frequently changed domains — sporcafe*.xyz — Spor Cafe: Pattern domain redirected to non-pattern (www.sporcafe-0c2608ad69.xyz → www.sporcafe-0c2608ad69.xyz) - filter not updated, waiting for new pattern domain



⚠️  Warnings:
     - Dead site test - deadexample24.com: Failed for 220 days - consider removing from filters
     - Test Probe Fail - example.org: Failed for 220 days - consider removing from filters
     - Frequently changed domains — dizipal*.com — Dizipal: Failed for 22 days - consider removing from filters
     - Frequently changed domains — zeusdizi*.com: Failed for 154 days - consider removing from filters
     - Frequently changed domains — netsportv*.top: Failed for 145 days - consider removing from filters
     - Frequently changed domains — zeustv*.com: Failed for 179 days - consider removing from filters
     - Frequently changed domains — xsportv*.xyz: Failed for 197 days - consider removing from filters
     - Frequently changed domains — seyirspor*.com: Failed for 166 days - consider removing from filters
     - Frequently changed domains — lorabettvhd*.shop: Failed for 220 days - consider removing from filters
     - Frequently changed domains — bosssports*.com: Failed for 97 days - consider removing from filters
     - Frequently changed domains — betivotv*.com: Failed for 42 days - consider removing from filters
     - Frequently changed domains — Saha TV: Failed for 181 days - consider removing from filters
     - Frequently changed domains — YavasGir: Failed for 70 days - consider removing from filters
     - piabettv14.live: Failed for 49 days - consider removing from filters
     - restmacizle23.cfd: Failed for 196 days - consider removing from filters
     - hepbetspor: Failed for 218 days - consider removing from filters
     - woe.sx: Failed for 128 days - consider removing from filters


📋  View detailed log: https://github.com/Alex-302/AdguardFilters/actions/runs/36667195524#artifacts
⬆️ ⬆️ ⬆️  💡 💡 💡  Direct Commit Mode 💡 💡 💡  ⬆️ ⬆️ ⬆️


================================================================================
Run: 2026-09-30 14:38:21.465
================================================================================

2026-09-30 14:37:10.041 Rotating Domains Checker v1.5.1 - WRITE mode
2026-09-30 14:37:10.042 Test filters dir: NO
2026-09-30 14:37:10.042 Target repo path: ./
2026-09-30 14:37:10.043 Sites to check: 47

2026-09-30 14:38:21.342 ⬇️ ⬇️ ⬇️  ---=== Domains rotating summary ===---  ⬇️ ⬇️ ⬇️
2026-09-30 14:38:21.342   Total sites: 47
2026-09-30 14:38:21.342   ├─ Checked sites: 47
2026-09-30 14:38:21.342   ├─ 🔄 Watchers with active mirror changed: 0
2026-09-30 14:38:21.342   ├─ 📋 Watchers with filter mirror list changed: 0
2026-09-30 14:38:21.342   ├─ 🚩 Pattern→non-pattern: 1
2026-09-30 14:38:21.342   └─ Unchanged watchers: 23
2026-09-30 14:38:21.342  🚨  Failed: 22
2026-09-30 14:38:21.342   ├─ including antibot blocked: 4
2026-09-30 14:38:21.342   └─ Network problems or dead: 18
2026-09-30 14:38:21.342 
2026-09-30 14:38:21.342 Problems:
2026-09-30 14:38:21.342  🚨 Errors (no replacements made):
2026-09-30 14:38:21.342      - zonatmo.to [https://zonatmo.to]: Timeout (10000ms) [code=23]: The operation was aborted due to timeout (21.08s)
2026-09-30 14:38:21.342      - Dead site test - deadexample24.com [https://deadexample24.com]: DNS resolution failed (0.04s)
2026-09-30 14:38:21.342      - Test Probe Fail - example.org [https://example.org]: Content probe failed (0.26s)
2026-09-30 14:38:21.342      - Frequently changed domains — belestepe*.sbs — Belestepe [https://belestepe635.sbs]: Non-success status: 523 (4.79s)
2026-09-30 14:38:21.342      - Frequently changed domains — dizipal*.com — Dizipal [https://dizipal2127.com]: Antibot detected: 403 or __cf_chl_tk in URL (0.25s)
2026-09-30 14:38:21.342      - Frequently changed domains — zeusdizi*.com [https://zeusdizi32.com]: Antibot detected: 403 or __cf_chl_tk in URL (26.60s)
2026-09-30 14:38:21.342      - Frequently changed domains — netsportv*.top [https://www.netsportv264.top/]: Antibot detected: 403 or __cf_chl_tk in URL (1.22s)
2026-09-30 14:38:21.342      - Frequently changed domains — zeustv*.com [https://zeustv243.com]: DNS resolution failed (0.24s)
2026-09-30 14:38:21.342      - Frequently changed domains — xsportv*.xyz [https://www.xsportv-21ee22f79d.xyz]: Non-success status: 404 (0.80s)
2026-09-30 14:38:21.342      - Frequently changed domains — seyirspor*.com [https://seyirspor17.com]: DNS resolution failed (0.15s)
2026-09-30 14:38:21.342      - Frequently changed domains — lorabettvhd*.shop [https://lorabettvhd80.shop]: DNS resolution failed (0.29s)
2026-09-30 14:38:21.342      - Frequently changed domains — bosssports*.com [https://bosssports612.com]: Timeout (10000ms) [code=23]: The operation was aborted due to timeout (21.06s)
2026-09-30 14:38:21.342      - Frequently changed domains — Kralsports HD [https://kralsportshd7.com]: DNS resolution failed (0.04s)
2026-09-30 14:38:21.342      - Frequently changed domains — rotabettv*.com [https://rotabettv516.com]: Timeout (10000ms) [code=23]: The operation was aborted due to timeout (21.08s)
2026-09-30 14:38:21.342      - Frequently changed domains — betivotv*.com [https://betivotv157.com]: Non-success status: 404 (1.46s)
2026-09-30 14:38:21.342      - Frequently changed domains — Saha TV [https://sahatv2.top]: DNS resolution failed (0.07s)
2026-09-30 14:38:21.342      - Frequently changed domains — YavasGir [https://yavasgir136.live]: Antibot detected: 403 or __cf_chl_tk in URL (0.41s)
2026-09-30 14:38:21.342      - piabettv14.live [https://piabettv21.live]: Timeout (10000ms) [code=23]: The operation was aborted due to timeout (21.10s)
2026-09-30 14:38:21.342      - restmacizle23.cfd [https://patronspor.is/]: Skipped by skip_text: "https://patronspor.is/?s={search_term_string}" (1.15s)
2026-09-30 14:38:21.342      - hepbetspor [https://patronspor.is/]: Skipped by skip_text: "https://patronspor.is/?s={search_term_string}" (0.68s)
2026-09-30 14:38:21.342      - torrentsee [https://torrentsee365.com]: Connection reset [code=ECONNRESET, syscall=read]: fetch failed (1.81s)
2026-09-30 14:38:21.342      - woe.sx [https://voe.sx/e/nemg6vqtnrkf]: Non-success status: 404 (0.93s)
2026-09-30 14:38:21.342  🚩  Changed pattern → non-pattern domains:
2026-09-30 14:38:21.342      Frequently changed domains — sporcafe*.xyz — Spor Cafe: Pattern domain redirected to non-pattern (www.sporcafe-0c2608ad69.xyz → www.sporcafe-0c2608ad69.xyz) - filter not updated, waiting for new pattern domain
2026-09-30 14:38:21.342  ⚠️  Warnings:
2026-09-30 14:38:21.342      - Dead site test - deadexample24.com: Failed for 220 days - consider removing from filters
2026-09-30 14:38:21.342      - Test Probe Fail - example.org: Failed for 220 days - consider removing from filters
2026-09-30 14:38:21.342      - Frequently changed domains — dizipal*.com — Dizipal: Failed for 22 days - consider removing from filters
2026-09-30 14:38:21.343      - Frequently changed domains — zeusdizi*.com: Failed for 154 days - consider removing from filters
2026-09-30 14:38:21.343      - Frequently changed domains — netsportv*.top: Failed for 145 days - consider removing from filters
2026-09-30 14:38:21.343      - Frequently changed domains — zeustv*.com: Failed for 179 days - consider removing from filters
2026-09-30 14:38:21.343      - Frequently changed domains — xsportv*.xyz: Failed for 198 days - consider removing from filters
2026-09-30 14:38:21.343      - Frequently changed domains — seyirspor*.com: Failed for 166 days - consider removing from filters
2026-09-30 14:38:21.343      - Frequently changed domains — lorabettvhd*.shop: Failed for 220 days - consider removing from filters
2026-09-30 14:38:21.343      - Frequently changed domains — bosssports*.com: Failed for 98 days - consider removing from filters
2026-09-30 14:38:21.343      - Frequently changed domains — betivotv*.com: Failed for 43 days - consider removing from filters
2026-09-30 14:38:21.343      - Frequently changed domains — Saha TV: Failed for 181 days - consider removing from filters
2026-09-30 14:38:21.343      - Frequently changed domains — YavasGir: Failed for 70 days - consider removing from filters
2026-09-30 14:38:21.343      - piabettv14.live: Failed for 50 days - consider removing from filters
2026-09-30 14:38:21.343      - restmacizle23.cfd: Failed for 196 days - consider removing from filters
2026-09-30 14:38:21.343      - hepbetspor: Failed for 218 days - consider removing from filters
2026-09-30 14:38:21.343      - woe.sx: Failed for 128 days - consider removing from filters
2026-09-30 14:38:21.343 
2026-09-30 14:38:21.343 Total phase time: 69.355s
2026-09-30 14:38:21.343 
2026-09-30 14:38:21.343 Unchanged watchers:
                        ww0.jmanga.cash (jmanga.locker), Test Probe Success - example.de (example.de), Frequently changed domains — sporcafe*.xyz — Spor Cafe (www.sporcafe-0c2608ad69.xyz), Frequently changed domains — turkifsaclub*.sbs (turkifsaclub208.sbs), turkifsaclub-12.sbs (turkifsaclub208.sbs), Frequently changed domains — gobtv*.com (gobtv27.com), Frequently changed domains — trgooltv*.top (trgooltv73.top), Frequently changed domains — vegatv*.shop (vegatv89.shop), Frequently changed domains — betmatiktv*.com (betmatiktv156.com), Frequently changed domains — acartv*.live (acartv107.live), Frequently changed domains — inattvizle*.top (www.inattvizle500.top), Frequently changed domains — otobettv*.com (otobettv85.com), Frequently changed domains — portobettv*.com (www.portobettv55.com), Frequently changed domains — kodtimetv*.com (kodtimetv33.com), amp-6392fa66a0.selcuksportshdamp-aa805a079c.click (amp-6392fa66a0.selcuksportshdamp-aa805a079c.click), dizigom104.com (www.alliance4creativity.com), sultansportv562.com (golvar566.sbs), taraftarium24.xyz (taraftarium24.xyz), www.selcuksportshd8443661f57.xyz (www.selcuksportshdbd813bd00f.xyz), www.taraftarium91.top (www.taraftarium210.top), patronspor04548a2wer45awes.cfd (raw.githack.com), gptgirlfriend.com (www.gptgirlfriend.online), Frequently changed domains — askimyavas*.com (askimyavas194.live)

2026-09-30 14:38:21.343 === Domains replacement summary ===
2026-09-30 14:38:21.343 Files scanned: 355
2026-09-30 14:38:21.343 Files modified: 0
2026-09-30 14:38:21.343 Total line edits: 0
2026-09-30 14:38:21.343 Total phase time: 1.940s
2026-09-30 14:38:21.343 ⬆️ ⬆️ ⬆️  ---=== Domains rotating summary ===---  ⬆️ ⬆️ ⬆️


2026-09-30 14:38:21.463 ⌛ Total execution time: 71.491s

⬇️ ⬇️ ⬇️  💡 💡 💡  Direct Commit Mode 💡 💡 💡  ⬇️ ⬇️ ⬇️
Target branch: master
Commit message:
Rotating Domains Checker: Updating domains

🔄  Watchers with active mirror changed: 0 (filter mirror cleanup only)
✅ Unchanged watchers:
     ww0.jmanga.cash (jmanga.locker), Test Probe Success - example.de (example.de), Frequently changed domains — sporcafe*.xyz — Spor Cafe (www.sporcafe-0c2608ad69.xyz), Frequently changed domains — turkifsaclub*.sbs (turkifsaclub208.sbs), turkifsaclub-12.sbs (turkifsaclub208.sbs), Frequently changed domains — gobtv*.com (gobtv27.com), Frequently changed domains — trgooltv*.top (trgooltv73.top), Frequently changed domains — vegatv*.shop (vegatv89.shop), Frequently changed domains — betmatiktv*.com (betmatiktv156.com), Frequently changed domains — acartv*.live (acartv107.live), Frequently changed domains — inattvizle*.top (www.inattvizle500.top), Frequently changed domains — otobettv*.com (otobettv85.com), Frequently changed domains — portobettv*.com (www.portobettv55.com), Frequently changed domains — kodtimetv*.com (kodtimetv33.com), amp-6392fa66a0.selcuksportshdamp-aa805a079c.click (amp-6392fa66a0.selcuksportshdamp-aa805a079c.click), dizigom104.com (www.alliance4creativity.com), sultansportv562.com (golvar566.sbs), taraftarium24.xyz (taraftarium24.xyz), www.selcuksportshd8443661f57.xyz (www.selcuksportshdbd813bd00f.xyz), www.taraftarium91.top (www.taraftarium210.top), patronspor04548a2wer45awes.cfd (raw.githack.com), gptgirlfriend.com (www.gptgirlfriend.online), Frequently changed domains — askimyavas*.com (askimyavas194.live)

🚨 Errors (no replacements made):
     - zonatmo.to [https://zonatmo.to]: Timeout (10000ms) [code=23]: The operation was aborted due to timeout (21.08s)
     - Dead site test - deadexample24.com [https://deadexample24.com]: DNS resolution failed (0.04s)
     - Test Probe Fail - example.org [https://example.org]: Content probe failed (0.26s)
     - Frequently changed domains — belestepe*.sbs — Belestepe [https://belestepe635.sbs]: Non-success status: 523 (4.79s)
     - Frequently changed domains — dizipal*.com — Dizipal [https://dizipal2127.com]: Antibot detected: 403 or __cf_chl_tk in URL (0.25s)
     - Frequently changed domains — zeusdizi*.com [https://zeusdizi32.com]: Antibot detected: 403 or __cf_chl_tk in URL (26.60s)
     - Frequently changed domains — netsportv*.top [https://www.netsportv264.top/]: Antibot detected: 403 or __cf_chl_tk in URL (1.22s)
     - Frequently changed domains — zeustv*.com [https://zeustv243.com]: DNS resolution failed (0.24s)
     - Frequently changed domains — xsportv*.xyz [https://www.xsportv-21ee22f79d.xyz]: Non-success status: 404 (0.80s)
     - Frequently changed domains — seyirspor*.com [https://seyirspor17.com]: DNS resolution failed (0.15s)
     - Frequently changed domains — lorabettvhd*.shop [https://lorabettvhd80.shop]: DNS resolution failed (0.29s)
     - Frequently changed domains — bosssports*.com [https://bosssports612.com]: Timeout (10000ms) [code=23]: The operation was aborted due to timeout (21.06s)
     - Frequently changed domains — Kralsports HD [https://kralsportshd7.com]: DNS resolution failed (0.04s)
     - Frequently changed domains — rotabettv*.com [https://rotabettv516.com]: Timeout (10000ms) [code=23]: The operation was aborted due to timeout (21.08s)
     - Frequently changed domains — betivotv*.com [https://betivotv157.com]: Non-success status: 404 (1.46s)
     - Frequently changed domains — Saha TV [https://sahatv2.top]: DNS resolution failed (0.07s)
     - Frequently changed domains — YavasGir [https://yavasgir136.live]: Antibot detected: 403 or __cf_chl_tk in URL (0.41s)
     - piabettv14.live [https://piabettv21.live]: Timeout (10000ms) [code=23]: The operation was aborted due to timeout (21.10s)
     - restmacizle23.cfd [https://patronspor.is/]: Skipped by skip_text: "https://patronspor.is/?s={search_term_string}" (1.15s)
     - hepbetspor [https://patronspor.is/]: Skipped by skip_text: "https://patronspor.is/?s={search_term_string}" (0.68s)
     - torrentsee [https://torrentsee365.com]: Connection reset [code=ECONNRESET, syscall=read]: fetch failed (1.81s)
     - woe.sx [https://voe.sx/e/nemg6vqtnrkf]: Non-success status: 404 (0.93s)
🚩  Changed pattern → non-pattern domains:
     Frequently changed domains — sporcafe*.xyz — Spor Cafe: Pattern domain redirected to non-pattern (www.sporcafe-0c2608ad69.xyz → www.sporcafe-0c2608ad69.xyz) - filter not updated, waiting for new pattern domain



⚠️  Warnings:
     - Dead site test - deadexample24.com: Failed for 220 days - consider removing from filters
     - Test Probe Fail - example.org: Failed for 220 days - consider removing from filters
     - Frequently changed domains — dizipal*.com — Dizipal: Failed for 22 days - consider removing from filters
     - Frequently changed domains — zeusdizi*.com: Failed for 154 days - consider removing from filters
     - Frequently changed domains — netsportv*.top: Failed for 145 days - consider removing from filters
     - Frequently changed domains — zeustv*.com: Failed for 179 days - consider removing from filters
     - Frequently changed domains — xsportv*.xyz: Failed for 198 days - consider removing from filters
     - Frequently changed domains — seyirspor*.com: Failed for 166 days - consider removing from filters
     - Frequently changed domains — lorabettvhd*.shop: Failed for 220 days - consider removing from filters
     - Frequently changed domains — bosssports*.com: Failed for 98 days - consider removing from filters
     - Frequently changed domains — betivotv*.com: Failed for 43 days - consider removing from filters
     - Frequently changed domains — Saha TV: Failed for 181 days - consider removing from filters
     - Frequently changed domains — YavasGir: Failed for 70 days - consider removing from filters
     - piabettv14.live: Failed for 50 days - consider removing from filters
     - restmacizle23.cfd: Failed for 196 days - consider removing from filters
     - hepbetspor: Failed for 218 days - consider removing from filters
     - woe.sx: Failed for 128 days - consider removing from filters


📋  View detailed log: https://github.com/Alex-302/AdguardFilters/actions/runs/36730460973#artifacts
⬆️ ⬆️ ⬆️  💡 💡 💡  Direct Commit Mode 💡 💡 💡  ⬆️ ⬆️ ⬆️


================================================================================
Run: 2026-09-30 17:14:02.938
================================================================================

2026-09-30 17:12:54.447 Rotating Domains Checker v1.4.2 - WRITE mode
2026-09-30 17:12:54.448 Test filters dir: NO
2026-09-30 17:12:54.448 Target repo path: ./
2026-09-30 17:12:54.448 Sites to check: 47

2026-09-30 17:14:01.662 
                      Redirected domains 
╔══════════════════════════════════════════════╤════════════════════╤════════════════════╤═══════╗
║ Site                                         │ From               │ To                 │ Time  ║
╟──────────────────────────────────────────────┼────────────────────┼────────────────────┼───────╢
║ Frequently changed domains — askimyavas*.com │ askimyavas194.live │ askimyavas195.live │ 1.71s ║
╚══════════════════════════════════════════════╧════════════════════╧════════════════════╧═══════╝

2026-09-30 17:14:02.825 ⬇️ ⬇️ ⬇️  ---=== Domains rotating summary ===---  ⬇️ ⬇️ ⬇️
2026-09-30 17:14:02.825   Total sites: 47
2026-09-30 17:14:02.825   ├─ Checked sites: 47
2026-09-30 17:14:02.825   ├─ 🔄 Watchers with active mirror changed: 1
2026-09-30 17:14:02.825   ├─ 📋 Watchers with filter mirror list changed: 0
2026-09-30 17:14:02.825   ├─ 🚩 Pattern→non-pattern: 1
2026-09-30 17:14:02.825   └─ Unchanged watchers: 22
2026-09-30 17:14:02.825  🚨  Failed: 22
2026-09-30 17:14:02.825   ├─ including antibot blocked: 4
2026-09-30 17:14:02.825   └─ Network problems or dead: 18
2026-09-30 17:14:02.825 
2026-09-30 17:14:02.825 Problems:
2026-09-30 17:14:02.825  🚨 Errors (no replacements made):
2026-09-30 17:14:02.825      - zonatmo.to [https://zonatmo.to]: Non-success status: 523 (5.29s)
2026-09-30 17:14:02.825      - Dead site test - deadexample24.com [https://deadexample24.com]: DNS resolution failed (0.02s)
2026-09-30 17:14:02.825      - Test Probe Fail - example.org [https://example.org]: Content probe failed (0.37s)
2026-09-30 17:14:02.825      - Frequently changed domains — belestepe*.sbs — Belestepe [https://belestepe635.sbs]: Non-success status: 523 (17.64s)
2026-09-30 17:14:02.825      - Frequently changed domains — dizipal*.com — Dizipal [https://dizipal2127.com]: Antibot detected: 403 or __cf_chl_tk in URL (0.20s)
2026-09-30 17:14:02.825      - Frequently changed domains — zeusdizi*.com [https://zeusdizi32.com]: Antibot detected: 403 or __cf_chl_tk in URL (24.93s)
2026-09-30 17:14:02.825      - Frequently changed domains — netsportv*.top [https://www.netsportv264.top/]: Antibot detected: 403 or __cf_chl_tk in URL (1.16s)
2026-09-30 17:14:02.825      - Frequently changed domains — zeustv*.com [https://zeustv243.com]: DNS resolution failed (0.41s)
2026-09-30 17:14:02.825      - Frequently changed domains — xsportv*.xyz [https://www.xsportv-21ee22f79d.xyz]: Non-success status: 404 (0.61s)
2026-09-30 17:14:02.825      - Frequently changed domains — seyirspor*.com [https://seyirspor17.com]: DNS resolution failed (0.11s)
2026-09-30 17:14:02.825      - Frequently changed domains — lorabettvhd*.shop [https://lorabettvhd80.shop]: DNS resolution failed (0.02s)
2026-09-30 17:14:02.825      - Frequently changed domains — bosssports*.com [https://bosssports612.com]: Timeout (10000ms) [code=23]: The operation was aborted due to timeout (21.04s)
2026-09-30 17:14:02.825      - Frequently changed domains — Kralsports HD [https://kralsportshd7.com]: DNS resolution failed (0.02s)
2026-09-30 17:14:02.825      - Frequently changed domains — rotabettv*.com [https://rotabettv516.com]: Non-success status: 523 (14.31s)
2026-09-30 17:14:02.825      - Frequently changed domains — betivotv*.com [https://betivotv157.com]: Non-success status: 404 (1.27s)
2026-09-30 17:14:02.825      - Frequently changed domains — Saha TV [https://sahatv2.top]: DNS resolution failed (0.06s)
2026-09-30 17:14:02.825      - Frequently changed domains — YavasGir [https://yavasgir136.live]: Antibot detected: 403 or __cf_chl_tk in URL (0.67s)
2026-09-30 17:14:02.825      - piabettv14.live [https://piabettv21.live]: Timeout (10000ms) [code=23]: The operation was aborted due to timeout (21.05s)
2026-09-30 17:14:02.825      - restmacizle23.cfd [https://patronspor.is/]: Skipped by skip_text: "https://patronspor.is/?s={search_term_string}" (1.58s)
2026-09-30 17:14:02.825      - hepbetspor [https://patronspor.is/]: Skipped by skip_text: "https://patronspor.is/?s={search_term_string}" (1.13s)
2026-09-30 17:14:02.825      - torrentsee [https://torrentsee365.com]: Connection reset [code=ECONNRESET]: fetch failed (5.31s)
2026-09-30 17:14:02.825      - woe.sx [https://voe.sx/e/nemg6vqtnrkf]: Non-success status: 404 (1.35s)
2026-09-30 17:14:02.825  🚩  Changed pattern → non-pattern domains:
2026-09-30 17:14:02.825      Frequently changed domains — sporcafe*.xyz — Spor Cafe: Pattern domain redirected to non-pattern (www.sporcafe-0c2608ad69.xyz → www.sporcafe-0c2608ad69.xyz) - filter not updated, waiting for new pattern domain
2026-09-30 17:14:02.825  ⚠️  Warnings:
2026-09-30 17:14:02.825      - Dead site test - deadexample24.com: Failed for 220 days - consider removing from filters
2026-09-30 17:14:02.825      - Test Probe Fail - example.org: Failed for 220 days - consider removing from filters
2026-09-30 17:14:02.825      - Frequently changed domains — dizipal*.com — Dizipal: Failed for 22 days - consider removing from filters
2026-09-30 17:14:02.825      - Frequently changed domains — zeusdizi*.com: Failed for 154 days - consider removing from filters
2026-09-30 17:14:02.825      - Frequently changed domains — netsportv*.top: Failed for 145 days - consider removing from filters
2026-09-30 17:14:02.825      - Frequently changed domains — zeustv*.com: Failed for 180 days - consider removing from filters
2026-09-30 17:14:02.825      - Frequently changed domains — xsportv*.xyz: Failed for 198 days - consider removing from filters
2026-09-30 17:14:02.825      - Frequently changed domains — seyirspor*.com: Failed for 167 days - consider removing from filters
2026-09-30 17:14:02.825      - Frequently changed domains — lorabettvhd*.shop: Failed for 220 days - consider removing from filters
2026-09-30 17:14:02.826      - Frequently changed domains — bosssports*.com: Failed for 98 days - consider removing from filters
2026-09-30 17:14:02.826      - Frequently changed domains — betivotv*.com: Failed for 43 days - consider removing from filters
2026-09-30 17:14:02.826      - Frequently changed domains — Saha TV: Failed for 181 days - consider removing from filters
2026-09-30 17:14:02.826      - Frequently changed domains — YavasGir: Failed for 70 days - consider removing from filters
2026-09-30 17:14:02.826      - piabettv14.live: Failed for 50 days - consider removing from filters
2026-09-30 17:14:02.826      - restmacizle23.cfd: Failed for 196 days - consider removing from filters
2026-09-30 17:14:02.826      - hepbetspor: Failed for 218 days - consider removing from filters
2026-09-30 17:14:02.826      - woe.sx: Failed for 128 days - consider removing from filters
2026-09-30 17:14:02.826 
2026-09-30 17:14:02.826 Total phase time: 67.209s
2026-09-30 17:14:02.826 
2026-09-30 17:14:02.826 Unchanged watchers:
                        ww0.jmanga.cash (jmanga.locker), Test Probe Success - example.de (example.de), Frequently changed domains — sporcafe*.xyz — Spor Cafe (www.sporcafe-0c2608ad69.xyz), Frequently changed domains — turkifsaclub*.sbs (turkifsaclub208.sbs), turkifsaclub-12.sbs (turkifsaclub208.sbs), Frequently changed domains — gobtv*.com (gobtv27.com), Frequently changed domains — trgooltv*.top (trgooltv73.top), Frequently changed domains — vegatv*.shop (vegatv89.shop), Frequently changed domains — betmatiktv*.com (betmatiktv156.com), Frequently changed domains — acartv*.live (acartv107.live), Frequently changed domains — inattvizle*.top (www.inattvizle500.top), Frequently changed domains — otobettv*.com (otobettv85.com), Frequently changed domains — portobettv*.com (www.portobettv55.com), Frequently changed domains — kodtimetv*.com (kodtimetv33.com), amp-6392fa66a0.selcuksportshdamp-aa805a079c.click (amp-6392fa66a0.selcuksportshdamp-aa805a079c.click), dizigom104.com (www.alliance4creativity.com), sultansportv562.com (golvar566.sbs), taraftarium24.xyz (taraftarium24.xyz), www.selcuksportshd8443661f57.xyz (www.selcuksportshdbd813bd00f.xyz), www.taraftarium91.top (www.taraftarium210.top), patronspor04548a2wer45awes.cfd (raw.githack.com), gptgirlfriend.com (www.gptgirlfriend.online)

2026-09-30 17:14:02.826 === Domains replacement summary ===
2026-09-30 17:14:02.826 Files scanned: 355
2026-09-30 17:14:02.826 Files modified: 1
2026-09-30 17:14:02.826 Total line edits: 3
2026-09-30 17:14:02.826 Total phase time: 1.166s
2026-09-30 17:14:02.826 ⬆️ ⬆️ ⬆️  ---=== Domains rotating summary ===---  ⬆️ ⬆️ ⬆️


2026-09-30 17:14:02.936 ⌛ Total execution time: 68.530s

⬇️ ⬇️ ⬇️  💡 💡 💡  Direct Commit Mode 💡 💡 💡  ⬇️ ⬇️ ⬇️
Target branch: master
Commit message:
Rotating Domains Checker: Updating domains

🔄  Watchers with active mirror changed:

Frequently changed domains — askimyavas*.com   askimyavas194.live   → askimyavas195.live  

✅ Unchanged watchers:
     ww0.jmanga.cash (jmanga.locker), Test Probe Success - example.de (example.de), Frequently changed domains — sporcafe*.xyz — Spor Cafe (www.sporcafe-0c2608ad69.xyz), Frequently changed domains — turkifsaclub*.sbs (turkifsaclub208.sbs), turkifsaclub-12.sbs (turkifsaclub208.sbs), Frequently changed domains — gobtv*.com (gobtv27.com), Frequently changed domains — trgooltv*.top (trgooltv73.top), Frequently changed domains — vegatv*.shop (vegatv89.shop), Frequently changed domains — betmatiktv*.com (betmatiktv156.com), Frequently changed domains — acartv*.live (acartv107.live), Frequently changed domains — inattvizle*.top (www.inattvizle500.top), Frequently changed domains — otobettv*.com (otobettv85.com), Frequently changed domains — portobettv*.com (www.portobettv55.com), Frequently changed domains — kodtimetv*.com (kodtimetv33.com), amp-6392fa66a0.selcuksportshdamp-aa805a079c.click (amp-6392fa66a0.selcuksportshdamp-aa805a079c.click), dizigom104.com (www.alliance4creativity.com), sultansportv562.com (golvar566.sbs), taraftarium24.xyz (taraftarium24.xyz), www.selcuksportshd8443661f57.xyz (www.selcuksportshdbd813bd00f.xyz), www.taraftarium91.top (www.taraftarium210.top), patronspor04548a2wer45awes.cfd (raw.githack.com), gptgirlfriend.com (www.gptgirlfriend.online)

🚨 Errors (no replacements made):
     - zonatmo.to [https://zonatmo.to]: Non-success status: 523 (5.29s)
     - Dead site test - deadexample24.com [https://deadexample24.com]: DNS resolution failed (0.02s)
     - Test Probe Fail - example.org [https://example.org]: Content probe failed (0.37s)
     - Frequently changed domains — belestepe*.sbs — Belestepe [https://belestepe635.sbs]: Non-success status: 523 (17.64s)
     - Frequently changed domains — dizipal*.com — Dizipal [https://dizipal2127.com]: Antibot detected: 403 or __cf_chl_tk in URL (0.20s)
     - Frequently changed domains — zeusdizi*.com [https://zeusdizi32.com]: Antibot detected: 403 or __cf_chl_tk in URL (24.93s)
     - Frequently changed domains — netsportv*.top [https://www.netsportv264.top/]: Antibot detected: 403 or __cf_chl_tk in URL (1.16s)
     - Frequently changed domains — zeustv*.com [https://zeustv243.com]: DNS resolution failed (0.41s)
     - Frequently changed domains — xsportv*.xyz [https://www.xsportv-21ee22f79d.xyz]: Non-success status: 404 (0.61s)
     - Frequently changed domains — seyirspor*.com [https://seyirspor17.com]: DNS resolution failed (0.11s)
     - Frequently changed domains — lorabettvhd*.shop [https://lorabettvhd80.shop]: DNS resolution failed (0.02s)
     - Frequently changed domains — bosssports*.com [https://bosssports612.com]: Timeout (10000ms) [code=23]: The operation was aborted due to timeout (21.04s)
     - Frequently changed domains — Kralsports HD [https://kralsportshd7.com]: DNS resolution failed (0.02s)
     - Frequently changed domains — rotabettv*.com [https://rotabettv516.com]: Non-success status: 523 (14.31s)
     - Frequently changed domains — betivotv*.com [https://betivotv157.com]: Non-success status: 404 (1.27s)
     - Frequently changed domains — Saha TV [https://sahatv2.top]: DNS resolution failed (0.06s)
     - Frequently changed domains — YavasGir [https://yavasgir136.live]: Antibot detected: 403 or __cf_chl_tk in URL (0.67s)
     - piabettv14.live [https://piabettv21.live]: Timeout (10000ms) [code=23]: The operation was aborted due to timeout (21.05s)
     - restmacizle23.cfd [https://patronspor.is/]: Skipped by skip_text: "https://patronspor.is/?s={search_term_string}" (1.58s)
     - hepbetspor [https://patronspor.is/]: Skipped by skip_text: "https://patronspor.is/?s={search_term_string}" (1.13s)
     - torrentsee [https://torrentsee365.com]: Connection reset [code=ECONNRESET]: fetch failed (5.31s)
     - woe.sx [https://voe.sx/e/nemg6vqtnrkf]: Non-success status: 404 (1.35s)
🚩  Changed pattern → non-pattern domains:
     Frequently changed domains — sporcafe*.xyz — Spor Cafe: Pattern domain redirected to non-pattern (www.sporcafe-0c2608ad69.xyz → www.sporcafe-0c2608ad69.xyz) - filter not updated, waiting for new pattern domain



⚠️  Warnings:
     - Dead site test - deadexample24.com: Failed for 220 days - consider removing from filters
     - Test Probe Fail - example.org: Failed for 220 days - consider removing from filters
     - Frequently changed domains — dizipal*.com — Dizipal: Failed for 22 days - consider removing from filters
     - Frequently changed domains — zeusdizi*.com: Failed for 154 days - consider removing from filters
     - Frequently changed domains — netsportv*.top: Failed for 145 days - consider removing from filters
     - Frequently changed domains — zeustv*.com: Failed for 180 days - consider removing from filters
     - Frequently changed domains — xsportv*.xyz: Failed for 198 days - consider removing from filters
     - Frequently changed domains — seyirspor*.com: Failed for 167 days - consider removing from filters
     - Frequently changed domains — lorabettvhd*.shop: Failed for 220 days - consider removing from filters
     - Frequently changed domains — bosssports*.com: Failed for 98 days - consider removing from filters
     - Frequently changed domains — betivotv*.com: Failed for 43 days - consider removing from filters
     - Frequently changed domains — Saha TV: Failed for 181 days - consider removing from filters
     - Frequently changed domains — YavasGir: Failed for 70 days - consider removing from filters
     - piabettv14.live: Failed for 50 days - consider removing from filters
     - restmacizle23.cfd: Failed for 196 days - consider removing from filters
     - hepbetspor: Failed for 218 days - consider removing from filters
     - woe.sx: Failed for 128 days - consider removing from filters


📋  View detailed log: https://github.com/Alex-302/AdguardFilters/actions/runs/36749773945#artifacts
⬆️ ⬆️ ⬆️  💡 💡 💡  Direct Commit Mode 💡 💡 💡  ⬆️ ⬆️ ⬆️


================================================================================
Run: 2026-09-30 23:20:22.058
================================================================================

2026-09-30 23:19:13.387 Rotating Domains Checker v1.4.2 - WRITE mode
2026-09-30 23:19:13.389 Test filters dir: NO
2026-09-30 23:19:13.389 Target repo path: ./
2026-09-30 23:19:13.389 Sites to check: 47

2026-09-30 23:20:19.871 
                      Redirected domains 
╔══════════════════════════════════╤══════════════════════════════════╤══════════════════════════════════╤═══════╗
║ Site                             │ From                             │ To                               │ Time  ║
╟──────────────────────────────────┼──────────────────────────────────┼──────────────────────────────────┼───────╢
║ www.selcuksportshd8443661f57.xyz │ www.selcuksportshdbd813bd00f.xyz │ www.selcuksportshd01390f9702.xyz │ 0.75s ║
╚══════════════════════════════════╧══════════════════════════════════╧══════════════════════════════════╧═══════╝

2026-09-30 23:20:21.936 ⬇️ ⬇️ ⬇️  ---=== Domains rotating summary ===---  ⬇️ ⬇️ ⬇️
2026-09-30 23:20:21.936   Total sites: 47
2026-09-30 23:20:21.936   ├─ Checked sites: 47
2026-09-30 23:20:21.936   ├─ 🔄 Watchers with active mirror changed: 1
2026-09-30 23:20:21.936   ├─ 📋 Watchers with filter mirror list changed: 0
2026-09-30 23:20:21.936   ├─ 🚩 Pattern→non-pattern: 1
2026-09-30 23:20:21.936   └─ Unchanged watchers: 22
2026-09-30 23:20:21.936  🚨  Failed: 22
2026-09-30 23:20:21.936   ├─ including antibot blocked: 4
2026-09-30 23:20:21.936   └─ Network problems or dead: 18
2026-09-30 23:20:21.936 
2026-09-30 23:20:21.936 Problems:
2026-09-30 23:20:21.936  🚨 Errors (no replacements made):
2026-09-30 23:20:21.936      - zonatmo.to [https://zonatmo.to]: Timeout (10000ms) [code=23]: The operation was aborted due to timeout (21.06s)
2026-09-30 23:20:21.936      - Dead site test - deadexample24.com [https://deadexample24.com]: DNS resolution failed (0.05s)
2026-09-30 23:20:21.936      - Test Probe Fail - example.org [https://example.org]: Content probe failed (0.13s)
2026-09-30 23:20:21.936      - Frequently changed domains — belestepe*.sbs — Belestepe [https://belestepe635.sbs]: Non-success status: 523 (7.26s)
2026-09-30 23:20:21.936      - Frequently changed domains — dizipal*.com — Dizipal [https://dizipal2127.com]: Antibot detected: 403 or __cf_chl_tk in URL (0.19s)
2026-09-30 23:20:21.936      - Frequently changed domains — zeusdizi*.com [https://zeusdizi32.com]: Antibot detected: 403 or __cf_chl_tk in URL (24.24s)
2026-09-30 23:20:21.936      - Frequently changed domains — netsportv*.top [https://www.netsportv264.top/]: Antibot detected: 403 or __cf_chl_tk in URL (0.71s)
2026-09-30 23:20:21.936      - Frequently changed domains — zeustv*.com [https://zeustv243.com]: DNS resolution failed (0.29s)
2026-09-30 23:20:21.936      - Frequently changed domains — xsportv*.xyz [https://www.xsportv-21ee22f79d.xyz]: Non-success status: 404 (0.69s)
2026-09-30 23:20:21.936      - Frequently changed domains — seyirspor*.com [https://seyirspor17.com]: DNS resolution failed (0.06s)
2026-09-30 23:20:21.936      - Frequently changed domains — lorabettvhd*.shop [https://lorabettvhd80.shop]: DNS resolution failed (0.30s)
2026-09-30 23:20:21.936      - Frequently changed domains — bosssports*.com [https://bosssports612.com]: Non-success status: 523 (0.90s)
2026-09-30 23:20:21.936      - Frequently changed domains — Kralsports HD [https://kralsportshd7.com]: DNS resolution failed (0.01s)
2026-09-30 23:20:21.936      - Frequently changed domains — rotabettv*.com [https://rotabettv516.com]: Non-success status: 523 (3.98s)
2026-09-30 23:20:21.936      - Frequently changed domains — betivotv*.com [https://betivotv157.com]: Non-success status: 404 (0.93s)
2026-09-30 23:20:21.936      - Frequently changed domains — Saha TV [https://sahatv2.top]: DNS resolution failed (0.03s)
2026-09-30 23:20:21.936      - Frequently changed domains — YavasGir [https://yavasgir136.live]: Antibot detected: 403 or __cf_chl_tk in URL (0.51s)
2026-09-30 23:20:21.936      - piabettv14.live [https://piabettv21.live]: Timeout (10000ms) [code=23]: The operation was aborted due to timeout (21.05s)
2026-09-30 23:20:21.936      - restmacizle23.cfd [https://patronspor.is/]: Skipped by skip_text: "https://patronspor.is/?s={search_term_string}" (1.02s)
2026-09-30 23:20:21.936      - hepbetspor [https://patronspor.is/]: Skipped by skip_text: "https://patronspor.is/?s={search_term_string}" (0.73s)
2026-09-30 23:20:21.936      - torrentsee [https://torrentsee365.com]: Connection reset [code=ECONNRESET]: fetch failed (4.96s)
2026-09-30 23:20:21.936      - woe.sx [https://voe.sx/e/nemg6vqtnrkf]: Non-success status: 404 (1.30s)
2026-09-30 23:20:21.936  🚩  Changed pattern → non-pattern domains:
2026-09-30 23:20:21.936      Frequently changed domains — sporcafe*.xyz — Spor Cafe: Pattern domain redirected to non-pattern (www.sporcafe-0c2608ad69.xyz → www.sporcafe-0c2608ad69.xyz) - filter not updated, waiting for new pattern domain
2026-09-30 23:20:21.936  ⚠️  Warnings:
2026-09-30 23:20:21.936      - Dead site test - deadexample24.com: Failed for 221 days - consider removing from filters
2026-09-30 23:20:21.936      - Test Probe Fail - example.org: Failed for 221 days - consider removing from filters
2026-09-30 23:20:21.936      - Frequently changed domains — dizipal*.com — Dizipal: Failed for 22 days - consider removing from filters
2026-09-30 23:20:21.936      - Frequently changed domains — zeusdizi*.com: Failed for 155 days - consider removing from filters
2026-09-30 23:20:21.936      - Frequently changed domains — netsportv*.top: Failed for 146 days - consider removing from filters
2026-09-30 23:20:21.936      - Frequently changed domains — zeustv*.com: Failed for 180 days - consider removing from filters
2026-09-30 23:20:21.936      - Frequently changed domains — xsportv*.xyz: Failed for 198 days - consider removing from filters
2026-09-30 23:20:21.936      - Frequently changed domains — seyirspor*.com: Failed for 167 days - consider removing from filters
2026-09-30 23:20:21.936      - Frequently changed domains — lorabettvhd*.shop: Failed for 221 days - consider removing from filters
2026-09-30 23:20:21.936      - Frequently changed domains — bosssports*.com: Failed for 98 days - consider removing from filters
2026-09-30 23:20:21.936      - Frequently changed domains — betivotv*.com: Failed for 43 days - consider removing from filters
2026-09-30 23:20:21.936      - Frequently changed domains — Saha TV: Failed for 182 days - consider removing from filters
2026-09-30 23:20:21.936      - Frequently changed domains — YavasGir: Failed for 70 days - consider removing from filters
2026-09-30 23:20:21.936      - piabettv14.live: Failed for 50 days - consider removing from filters
2026-09-30 23:20:21.936      - restmacizle23.cfd: Failed for 196 days - consider removing from filters
2026-09-30 23:20:21.936      - hepbetspor: Failed for 218 days - consider removing from filters
2026-09-30 23:20:21.936      - woe.sx: Failed for 129 days - consider removing from filters
2026-09-30 23:20:21.936 
2026-09-30 23:20:21.936 Total phase time: 66.473s
2026-09-30 23:20:21.937 
2026-09-30 23:20:21.937 Unchanged watchers:
                        ww0.jmanga.cash (jmanga.locker), Test Probe Success - example.de (example.de), Frequently changed domains — sporcafe*.xyz — Spor Cafe (www.sporcafe-0c2608ad69.xyz), Frequently changed domains — turkifsaclub*.sbs (turkifsaclub208.sbs), turkifsaclub-12.sbs (turkifsaclub208.sbs), Frequently changed domains — gobtv*.com (gobtv27.com), Frequently changed domains — trgooltv*.top (trgooltv73.top), Frequently changed domains — vegatv*.shop (vegatv89.shop), Frequently changed domains — betmatiktv*.com (betmatiktv156.com), Frequently changed domains — acartv*.live (acartv107.live), Frequently changed domains — inattvizle*.top (www.inattvizle500.top), Frequently changed domains — otobettv*.com (otobettv85.com), Frequently changed domains — portobettv*.com (www.portobettv55.com), Frequently changed domains — kodtimetv*.com (kodtimetv33.com), amp-6392fa66a0.selcuksportshdamp-aa805a079c.click (amp-6392fa66a0.selcuksportshdamp-aa805a079c.click), dizigom104.com (www.alliance4creativity.com), sultansportv562.com (golvar566.sbs), taraftarium24.xyz (taraftarium24.xyz), www.taraftarium91.top (www.taraftarium210.top), patronspor04548a2wer45awes.cfd (raw.githack.com), gptgirlfriend.com (www.gptgirlfriend.online), Frequently changed domains — askimyavas*.com (askimyavas195.live)

2026-09-30 23:20:21.937 === Domains replacement summary ===
2026-09-30 23:20:21.937 Files scanned: 355
2026-09-30 23:20:21.937 Files modified: 0
2026-09-30 23:20:21.937 Total line edits: 0
2026-09-30 23:20:21.937 Total phase time: 2.070s
2026-09-30 23:20:21.937 ⬆️ ⬆️ ⬆️  ---=== Domains rotating summary ===---  ⬆️ ⬆️ ⬆️


2026-09-30 23:20:22.055 ⌛ Total execution time: 68.709s

⬇️ ⬇️ ⬇️  💡 💡 💡  Direct Commit Mode 💡 💡 💡  ⬇️ ⬇️ ⬇️
Target branch: master
Commit message:
Rotating Domains Checker: Updating domains

🔄  Watchers with active mirror changed:

www.selcuksportshd8443661f57.xyz   www.selcuksportshdbd813bd00f.xyz → www.selcuksportshd01390f9702.xyz

✅ Unchanged watchers:
     ww0.jmanga.cash (jmanga.locker), Test Probe Success - example.de (example.de), Frequently changed domains — sporcafe*.xyz — Spor Cafe (www.sporcafe-0c2608ad69.xyz), Frequently changed domains — turkifsaclub*.sbs (turkifsaclub208.sbs), turkifsaclub-12.sbs (turkifsaclub208.sbs), Frequently changed domains — gobtv*.com (gobtv27.com), Frequently changed domains — trgooltv*.top (trgooltv73.top), Frequently changed domains — vegatv*.shop (vegatv89.shop), Frequently changed domains — betmatiktv*.com (betmatiktv156.com), Frequently changed domains — acartv*.live (acartv107.live), Frequently changed domains — inattvizle*.top (www.inattvizle500.top), Frequently changed domains — otobettv*.com (otobettv85.com), Frequently changed domains — portobettv*.com (www.portobettv55.com), Frequently changed domains — kodtimetv*.com (kodtimetv33.com), amp-6392fa66a0.selcuksportshdamp-aa805a079c.click (amp-6392fa66a0.selcuksportshdamp-aa805a079c.click), dizigom104.com (www.alliance4creativity.com), sultansportv562.com (golvar566.sbs), taraftarium24.xyz (taraftarium24.xyz), www.taraftarium91.top (www.taraftarium210.top), patronspor04548a2wer45awes.cfd (raw.githack.com), gptgirlfriend.com (www.gptgirlfriend.online), Frequently changed domains — askimyavas*.com (askimyavas195.live)

🚨 Errors (no replacements made):
     - zonatmo.to [https://zonatmo.to]: Timeout (10000ms) [code=23]: The operation was aborted due to timeout (21.06s)
     - Dead site test - deadexample24.com [https://deadexample24.com]: DNS resolution failed (0.05s)
     - Test Probe Fail - example.org [https://example.org]: Content probe failed (0.13s)
     - Frequently changed domains — belestepe*.sbs — Belestepe [https://belestepe635.sbs]: Non-success status: 523 (7.26s)
     - Frequently changed domains — dizipal*.com — Dizipal [https://dizipal2127.com]: Antibot detected: 403 or __cf_chl_tk in URL (0.19s)
     - Frequently changed domains — zeusdizi*.com [https://zeusdizi32.com]: Antibot detected: 403 or __cf_chl_tk in URL (24.24s)
     - Frequently changed domains — netsportv*.top [https://www.netsportv264.top/]: Antibot detected: 403 or __cf_chl_tk in URL (0.71s)
     - Frequently changed domains — zeustv*.com [https://zeustv243.com]: DNS resolution failed (0.29s)
     - Frequently changed domains — xsportv*.xyz [https://www.xsportv-21ee22f79d.xyz]: Non-success status: 404 (0.69s)
     - Frequently changed domains — seyirspor*.com [https://seyirspor17.com]: DNS resolution failed (0.06s)
     - Frequently changed domains — lorabettvhd*.shop [https://lorabettvhd80.shop]: DNS resolution failed (0.30s)
     - Frequently changed domains — bosssports*.com [https://bosssports612.com]: Non-success status: 523 (0.90s)
     - Frequently changed domains — Kralsports HD [https://kralsportshd7.com]: DNS resolution failed (0.01s)
     - Frequently changed domains — rotabettv*.com [https://rotabettv516.com]: Non-success status: 523 (3.98s)
     - Frequently changed domains — betivotv*.com [https://betivotv157.com]: Non-success status: 404 (0.93s)
     - Frequently changed domains — Saha TV [https://sahatv2.top]: DNS resolution failed (0.03s)
     - Frequently changed domains — YavasGir [https://yavasgir136.live]: Antibot detected: 403 or __cf_chl_tk in URL (0.51s)
     - piabettv14.live [https://piabettv21.live]: Timeout (10000ms) [code=23]: The operation was aborted due to timeout (21.05s)
     - restmacizle23.cfd [https://patronspor.is/]: Skipped by skip_text: "https://patronspor.is/?s={search_term_string}" (1.02s)
     - hepbetspor [https://patronspor.is/]: Skipped by skip_text: "https://patronspor.is/?s={search_term_string}" (0.73s)
     - torrentsee [https://torrentsee365.com]: Connection reset [code=ECONNRESET]: fetch failed (4.96s)
     - woe.sx [https://voe.sx/e/nemg6vqtnrkf]: Non-success status: 404 (1.30s)
🚩  Changed pattern → non-pattern domains:
     Frequently changed domains — sporcafe*.xyz — Spor Cafe: Pattern domain redirected to non-pattern (www.sporcafe-0c2608ad69.xyz → www.sporcafe-0c2608ad69.xyz) - filter not updated, waiting for new pattern domain



⚠️  Warnings:
     - Dead site test - deadexample24.com: Failed for 221 days - consider removing from filters
     - Test Probe Fail - example.org: Failed for 221 days - consider removing from filters
     - Frequently changed domains — dizipal*.com — Dizipal: Failed for 22 days - consider removing from filters
     - Frequently changed domains — zeusdizi*.com: Failed for 155 days - consider removing from filters
     - Frequently changed domains — netsportv*.top: Failed for 146 days - consider removing from filters
     - Frequently changed domains — zeustv*.com: Failed for 180 days - consider removing from filters
     - Frequently changed domains — xsportv*.xyz: Failed for 198 days - consider removing from filters
     - Frequently changed domains — seyirspor*.com: Failed for 167 days - consider removing from filters
     - Frequently changed domains — lorabettvhd*.shop: Failed for 221 days - consider removing from filters
     - Frequently changed domains — bosssports*.com: Failed for 98 days - consider removing from filters
     - Frequently changed domains — betivotv*.com: Failed for 43 days - consider removing from filters
     - Frequently changed domains — Saha TV: Failed for 182 days - consider removing from filters
     - Frequently changed domains — YavasGir: Failed for 70 days - consider removing from filters
     - piabettv14.live: Failed for 50 days - consider removing from filters
     - restmacizle23.cfd: Failed for 196 days - consider removing from filters
     - hepbetspor: Failed for 218 days - consider removing from filters
     - woe.sx: Failed for 129 days - consider removing from filters


📋  View detailed log: https://github.com/Alex-302/AdguardFilters/actions/runs/36790447416#artifacts
⬆️ ⬆️ ⬆️  💡 💡 💡  Direct Commit Mode 💡 💡 💡  ⬆️ ⬆️ ⬆️


================================================================================
Run: 2026-10-01 03:05:07.051
================================================================================

2026-10-01 03:03:58.251 Rotating Domains Checker v1.4.2 - WRITE mode
2026-10-01 03:03:58.253 Test filters dir: NO
2026-10-01 03:03:58.253 Target repo path: ./
2026-10-01 03:03:58.253 Sites to check: 47

2026-10-01 03:05:04.803 
                      Redirected domains 
╔════════════════════════════════════════════╤════════════════╤════════════════╤════════╗
║ Site                                       │ From           │ To             │ Time   ║
╟────────────────────────────────────────────┼────────────────┼────────────────┼────────╢
║ Frequently changed domains — otobettv*.com │ otobettv85.com │ otobettv86.com │ 25.52s ║
╚════════════════════════════════════════════╧════════════════╧════════════════╧════════╝

2026-10-01 03:05:06.928 ⬇️ ⬇️ ⬇️  ---=== Domains rotating summary ===---  ⬇️ ⬇️ ⬇️
2026-10-01 03:05:06.928   Total sites: 47
2026-10-01 03:05:06.928   ├─ Checked sites: 47
2026-10-01 03:05:06.928   ├─ 🔄 Watchers with active mirror changed: 1
2026-10-01 03:05:06.928   ├─ 📋 Watchers with filter mirror list changed: 0
2026-10-01 03:05:06.928   ├─ 🚩 Pattern→non-pattern: 1
2026-10-01 03:05:06.928   └─ Unchanged watchers: 22
2026-10-01 03:05:06.928  🚨  Failed: 22
2026-10-01 03:05:06.928   ├─ including antibot blocked: 4
2026-10-01 03:05:06.928   └─ Network problems or dead: 18
2026-10-01 03:05:06.928 
2026-10-01 03:05:06.928 Problems:
2026-10-01 03:05:06.928  🚨 Errors (no replacements made):
2026-10-01 03:05:06.928      - zonatmo.to [https://zonatmo.to]: Non-success status: 523 (3.25s)
2026-10-01 03:05:06.928      - Dead site test - deadexample24.com [https://deadexample24.com]: DNS resolution failed (0.07s)
2026-10-01 03:05:06.928      - Test Probe Fail - example.org [https://example.org]: Content probe failed (0.13s)
2026-10-01 03:05:06.928      - Frequently changed domains — belestepe*.sbs — Belestepe [https://belestepe635.sbs]: Non-success status: 523 (1.88s)
2026-10-01 03:05:06.928      - Frequently changed domains — dizipal*.com — Dizipal [https://dizipal2127.com]: Antibot detected: 403 or __cf_chl_tk in URL (0.16s)
2026-10-01 03:05:06.928      - Frequently changed domains — zeusdizi*.com [https://zeusdizi32.com]: Antibot detected: 403 or __cf_chl_tk in URL (24.81s)
2026-10-01 03:05:06.928      - Frequently changed domains — netsportv*.top [https://www.netsportv264.top/]: Antibot detected: 403 or __cf_chl_tk in URL (1.12s)
2026-10-01 03:05:06.928      - Frequently changed domains — zeustv*.com [https://zeustv243.com]: DNS resolution failed (0.39s)
2026-10-01 03:05:06.928      - Frequently changed domains — xsportv*.xyz [https://www.xsportv-21ee22f79d.xyz]: Non-success status: 404 (0.61s)
2026-10-01 03:05:06.928      - Frequently changed domains — seyirspor*.com [https://seyirspor17.com]: DNS resolution failed (0.13s)
2026-10-01 03:05:06.928      - Frequently changed domains — lorabettvhd*.shop [https://lorabettvhd80.shop]: DNS resolution failed (0.06s)
2026-10-01 03:05:06.928      - Frequently changed domains — bosssports*.com [https://bosssports612.com]: Non-success status: 523 (4.97s)
2026-10-01 03:05:06.928      - Frequently changed domains — Kralsports HD [https://kralsportshd7.com]: DNS resolution failed (0.02s)
2026-10-01 03:05:06.928      - Frequently changed domains — rotabettv*.com [https://rotabettv516.com]: Non-success status: 523 (14.24s)
2026-10-01 03:05:06.928      - Frequently changed domains — betivotv*.com [https://betivotv157.com]: Non-success status: 404 (1.55s)
2026-10-01 03:05:06.928      - Frequently changed domains — Saha TV [https://sahatv2.top]: DNS resolution failed (0.07s)
2026-10-01 03:05:06.928      - Frequently changed domains — YavasGir [https://yavasgir136.live]: Antibot detected: 403 or __cf_chl_tk in URL (1.02s)
2026-10-01 03:05:06.928      - piabettv14.live [https://piabettv21.live]: Timeout (10000ms) [code=23]: The operation was aborted due to timeout (21.08s)
2026-10-01 03:05:06.928      - restmacizle23.cfd [https://patronspor.is/]: Skipped by skip_text: "https://patronspor.is/?s={search_term_string}" (0.98s)
2026-10-01 03:05:06.928      - hepbetspor [https://patronspor.is/]: Skipped by skip_text: "https://patronspor.is/?s={search_term_string}" (0.61s)
2026-10-01 03:05:06.928      - torrentsee [https://torrentsee365.com]: Connection reset [code=ECONNRESET]: fetch failed (5.02s)
2026-10-01 03:05:06.928      - woe.sx [https://voe.sx/e/nemg6vqtnrkf]: Non-success status: 404 (1.25s)
2026-10-01 03:05:06.928  🚩  Changed pattern → non-pattern domains:
2026-10-01 03:05:06.928      Frequently changed domains — sporcafe*.xyz — Spor Cafe: Pattern domain redirected to non-pattern (www.sporcafe-0c2608ad69.xyz → www.sporcafe-0c2608ad69.xyz) - filter not updated, waiting for new pattern domain
2026-10-01 03:05:06.928  ⚠️  Warnings:
2026-10-01 03:05:06.928      - Dead site test - deadexample24.com: Failed for 221 days - consider removing from filters
2026-10-01 03:05:06.928      - Test Probe Fail - example.org: Failed for 221 days - consider removing from filters
2026-10-01 03:05:06.928      - Frequently changed domains — dizipal*.com — Dizipal: Failed for 22 days - consider removing from filters
2026-10-01 03:05:06.928      - Frequently changed domains — zeusdizi*.com: Failed for 155 days - consider removing from filters
2026-10-01 03:05:06.928      - Frequently changed domains — netsportv*.top: Failed for 146 days - consider removing from filters
2026-10-01 03:05:06.928      - Frequently changed domains — zeustv*.com: Failed for 180 days - consider removing from filters
2026-10-01 03:05:06.928      - Frequently changed domains — xsportv*.xyz: Failed for 198 days - consider removing from filters
2026-10-01 03:05:06.928      - Frequently changed domains — seyirspor*.com: Failed for 167 days - consider removing from filters
2026-10-01 03:05:06.928      - Frequently changed domains — lorabettvhd*.shop: Failed for 221 days - consider removing from filters
2026-10-01 03:05:06.928      - Frequently changed domains — bosssports*.com: Failed for 98 days - consider removing from filters
2026-10-01 03:05:06.929      - Frequently changed domains — betivotv*.com: Failed for 43 days - consider removing from filters
2026-10-01 03:05:06.929      - Frequently changed domains — Saha TV: Failed for 182 days - consider removing from filters
2026-10-01 03:05:06.929      - Frequently changed domains — YavasGir: Failed for 71 days - consider removing from filters
2026-10-01 03:05:06.929      - piabettv14.live: Failed for 50 days - consider removing from filters
2026-10-01 03:05:06.929      - restmacizle23.cfd: Failed for 197 days - consider removing from filters
2026-10-01 03:05:06.929      - hepbetspor: Failed for 219 days - consider removing from filters
2026-10-01 03:05:06.929      - woe.sx: Failed for 129 days - consider removing from filters
2026-10-01 03:05:06.929 
2026-10-01 03:05:06.929 Total phase time: 66.542s
2026-10-01 03:05:06.929 
2026-10-01 03:05:06.929 Unchanged watchers:
                        ww0.jmanga.cash (jmanga.locker), Test Probe Success - example.de (example.de), Frequently changed domains — sporcafe*.xyz — Spor Cafe (www.sporcafe-0c2608ad69.xyz), Frequently changed domains — turkifsaclub*.sbs (turkifsaclub208.sbs), turkifsaclub-12.sbs (turkifsaclub208.sbs), Frequently changed domains — gobtv*.com (gobtv27.com), Frequently changed domains — trgooltv*.top (trgooltv73.top), Frequently changed domains — vegatv*.shop (vegatv89.shop), Frequently changed domains — betmatiktv*.com (betmatiktv156.com), Frequently changed domains — acartv*.live (acartv107.live), Frequently changed domains — inattvizle*.top (www.inattvizle500.top), Frequently changed domains — portobettv*.com (www.portobettv55.com), Frequently changed domains — kodtimetv*.com (kodtimetv33.com), amp-6392fa66a0.selcuksportshdamp-aa805a079c.click (amp-6392fa66a0.selcuksportshdamp-aa805a079c.click), dizigom104.com (www.alliance4creativity.com), sultansportv562.com (golvar566.sbs), taraftarium24.xyz (taraftarium24.xyz), www.selcuksportshd8443661f57.xyz (www.selcuksportshd01390f9702.xyz), www.taraftarium91.top (www.taraftarium210.top), patronspor04548a2wer45awes.cfd (raw.githack.com), gptgirlfriend.com (www.gptgirlfriend.online), Frequently changed domains — askimyavas*.com (askimyavas195.live)

2026-10-01 03:05:06.929 === Domains replacement summary ===
2026-10-01 03:05:06.929 Files scanned: 355
2026-10-01 03:05:06.929 Files modified: 1
2026-10-01 03:05:06.929 Total line edits: 1
2026-10-01 03:05:06.929 Total phase time: 2.130s
2026-10-01 03:05:06.929 ⬆️ ⬆️ ⬆️  ---=== Domains rotating summary ===---  ⬆️ ⬆️ ⬆️


2026-10-01 03:05:07.048 ⌛ Total execution time: 68.849s

⬇️ ⬇️ ⬇️  💡 💡 💡  Direct Commit Mode 💡 💡 💡  ⬇️ ⬇️ ⬇️
Target branch: master
Commit message:
Rotating Domains Checker: Updating domains

🔄  Watchers with active mirror changed:

Frequently changed domains — otobettv*.com   otobettv85.com       → otobettv86.com      

✅ Unchanged watchers:
     ww0.jmanga.cash (jmanga.locker), Test Probe Success - example.de (example.de), Frequently changed domains — sporcafe*.xyz — Spor Cafe (www.sporcafe-0c2608ad69.xyz), Frequently changed domains — turkifsaclub*.sbs (turkifsaclub208.sbs), turkifsaclub-12.sbs (turkifsaclub208.sbs), Frequently changed domains — gobtv*.com (gobtv27.com), Frequently changed domains — trgooltv*.top (trgooltv73.top), Frequently changed domains — vegatv*.shop (vegatv89.shop), Frequently changed domains — betmatiktv*.com (betmatiktv156.com), Frequently changed domains — acartv*.live (acartv107.live), Frequently changed domains — inattvizle*.top (www.inattvizle500.top), Frequently changed domains — portobettv*.com (www.portobettv55.com), Frequently changed domains — kodtimetv*.com (kodtimetv33.com), amp-6392fa66a0.selcuksportshdamp-aa805a079c.click (amp-6392fa66a0.selcuksportshdamp-aa805a079c.click), dizigom104.com (www.alliance4creativity.com), sultansportv562.com (golvar566.sbs), taraftarium24.xyz (taraftarium24.xyz), www.selcuksportshd8443661f57.xyz (www.selcuksportshd01390f9702.xyz), www.taraftarium91.top (www.taraftarium210.top), patronspor04548a2wer45awes.cfd (raw.githack.com), gptgirlfriend.com (www.gptgirlfriend.online), Frequently changed domains — askimyavas*.com (askimyavas195.live)

🚨 Errors (no replacements made):
     - zonatmo.to [https://zonatmo.to]: Non-success status: 523 (3.25s)
     - Dead site test - deadexample24.com [https://deadexample24.com]: DNS resolution failed (0.07s)
     - Test Probe Fail - example.org [https://example.org]: Content probe failed (0.13s)
     - Frequently changed domains — belestepe*.sbs — Belestepe [https://belestepe635.sbs]: Non-success status: 523 (1.88s)
     - Frequently changed domains — dizipal*.com — Dizipal [https://dizipal2127.com]: Antibot detected: 403 or __cf_chl_tk in URL (0.16s)
     - Frequently changed domains — zeusdizi*.com [https://zeusdizi32.com]: Antibot detected: 403 or __cf_chl_tk in URL (24.81s)
     - Frequently changed domains — netsportv*.top [https://www.netsportv264.top/]: Antibot detected: 403 or __cf_chl_tk in URL (1.12s)
     - Frequently changed domains — zeustv*.com [https://zeustv243.com]: DNS resolution failed (0.39s)
     - Frequently changed domains — xsportv*.xyz [https://www.xsportv-21ee22f79d.xyz]: Non-success status: 404 (0.61s)
     - Frequently changed domains — seyirspor*.com [https://seyirspor17.com]: DNS resolution failed (0.13s)
     - Frequently changed domains — lorabettvhd*.shop [https://lorabettvhd80.shop]: DNS resolution failed (0.06s)
     - Frequently changed domains — bosssports*.com [https://bosssports612.com]: Non-success status: 523 (4.97s)
     - Frequently changed domains — Kralsports HD [https://kralsportshd7.com]: DNS resolution failed (0.02s)
     - Frequently changed domains — rotabettv*.com [https://rotabettv516.com]: Non-success status: 523 (14.24s)
     - Frequently changed domains — betivotv*.com [https://betivotv157.com]: Non-success status: 404 (1.55s)
     - Frequently changed domains — Saha TV [https://sahatv2.top]: DNS resolution failed (0.07s)
     - Frequently changed domains — YavasGir [https://yavasgir136.live]: Antibot detected: 403 or __cf_chl_tk in URL (1.02s)
     - piabettv14.live [https://piabettv21.live]: Timeout (10000ms) [code=23]: The operation was aborted due to timeout (21.08s)
     - restmacizle23.cfd [https://patronspor.is/]: Skipped by skip_text: "https://patronspor.is/?s={search_term_string}" (0.98s)
     - hepbetspor [https://patronspor.is/]: Skipped by skip_text: "https://patronspor.is/?s={search_term_string}" (0.61s)
     - torrentsee [https://torrentsee365.com]: Connection reset [code=ECONNRESET]: fetch failed (5.02s)
     - woe.sx [https://voe.sx/e/nemg6vqtnrkf]: Non-success status: 404 (1.25s)
🚩  Changed pattern → non-pattern domains:
     Frequently changed domains — sporcafe*.xyz — Spor Cafe: Pattern domain redirected to non-pattern (www.sporcafe-0c2608ad69.xyz → www.sporcafe-0c2608ad69.xyz) - filter not updated, waiting for new pattern domain



⚠️  Warnings:
     - Dead site test - deadexample24.com: Failed for 221 days - consider removing from filters
     - Test Probe Fail - example.org: Failed for 221 days - consider removing from filters
     - Frequently changed domains — dizipal*.com — Dizipal: Failed for 22 days - consider removing from filters
     - Frequently changed domains — zeusdizi*.com: Failed for 155 days - consider removing from filters
     - Frequently changed domains — netsportv*.top: Failed for 146 days - consider removing from filters
     - Frequently changed domains — zeustv*.com: Failed for 180 days - consider removing from filters
     - Frequently changed domains — xsportv*.xyz: Failed for 198 days - consider removing from filters
     - Frequently changed domains — seyirspor*.com: Failed for 167 days - consider removing from filters
     - Frequently changed domains — lorabettvhd*.shop: Failed for 221 days - consider removing from filters
     - Frequently changed domains — bosssports*.com: Failed for 98 days - consider removing from filters
     - Frequently changed domains — betivotv*.com: Failed for 43 days - consider removing from filters
     - Frequently changed domains — Saha TV: Failed for 182 days - consider removing from filters
     - Frequently changed domains — YavasGir: Failed for 71 days - consider removing from filters
     - piabettv14.live: Failed for 50 days - consider removing from filters
     - restmacizle23.cfd: Failed for 197 days - consider removing from filters
     - hepbetspor: Failed for 219 days - consider removing from filters
     - woe.sx: Failed for 129 days - consider removing from filters


📋  View detailed log: https://github.com/Alex-302/AdguardFilters/actions/runs/36808758171#artifacts
⬆️ ⬆️ ⬆️  💡 💡 💡  Direct Commit Mode 💡 💡 💡  ⬆️ ⬆️ ⬆️


================================================================================
Run: 2026-10-01 10:34:29.238
================================================================================

2026-10-01 10:33:18.589 Rotating Domains Checker v1.4.2 - WRITE mode
2026-10-01 10:33:18.591 Test filters dir: NO
2026-10-01 10:33:18.591 Target repo path: ./
2026-10-01 10:33:18.591 Sites to check: 47

2026-10-01 10:34:27.104 
                      Redirected domains 
╔═════════════════════════════════════════════╤══════════════════╤══════════════════╤════════╗
║ Site                                        │ From             │ To               │ Time   ║
╟─────────────────────────────────────────────┼──────────────────┼──────────────────┼────────╢
║ Frequently changed domains — betist*tv.live │ betist263tv.live │ betist264tv.live │ 46.63s ║
╚═════════════════════════════════════════════╧══════════════════╧══════════════════╧════════╝

2026-10-01 10:34:29.118 ⬇️ ⬇️ ⬇️  ---=== Domains rotating summary ===---  ⬇️ ⬇️ ⬇️
2026-10-01 10:34:29.118   Total sites: 47
2026-10-01 10:34:29.118   ├─ Checked sites: 47
2026-10-01 10:34:29.118   ├─ 🔄 Watchers with active mirror changed: 1
2026-10-01 10:34:29.118   ├─ 📋 Watchers with filter mirror list changed: 0
2026-10-01 10:34:29.118   ├─ 🚩 Pattern→non-pattern: 1
2026-10-01 10:34:29.118   ├─ Antibot accepted: 1 (not in failed count)
2026-10-01 10:34:29.118   └─ Unchanged watchers: 23
2026-10-01 10:34:29.118  🚨  Failed: 21
2026-10-01 10:34:29.118   ├─ including antibot blocked: 4
2026-10-01 10:34:29.118   └─ Network problems or dead: 17
2026-10-01 10:34:29.118 
2026-10-01 10:34:29.118 Problems:
2026-10-01 10:34:29.119  🚨 Errors (no replacements made):
2026-10-01 10:34:29.119      - zonatmo.to [https://zonatmo.to]: Timeout (10000ms) [code=23]: The operation was aborted due to timeout (21.09s)
2026-10-01 10:34:29.119      - Dead site test - deadexample24.com [https://deadexample24.com]: DNS resolution failed (0.09s)
2026-10-01 10:34:29.119      - Test Probe Fail - example.org [https://example.org]: Content probe failed (0.18s)
2026-10-01 10:34:29.119      - Frequently changed domains — belestepe*.sbs — Belestepe [https://belestepe635.sbs]: Non-success status: 523 (2.78s)
2026-10-01 10:34:29.119      - Frequently changed domains — dizipal*.com — Dizipal [https://dizipal2127.com]: Antibot detected: 403 or __cf_chl_tk in URL (0.31s)
2026-10-01 10:34:29.119      - Frequently changed domains — zeusdizi*.com [https://zeusdizi32.com]: Antibot detected: 403 or __cf_chl_tk in URL (26.53s)
2026-10-01 10:34:29.119      - Frequently changed domains — netsportv*.top [https://www.netsportv264.top/]: Antibot detected: 403 or __cf_chl_tk in URL (1.15s)
2026-10-01 10:34:29.119      - Frequently changed domains — zeustv*.com [https://zeustv243.com]: DNS resolution failed (0.26s)
2026-10-01 10:34:29.119      - Frequently changed domains — xsportv*.xyz [https://www.xsportv-21ee22f79d.xyz]: Non-success status: 404 (0.78s)
2026-10-01 10:34:29.119      - Frequently changed domains — seyirspor*.com [https://seyirspor17.com]: DNS resolution failed (0.18s)
2026-10-01 10:34:29.119      - Frequently changed domains — lorabettvhd*.shop [https://lorabettvhd80.shop]: DNS resolution failed (0.09s)
2026-10-01 10:34:29.119      - Frequently changed domains — bosssports*.com [https://bosssports612.com]: Non-success status: 523 (5.83s)
2026-10-01 10:34:29.119      - Frequently changed domains — Kralsports HD [https://kralsportshd7.com]: DNS resolution failed (0.06s)
2026-10-01 10:34:29.119      - Frequently changed domains — rotabettv*.com [https://rotabettv516.com]: Non-success status: 523 (5.68s)
2026-10-01 10:34:29.119      - Frequently changed domains — betivotv*.com [https://betivotv157.com]: Non-success status: 404 (1.26s)
2026-10-01 10:34:29.119      - Frequently changed domains — Saha TV [https://sahatv2.top]: DNS resolution failed (0.28s)
2026-10-01 10:34:29.119      - Frequently changed domains — YavasGir [https://yavasgir136.live]: Antibot detected: 403 or __cf_chl_tk in URL (0.54s)
2026-10-01 10:34:29.119      - piabettv14.live [https://piabettv21.live]: Timeout (10000ms) [code=23]: The operation was aborted due to timeout (21.07s)
2026-10-01 10:34:29.119      - restmacizle23.cfd [https://patronspor.is/]: Skipped by skip_text: "https://patronspor.is/?s={search_term_string}" (1.13s)
2026-10-01 10:34:29.119      - hepbetspor [https://patronspor.is/]: Skipped by skip_text: "https://patronspor.is/?s={search_term_string}" (0.74s)
2026-10-01 10:34:29.119      - woe.sx [https://voe.sx/e/nemg6vqtnrkf]: Non-success status: 404 (1.11s)
2026-10-01 10:34:29.119  🚩  Changed pattern → non-pattern domains:
2026-10-01 10:34:29.119      Frequently changed domains — sporcafe*.xyz — Spor Cafe: Pattern domain redirected to non-pattern (www.sporcafe-0c2608ad69.xyz → www.sporcafe-0c2608ad69.xyz) - filter not updated, waiting for new pattern domain
2026-10-01 10:34:29.119  ⚠️  Warnings:
2026-10-01 10:34:29.119      - Dead site test - deadexample24.com: Failed for 221 days - consider removing from filters
2026-10-01 10:34:29.119      - Test Probe Fail - example.org: Failed for 221 days - consider removing from filters
2026-10-01 10:34:29.119      - Frequently changed domains — dizipal*.com — Dizipal: Failed for 23 days - consider removing from filters
2026-10-01 10:34:29.119      - Frequently changed domains — zeusdizi*.com: Failed for 155 days - consider removing from filters
2026-10-01 10:34:29.119      - Frequently changed domains — netsportv*.top: Failed for 146 days - consider removing from filters
2026-10-01 10:34:29.119      - Frequently changed domains — zeustv*.com: Failed for 180 days - consider removing from filters
2026-10-01 10:34:29.119      - Frequently changed domains — xsportv*.xyz: Failed for 198 days - consider removing from filters
2026-10-01 10:34:29.119      - Frequently changed domains — seyirspor*.com: Failed for 167 days - consider removing from filters
2026-10-01 10:34:29.119      - Frequently changed domains — lorabettvhd*.shop: Failed for 221 days - consider removing from filters
2026-10-01 10:34:29.119      - Frequently changed domains — bosssports*.com: Failed for 98 days - consider removing from filters
2026-10-01 10:34:29.119      - Frequently changed domains — betist*tv.live: Domain redirected (betist263tv.live → betist264tv.live) but protected by antibot - old domain may remain in filter rules
2026-10-01 10:34:29.119      - Frequently changed domains — betivotv*.com: Failed for 44 days - consider removing from filters
2026-10-01 10:34:29.119      - Frequently changed domains — Saha TV: Failed for 182 days - consider removing from filters
2026-10-01 10:34:29.119      - Frequently changed domains — YavasGir: Failed for 71 days - consider removing from filters
2026-10-01 10:34:29.119      - piabettv14.live: Failed for 50 days - consider removing from filters
2026-10-01 10:34:29.119      - restmacizle23.cfd: Failed for 197 days - consider removing from filters
2026-10-01 10:34:29.119      - hepbetspor: Failed for 219 days - consider removing from filters
2026-10-01 10:34:29.119      - woe.sx: Failed for 129 days - consider removing from filters
2026-10-01 10:34:29.119 
2026-10-01 10:34:29.119 Total phase time: 68.504s
2026-10-01 10:34:29.119 
2026-10-01 10:34:29.119 Unchanged watchers:
                        ww0.jmanga.cash (jmanga.locker), Test Probe Success - example.de (example.de), Frequently changed domains — sporcafe*.xyz — Spor Cafe (www.sporcafe-0c2608ad69.xyz), Frequently changed domains — turkifsaclub*.sbs (turkifsaclub208.sbs), turkifsaclub-12.sbs (turkifsaclub208.sbs), Frequently changed domains — gobtv*.com (gobtv27.com), Frequently changed domains — trgooltv*.top (trgooltv73.top), Frequently changed domains — vegatv*.shop (vegatv89.shop), Frequently changed domains — betmatiktv*.com (betmatiktv156.com), Frequently changed domains — acartv*.live (acartv107.live), Frequently changed domains — inattvizle*.top (www.inattvizle500.top), Frequently changed domains — otobettv*.com (otobettv86.com), Frequently changed domains — portobettv*.com (www.portobettv55.com), Frequently changed domains — kodtimetv*.com (kodtimetv33.com), amp-6392fa66a0.selcuksportshdamp-aa805a079c.click (amp-6392fa66a0.selcuksportshdamp-aa805a079c.click), dizigom104.com (www.alliance4creativity.com), sultansportv562.com (golvar566.sbs), taraftarium24.xyz (taraftarium24.xyz), www.selcuksportshd8443661f57.xyz (www.selcuksportshd01390f9702.xyz), www.taraftarium91.top (www.taraftarium210.top), patronspor04548a2wer45awes.cfd (raw.githack.com), torrentsee (torrentsee365.com), gptgirlfriend.com (www.gptgirlfriend.online), Frequently changed domains — askimyavas*.com (askimyavas195.live)

2026-10-01 10:34:29.119 === Domains replacement summary ===
2026-10-01 10:34:29.119 Files scanned: 355
2026-10-01 10:34:29.119 Files modified: 1
2026-10-01 10:34:29.119 Total line edits: 1
2026-10-01 10:34:29.119 Total phase time: 2.020s
2026-10-01 10:34:29.119 ⬆️ ⬆️ ⬆️  ---=== Domains rotating summary ===---  ⬆️ ⬆️ ⬆️


2026-10-01 10:34:29.236 ⌛ Total execution time: 70.713s

⬇️ ⬇️ ⬇️  💡 💡 💡  Direct Commit Mode 💡 💡 💡  ⬇️ ⬇️ ⬇️
Target branch: master
Commit message:
Rotating Domains Checker: Updating domains

🔄  Watchers with active mirror changed:

Frequently changed domains — betist*tv.live   betist263tv.live     → betist264tv.live    

✅ Unchanged watchers:
     ww0.jmanga.cash (jmanga.locker), Test Probe Success - example.de (example.de), Frequently changed domains — sporcafe*.xyz — Spor Cafe (www.sporcafe-0c2608ad69.xyz), Frequently changed domains — turkifsaclub*.sbs (turkifsaclub208.sbs), turkifsaclub-12.sbs (turkifsaclub208.sbs), Frequently changed domains — gobtv*.com (gobtv27.com), Frequently changed domains — trgooltv*.top (trgooltv73.top), Frequently changed domains — vegatv*.shop (vegatv89.shop), Frequently changed domains — betmatiktv*.com (betmatiktv156.com), Frequently changed domains — acartv*.live (acartv107.live), Frequently changed domains — inattvizle*.top (www.inattvizle500.top), Frequently changed domains — otobettv*.com (otobettv86.com), Frequently changed domains — portobettv*.com (www.portobettv55.com), Frequently changed domains — kodtimetv*.com (kodtimetv33.com), amp-6392fa66a0.selcuksportshdamp-aa805a079c.click (amp-6392fa66a0.selcuksportshdamp-aa805a079c.click), dizigom104.com (www.alliance4creativity.com), sultansportv562.com (golvar566.sbs), taraftarium24.xyz (taraftarium24.xyz), www.selcuksportshd8443661f57.xyz (www.selcuksportshd01390f9702.xyz), www.taraftarium91.top (www.taraftarium210.top), patronspor04548a2wer45awes.cfd (raw.githack.com), torrentsee (torrentsee365.com), gptgirlfriend.com (www.gptgirlfriend.online), Frequently changed domains — askimyavas*.com (askimyavas195.live)

🚨 Errors (no replacements made):
     - zonatmo.to [https://zonatmo.to]: Timeout (10000ms) [code=23]: The operation was aborted due to timeout (21.09s)
     - Dead site test - deadexample24.com [https://deadexample24.com]: DNS resolution failed (0.09s)
     - Test Probe Fail - example.org [https://example.org]: Content probe failed (0.18s)
     - Frequently changed domains — belestepe*.sbs — Belestepe [https://belestepe635.sbs]: Non-success status: 523 (2.78s)
     - Frequently changed domains — dizipal*.com — Dizipal [https://dizipal2127.com]: Antibot detected: 403 or __cf_chl_tk in URL (0.31s)
     - Frequently changed domains — zeusdizi*.com [https://zeusdizi32.com]: Antibot detected: 403 or __cf_chl_tk in URL (26.53s)
     - Frequently changed domains — netsportv*.top [https://www.netsportv264.top/]: Antibot detected: 403 or __cf_chl_tk in URL (1.15s)
     - Frequently changed domains — zeustv*.com [https://zeustv243.com]: DNS resolution failed (0.26s)
     - Frequently changed domains — xsportv*.xyz [https://www.xsportv-21ee22f79d.xyz]: Non-success status: 404 (0.78s)
     - Frequently changed domains — seyirspor*.com [https://seyirspor17.com]: DNS resolution failed (0.18s)
     - Frequently changed domains — lorabettvhd*.shop [https://lorabettvhd80.shop]: DNS resolution failed (0.09s)
     - Frequently changed domains — bosssports*.com [https://bosssports612.com]: Non-success status: 523 (5.83s)
     - Frequently changed domains — Kralsports HD [https://kralsportshd7.com]: DNS resolution failed (0.06s)
     - Frequently changed domains — rotabettv*.com [https://rotabettv516.com]: Non-success status: 523 (5.68s)
     - Frequently changed domains — betivotv*.com [https://betivotv157.com]: Non-success status: 404 (1.26s)
     - Frequently changed domains — Saha TV [https://sahatv2.top]: DNS resolution failed (0.28s)
     - Frequently changed domains — YavasGir [https://yavasgir136.live]: Antibot detected: 403 or __cf_chl_tk in URL (0.54s)
     - piabettv14.live [https://piabettv21.live]: Timeout (10000ms) [code=23]: The operation was aborted due to timeout (21.07s)
     - restmacizle23.cfd [https://patronspor.is/]: Skipped by skip_text: "https://patronspor.is/?s={search_term_string}" (1.13s)
     - hepbetspor [https://patronspor.is/]: Skipped by skip_text: "https://patronspor.is/?s={search_term_string}" (0.74s)
     - woe.sx [https://voe.sx/e/nemg6vqtnrkf]: Non-success status: 404 (1.11s)
🚩  Changed pattern → non-pattern domains:
     Frequently changed domains — sporcafe*.xyz — Spor Cafe: Pattern domain redirected to non-pattern (www.sporcafe-0c2608ad69.xyz → www.sporcafe-0c2608ad69.xyz) - filter not updated, waiting for new pattern domain



⚠️  Warnings:
     - Dead site test - deadexample24.com: Failed for 221 days - consider removing from filters
     - Test Probe Fail - example.org: Failed for 221 days - consider removing from filters
     - Frequently changed domains — dizipal*.com — Dizipal: Failed for 23 days - consider removing from filters
     - Frequently changed domains — zeusdizi*.com: Failed for 155 days - consider removing from filters
     - Frequently changed domains — netsportv*.top: Failed for 146 days - consider removing from filters
     - Frequently changed domains — zeustv*.com: Failed for 180 days - consider removing from filters
     - Frequently changed domains — xsportv*.xyz: Failed for 198 days - consider removing from filters
     - Frequently changed domains — seyirspor*.com: Failed for 167 days - consider removing from filters
     - Frequently changed domains — lorabettvhd*.shop: Failed for 221 days - consider removing from filters
     - Frequently changed domains — bosssports*.com: Failed for 98 days - consider removing from filters
     - Frequently changed domains — betist*tv.live: Domain redirected (betist263tv.live → betist264tv.live) but protected by antibot - old domain may remain in filter rules
     - Frequently changed domains — betivotv*.com: Failed for 44 days - consider removing from filters
     - Frequently changed domains — Saha TV: Failed for 182 days - consider removing from filters
     - Frequently changed domains — YavasGir: Failed for 71 days - consider removing from filters
     - piabettv14.live: Failed for 50 days - consider removing from filters
     - restmacizle23.cfd: Failed for 197 days - consider removing from filters
     - hepbetspor: Failed for 219 days - consider removing from filters
     - woe.sx: Failed for 129 days - consider removing from filters

⚠️  Antibot accepted (ignored by config):
     - Frequently changed domains — betist*tv.live [https://betist264tv.live]: Antibot detected, but accepted by config (46.63s)


📋  View detailed log: https://github.com/Alex-302/AdguardFilters/actions/runs/36849852895#artifacts
⬆️ ⬆️ ⬆️  💡 💡 💡  Direct Commit Mode 💡 💡 💡  ⬆️ ⬆️ ⬆️


================================================================================
Run: 2026-10-01 15:07:01.231
================================================================================

2026-10-01 15:05:50.699 Rotating Domains Checker v1.5.1 - WRITE mode
2026-10-01 15:05:50.700 Test filters dir: NO
2026-10-01 15:05:50.700 Target repo path: ./
2026-10-01 15:05:50.701 Sites to check: 47

2026-10-01 15:06:58.937 
                      Redirected domains 
╔════════════════════════════════════════════════╤═════════════════════╤═════════════════════╤═══════╗
║ Site                                           │ From                │ To                  │ Time  ║
╟────────────────────────────────────────────────┼─────────────────────┼─────────────────────┼───────╢
║ Frequently changed domains — turkifsaclub*.sbs │ turkifsaclub208.sbs │ turkifsaclub210.sbs │ 2.00s ║
║ turkifsaclub-12.sbs                            │ turkifsaclub208.sbs │ turkifsaclub210.sbs │ 1.67s ║
║ Frequently changed domains — askimyavas*.com   │ askimyavas195.live  │ askimyavas196.live  │ 1.11s ║
╚════════════════════════════════════════════════╧═════════════════════╧═════════════════════╧═══════╝

2026-10-01 15:07:01.110 ⬇️ ⬇️ ⬇️  ---=== Domains rotating summary ===---  ⬇️ ⬇️ ⬇️
2026-10-01 15:07:01.110   Total sites: 47
2026-10-01 15:07:01.110   ├─ Checked sites: 47
2026-10-01 15:07:01.110   ├─ 🔄 Watchers with active mirror changed: 3
2026-10-01 15:07:01.110   ├─ 📋 Watchers with filter mirror list changed: 0
2026-10-01 15:07:01.110   ├─ 🚩 Pattern→non-pattern: 1
2026-10-01 15:07:01.110   └─ Unchanged watchers: 21
2026-10-01 15:07:01.110  🚨  Failed: 21
2026-10-01 15:07:01.110   ├─ including antibot blocked: 4
2026-10-01 15:07:01.110   └─ Network problems or dead: 17
2026-10-01 15:07:01.110 
2026-10-01 15:07:01.110 Problems:
2026-10-01 15:07:01.110  🚨 Errors (no replacements made):
2026-10-01 15:07:01.110      - zonatmo.to [https://zonatmo.to]: Non-success status: 523 (1.76s)
2026-10-01 15:07:01.110      - Dead site test - deadexample24.com [https://deadexample24.com]: DNS resolution failed (0.07s)
2026-10-01 15:07:01.110      - Test Probe Fail - example.org [https://example.org]: Content probe failed (0.38s)
2026-10-01 15:07:01.110      - Frequently changed domains — belestepe*.sbs — Belestepe [https://belestepe635.sbs]: Non-success status: 523 (3.14s)
2026-10-01 15:07:01.110      - Frequently changed domains — dizipal*.com — Dizipal [https://dizipal2127.com]: Antibot detected: 403 or __cf_chl_tk in URL (0.61s)
2026-10-01 15:07:01.110      - Frequently changed domains — zeusdizi*.com [https://zeusdizi32.com]: Antibot detected: 403 or __cf_chl_tk in URL (26.24s)
2026-10-01 15:07:01.110      - Frequently changed domains — netsportv*.top [https://www.netsportv264.top/]: Antibot detected: 403 or __cf_chl_tk in URL (1.08s)
2026-10-01 15:07:01.110      - Frequently changed domains — zeustv*.com [https://zeustv243.com]: DNS resolution failed (0.26s)
2026-10-01 15:07:01.110      - Frequently changed domains — xsportv*.xyz [https://www.xsportv-21ee22f79d.xyz]: Non-success status: 404 (0.83s)
2026-10-01 15:07:01.110      - Frequently changed domains — seyirspor*.com [https://seyirspor17.com]: DNS resolution failed (0.18s)
2026-10-01 15:07:01.110      - Frequently changed domains — lorabettvhd*.shop [https://lorabettvhd80.shop]: DNS resolution failed (0.28s)
2026-10-01 15:07:01.110      - Frequently changed domains — bosssports*.com [https://bosssports612.com]: Non-success status: 523 (6.04s)
2026-10-01 15:07:01.110      - Frequently changed domains — Kralsports HD [https://kralsportshd7.com]: DNS resolution failed (0.06s)
2026-10-01 15:07:01.110      - Frequently changed domains — rotabettv*.com [https://rotabettv516.com]: Non-success status: 523 (5.88s)
2026-10-01 15:07:01.110      - Frequently changed domains — betivotv*.com [https://betivotv157.com]: Non-success status: 404 (1.13s)
2026-10-01 15:07:01.110      - Frequently changed domains — Saha TV [https://sahatv2.top]: DNS resolution failed (0.29s)
2026-10-01 15:07:01.110      - Frequently changed domains — YavasGir [https://yavasgir136.live]: Antibot detected: 403 or __cf_chl_tk in URL (0.47s)
2026-10-01 15:07:01.110      - piabettv14.live [https://piabettv21.live]: Timeout (10000ms) [code=23]: The operation was aborted due to timeout (21.07s)
2026-10-01 15:07:01.110      - restmacizle23.cfd [https://patronspor.is/]: Skipped by skip_text: "https://patronspor.is/?s={search_term_string}" (1.61s)
2026-10-01 15:07:01.110      - hepbetspor [https://patronspor.is/]: Skipped by skip_text: "https://patronspor.is/?s={search_term_string}" (1.22s)
2026-10-01 15:07:01.110      - woe.sx [https://voe.sx/e/nemg6vqtnrkf]: Non-success status: 404 (1.10s)
2026-10-01 15:07:01.110  🚩  Changed pattern → non-pattern domains:
2026-10-01 15:07:01.110      Frequently changed domains — sporcafe*.xyz — Spor Cafe: Pattern domain redirected to non-pattern (www.sporcafe-0c2608ad69.xyz → www.sporcafe-0c2608ad69.xyz) - filter not updated, waiting for new pattern domain
2026-10-01 15:07:01.110  ⚠️  Warnings:
2026-10-01 15:07:01.110      - Dead site test - deadexample24.com: Failed for 221 days - consider removing from filters
2026-10-01 15:07:01.110      - Test Probe Fail - example.org: Failed for 221 days - consider removing from filters
2026-10-01 15:07:01.110      - Frequently changed domains — dizipal*.com — Dizipal: Failed for 23 days - consider removing from filters
2026-10-01 15:07:01.110      - Frequently changed domains — zeusdizi*.com: Failed for 155 days - consider removing from filters
2026-10-01 15:07:01.110      - Frequently changed domains — netsportv*.top: Failed for 146 days - consider removing from filters
2026-10-01 15:07:01.110      - Frequently changed domains — zeustv*.com: Failed for 180 days - consider removing from filters
2026-10-01 15:07:01.110      - Frequently changed domains — xsportv*.xyz: Failed for 199 days - consider removing from filters
2026-10-01 15:07:01.110      - Frequently changed domains — seyirspor*.com: Failed for 167 days - consider removing from filters
2026-10-01 15:07:01.110      - Frequently changed domains — lorabettvhd*.shop: Failed for 221 days - consider removing from filters
2026-10-01 15:07:01.110      - Frequently changed domains — bosssports*.com: Failed for 99 days - consider removing from filters
2026-10-01 15:07:01.110      - Frequently changed domains — betivotv*.com: Failed for 44 days - consider removing from filters
2026-10-01 15:07:01.110      - Frequently changed domains — Saha TV: Failed for 182 days - consider removing from filters
2026-10-01 15:07:01.110      - Frequently changed domains — YavasGir: Failed for 71 days - consider removing from filters
2026-10-01 15:07:01.110      - piabettv14.live: Failed for 51 days - consider removing from filters
2026-10-01 15:07:01.110      - restmacizle23.cfd: Failed for 197 days - consider removing from filters
2026-10-01 15:07:01.110      - hepbetspor: Failed for 219 days - consider removing from filters
2026-10-01 15:07:01.110      - woe.sx: Failed for 129 days - consider removing from filters
2026-10-01 15:07:01.110 
2026-10-01 15:07:01.110 Total phase time: 68.227s
2026-10-01 15:07:01.110 
2026-10-01 15:07:01.110 Unchanged watchers:
                        ww0.jmanga.cash (jmanga.locker), Test Probe Success - example.de (example.de), Frequently changed domains — sporcafe*.xyz — Spor Cafe (www.sporcafe-0c2608ad69.xyz), Frequently changed domains — gobtv*.com (gobtv27.com), Frequently changed domains — trgooltv*.top (trgooltv73.top), Frequently changed domains — vegatv*.shop (vegatv89.shop), Frequently changed domains — betmatiktv*.com (betmatiktv156.com), Frequently changed domains — acartv*.live (acartv107.live), Frequently changed domains — inattvizle*.top (www.inattvizle500.top), Frequently changed domains — otobettv*.com (otobettv86.com), Frequently changed domains — portobettv*.com (www.portobettv55.com), Frequently changed domains — kodtimetv*.com (kodtimetv33.com), amp-6392fa66a0.selcuksportshdamp-aa805a079c.click (amp-6392fa66a0.selcuksportshdamp-aa805a079c.click), dizigom104.com (www.alliance4creativity.com), sultansportv562.com (golvar566.sbs), taraftarium24.xyz (taraftarium24.xyz), www.selcuksportshd8443661f57.xyz (www.selcuksportshd01390f9702.xyz), www.taraftarium91.top (www.taraftarium210.top), patronspor04548a2wer45awes.cfd (raw.githack.com), torrentsee (torrentsee365.com), gptgirlfriend.com (www.gptgirlfriend.online)

2026-10-01 15:07:01.111 === Domains replacement summary ===
2026-10-01 15:07:01.111 Files scanned: 355
2026-10-01 15:07:01.111 Files modified: 1
2026-10-01 15:07:01.111 Total line edits: 5
2026-10-01 15:07:01.111 Total phase time: 2.178s
2026-10-01 15:07:01.111 ⬆️ ⬆️ ⬆️  ---=== Domains rotating summary ===---  ⬆️ ⬆️ ⬆️


2026-10-01 15:07:01.228 ⌛ Total execution time: 70.602s

⬇️ ⬇️ ⬇️  💡 💡 💡  Direct Commit Mode 💡 💡 💡  ⬇️ ⬇️ ⬇️
Target branch: master
Commit message:
Rotating Domains Checker: Updating domains

🔄  Watchers with active mirror changed:

Frequently changed domains — turkifsaclub*.sbs   turkifsaclub208.sbs  → turkifsaclub210.sbs 
turkifsaclub-12.sbs                              turkifsaclub208.sbs  → turkifsaclub210.sbs 
Frequently changed domains — askimyavas*.com     askimyavas195.live   → askimyavas196.live  

✅ Unchanged watchers:
     ww0.jmanga.cash (jmanga.locker), Test Probe Success - example.de (example.de), Frequently changed domains — sporcafe*.xyz — Spor Cafe (www.sporcafe-0c2608ad69.xyz), Frequently changed domains — gobtv*.com (gobtv27.com), Frequently changed domains — trgooltv*.top (trgooltv73.top), Frequently changed domains — vegatv*.shop (vegatv89.shop), Frequently changed domains — betmatiktv*.com (betmatiktv156.com), Frequently changed domains — acartv*.live (acartv107.live), Frequently changed domains — inattvizle*.top (www.inattvizle500.top), Frequently changed domains — otobettv*.com (otobettv86.com), Frequently changed domains — portobettv*.com (www.portobettv55.com), Frequently changed domains — kodtimetv*.com (kodtimetv33.com), amp-6392fa66a0.selcuksportshdamp-aa805a079c.click (amp-6392fa66a0.selcuksportshdamp-aa805a079c.click), dizigom104.com (www.alliance4creativity.com), sultansportv562.com (golvar566.sbs), taraftarium24.xyz (taraftarium24.xyz), www.selcuksportshd8443661f57.xyz (www.selcuksportshd01390f9702.xyz), www.taraftarium91.top (www.taraftarium210.top), patronspor04548a2wer45awes.cfd (raw.githack.com), torrentsee (torrentsee365.com), gptgirlfriend.com (www.gptgirlfriend.online)

🚨 Errors (no replacements made):
     - zonatmo.to [https://zonatmo.to]: Non-success status: 523 (1.76s)
     - Dead site test - deadexample24.com [https://deadexample24.com]: DNS resolution failed (0.07s)
     - Test Probe Fail - example.org [https://example.org]: Content probe failed (0.38s)
     - Frequently changed domains — belestepe*.sbs — Belestepe [https://belestepe635.sbs]: Non-success status: 523 (3.14s)
     - Frequently changed domains — dizipal*.com — Dizipal [https://dizipal2127.com]: Antibot detected: 403 or __cf_chl_tk in URL (0.61s)
     - Frequently changed domains — zeusdizi*.com [https://zeusdizi32.com]: Antibot detected: 403 or __cf_chl_tk in URL (26.24s)
     - Frequently changed domains — netsportv*.top [https://www.netsportv264.top/]: Antibot detected: 403 or __cf_chl_tk in URL (1.08s)
     - Frequently changed domains — zeustv*.com [https://zeustv243.com]: DNS resolution failed (0.26s)
     - Frequently changed domains — xsportv*.xyz [https://www.xsportv-21ee22f79d.xyz]: Non-success status: 404 (0.83s)
     - Frequently changed domains — seyirspor*.com [https://seyirspor17.com]: DNS resolution failed (0.18s)
     - Frequently changed domains — lorabettvhd*.shop [https://lorabettvhd80.shop]: DNS resolution failed (0.28s)
     - Frequently changed domains — bosssports*.com [https://bosssports612.com]: Non-success status: 523 (6.04s)
     - Frequently changed domains — Kralsports HD [https://kralsportshd7.com]: DNS resolution failed (0.06s)
     - Frequently changed domains — rotabettv*.com [https://rotabettv516.com]: Non-success status: 523 (5.88s)
     - Frequently changed domains — betivotv*.com [https://betivotv157.com]: Non-success status: 404 (1.13s)
     - Frequently changed domains — Saha TV [https://sahatv2.top]: DNS resolution failed (0.29s)
     - Frequently changed domains — YavasGir [https://yavasgir136.live]: Antibot detected: 403 or __cf_chl_tk in URL (0.47s)
     - piabettv14.live [https://piabettv21.live]: Timeout (10000ms) [code=23]: The operation was aborted due to timeout (21.07s)
     - restmacizle23.cfd [https://patronspor.is/]: Skipped by skip_text: "https://patronspor.is/?s={search_term_string}" (1.61s)
     - hepbetspor [https://patronspor.is/]: Skipped by skip_text: "https://patronspor.is/?s={search_term_string}" (1.22s)
     - woe.sx [https://voe.sx/e/nemg6vqtnrkf]: Non-success status: 404 (1.10s)
🚩  Changed pattern → non-pattern domains:
     Frequently changed domains — sporcafe*.xyz — Spor Cafe: Pattern domain redirected to non-pattern (www.sporcafe-0c2608ad69.xyz → www.sporcafe-0c2608ad69.xyz) - filter not updated, waiting for new pattern domain



⚠️  Warnings:
     - Dead site test - deadexample24.com: Failed for 221 days - consider removing from filters
     - Test Probe Fail - example.org: Failed for 221 days - consider removing from filters
     - Frequently changed domains — dizipal*.com — Dizipal: Failed for 23 days - consider removing from filters
     - Frequently changed domains — zeusdizi*.com: Failed for 155 days - consider removing from filters
     - Frequently changed domains — netsportv*.top: Failed for 146 days - consider removing from filters
     - Frequently changed domains — zeustv*.com: Failed for 180 days - consider removing from filters
     - Frequently changed domains — xsportv*.xyz: Failed for 199 days - consider removing from filters
     - Frequently changed domains — seyirspor*.com: Failed for 167 days - consider removing from filters
     - Frequently changed domains — lorabettvhd*.shop: Failed for 221 days - consider removing from filters
     - Frequently changed domains — bosssports*.com: Failed for 99 days - consider removing from filters
     - Frequently changed domains — betivotv*.com: Failed for 44 days - consider removing from filters
     - Frequently changed domains — Saha TV: Failed for 182 days - consider removing from filters
     - Frequently changed domains — YavasGir: Failed for 71 days - consider removing from filters
     - piabettv14.live: Failed for 51 days - consider removing from filters
     - restmacizle23.cfd: Failed for 197 days - consider removing from filters
     - hepbetspor: Failed for 219 days - consider removing from filters
     - woe.sx: Failed for 129 days - consider removing from filters


📋  View detailed log: https://github.com/Alex-302/AdguardFilters/actions/runs/36881567892#artifacts
⬆️ ⬆️ ⬆️  💡 💡 💡  Direct Commit Mode 💡 💡 💡  ⬆️ ⬆️ ⬆️


================================================================================
Run: 2026-10-03 15:25:25.967
================================================================================

2026-10-03 15:24:16.427 Rotating Domains Checker v1.4.2 - WRITE mode
2026-10-03 15:24:16.429 Test filters dir: NO
2026-10-03 15:24:16.429 Target repo path: ./
2026-10-03 15:24:16.429 Sites to check: 47

2026-10-03 15:25:23.735 
                      Redirected domains 
╔═════════════════════════════════════════════╤══════════════════╤══════════════════╤════════╗
║ Site                                        │ From             │ To               │ Time   ║
╟─────────────────────────────────────────────┼──────────────────┼──────────────────┼────────╢
║ Frequently changed domains — betist*tv.live │ betist264tv.live │ betist265tv.live │ 45.18s ║
╚═════════════════════════════════════════════╧══════════════════╧══════════════════╧════════╝

2026-10-03 15:25:25.843 ⬇️ ⬇️ ⬇️  ---=== Domains rotating summary ===---  ⬇️ ⬇️ ⬇️
2026-10-03 15:25:25.843   Total sites: 47
2026-10-03 15:25:25.843   ├─ Checked sites: 47
2026-10-03 15:25:25.843   ├─ 🔄 Watchers with active mirror changed: 1
2026-10-03 15:25:25.843   ├─ 📋 Watchers with filter mirror list changed: 0
2026-10-03 15:25:25.843   ├─ 🚩 Pattern→non-pattern: 1
2026-10-03 15:25:25.843   ├─ Antibot accepted: 1 (not in failed count)
2026-10-03 15:25:25.843   └─ Unchanged watchers: 23
2026-10-03 15:25:25.843  🚨  Failed: 21
2026-10-03 15:25:25.843   ├─ including antibot blocked: 4
2026-10-03 15:25:25.843   └─ Network problems or dead: 17
2026-10-03 15:25:25.843 
2026-10-03 15:25:25.843 Problems:
2026-10-03 15:25:25.843  🚨 Errors (no replacements made):
2026-10-03 15:25:25.843      - zonatmo.to [https://zonatmo.to]: Non-success status: 523 (5.85s)
2026-10-03 15:25:25.843      - Dead site test - deadexample24.com [https://deadexample24.com]: DNS resolution failed (0.04s)
2026-10-03 15:25:25.843      - Test Probe Fail - example.org [https://example.org]: Content probe failed (0.23s)
2026-10-03 15:25:25.843      - Frequently changed domains — belestepe*.sbs — Belestepe [https://belestepe635.sbs]: Non-success status: 523 (3.07s)
2026-10-03 15:25:25.843      - Frequently changed domains — dizipal*.com — Dizipal [https://dizipal2127.com]: Antibot detected: 403 or __cf_chl_tk in URL (0.30s)
2026-10-03 15:25:25.843      - Frequently changed domains — zeusdizi*.com [https://zeusdizi32.com]: Antibot detected: 403 or __cf_chl_tk in URL (24.88s)
2026-10-03 15:25:25.843      - Frequently changed domains — netsportv*.top [https://www.netsportv264.top/]: Antibot detected: 403 or __cf_chl_tk in URL (0.57s)
2026-10-03 15:25:25.843      - Frequently changed domains — zeustv*.com [https://zeustv243.com]: DNS resolution failed (0.18s)
2026-10-03 15:25:25.843      - Frequently changed domains — xsportv*.xyz [https://www.xsportv-21ee22f79d.xyz]: Non-success status: 404 (0.51s)
2026-10-03 15:25:25.843      - Frequently changed domains — seyirspor*.com [https://seyirspor17.com]: DNS resolution failed (0.05s)
2026-10-03 15:25:25.843      - Frequently changed domains — lorabettvhd*.shop [https://lorabettvhd80.shop]: DNS resolution failed (0.31s)
2026-10-03 15:25:25.843      - Frequently changed domains — bosssports*.com [https://bosssports612.com]: Non-success status: 523 (6.08s)
2026-10-03 15:25:25.843      - Frequently changed domains — Kralsports HD [https://kralsportshd7.com]: DNS resolution failed (0.01s)
2026-10-03 15:25:25.843      - Frequently changed domains — rotabettv*.com [https://rotabettv516.com]: Non-success status: 523 (18.64s)
2026-10-03 15:25:25.843      - Frequently changed domains — betivotv*.com [https://betivotv157.com]: Non-success status: 404 (0.43s)
2026-10-03 15:25:25.843      - Frequently changed domains — Saha TV [https://sahatv2.top]: DNS resolution failed (0.03s)
2026-10-03 15:25:25.843      - Frequently changed domains — YavasGir [https://yavasgir136.live]: Antibot detected: 403 or __cf_chl_tk in URL (0.39s)
2026-10-03 15:25:25.843      - piabettv14.live [https://piabettv21.live]: Timeout (10000ms) [code=23]: The operation was aborted due to timeout (21.01s)
2026-10-03 15:25:25.843      - restmacizle23.cfd [https://patronspor.is/]: Skipped by skip_text: "https://patronspor.is/?s={search_term_string}" (0.94s)
2026-10-03 15:25:25.843      - hepbetspor [https://patronspor.is/]: Skipped by skip_text: "https://patronspor.is/?s={search_term_string}" (0.70s)
2026-10-03 15:25:25.843      - woe.sx [https://voe.sx/e/nemg6vqtnrkf]: Non-success status: 404 (0.71s)
2026-10-03 15:25:25.843  🚩  Changed pattern → non-pattern domains:
2026-10-03 15:25:25.843      Frequently changed domains — sporcafe*.xyz — Spor Cafe: Pattern domain redirected to non-pattern (www.sporcafe-0c2608ad69.xyz → www.sporcafe-0c2608ad69.xyz) - filter not updated, waiting for new pattern domain
2026-10-03 15:25:25.843  ⚠️  Warnings:
2026-10-03 15:25:25.843      - Dead site test - deadexample24.com: Failed for 223 days - consider removing from filters
2026-10-03 15:25:25.843      - Test Probe Fail - example.org: Failed for 223 days - consider removing from filters
2026-10-03 15:25:25.843      - Frequently changed domains — dizipal*.com — Dizipal: Failed for 25 days - consider removing from filters
2026-10-03 15:25:25.843      - Frequently changed domains — zeusdizi*.com: Failed for 157 days - consider removing from filters
2026-10-03 15:25:25.843      - Frequently changed domains — netsportv*.top: Failed for 148 days - consider removing from filters
2026-10-03 15:25:25.843      - Frequently changed domains — zeustv*.com: Failed for 182 days - consider removing from filters
2026-10-03 15:25:25.843      - Frequently changed domains — xsportv*.xyz: Failed for 201 days - consider removing from filters
2026-10-03 15:25:25.843      - Frequently changed domains — seyirspor*.com: Failed for 169 days - consider removing from filters
2026-10-03 15:25:25.843      - Frequently changed domains — lorabettvhd*.shop: Failed for 223 days - consider removing from filters
2026-10-03 15:25:25.843      - Frequently changed domains — bosssports*.com: Failed for 101 days - consider removing from filters
2026-10-03 15:25:25.843      - Frequently changed domains — betist*tv.live: Domain redirected (betist264tv.live → betist265tv.live) but protected by antibot - old domain may remain in filter rules
2026-10-03 15:25:25.843      - Frequently changed domains — betivotv*.com: Failed for 46 days - consider removing from filters
2026-10-03 15:25:25.843      - Frequently changed domains — Saha TV: Failed for 184 days - consider removing from filters
2026-10-03 15:25:25.843      - Frequently changed domains — YavasGir: Failed for 73 days - consider removing from filters
2026-10-03 15:25:25.843      - piabettv14.live: Failed for 53 days - consider removing from filters
2026-10-03 15:25:25.843      - restmacizle23.cfd: Failed for 199 days - consider removing from filters
2026-10-03 15:25:25.844      - hepbetspor: Failed for 221 days - consider removing from filters
2026-10-03 15:25:25.844      - woe.sx: Failed for 131 days - consider removing from filters
2026-10-03 15:25:25.844 
2026-10-03 15:25:25.844 Total phase time: 67.297s
2026-10-03 15:25:25.844 
2026-10-03 15:25:25.844 Unchanged watchers:
                        ww0.jmanga.cash (jmanga.locker), Test Probe Success - example.de (example.de), Frequently changed domains — sporcafe*.xyz — Spor Cafe (www.sporcafe-0c2608ad69.xyz), Frequently changed domains — turkifsaclub*.sbs (turkifsaclub210.sbs), turkifsaclub-12.sbs (turkifsaclub210.sbs), Frequently changed domains — gobtv*.com (gobtv27.com), Frequently changed domains — trgooltv*.top (trgooltv73.top), Frequently changed domains — vegatv*.shop (vegatv89.shop), Frequently changed domains — betmatiktv*.com (betmatiktv156.com), Frequently changed domains — acartv*.live (acartv107.live), Frequently changed domains — inattvizle*.top (www.inattvizle500.top), Frequently changed domains — otobettv*.com (otobettv86.com), Frequently changed domains — portobettv*.com (www.portobettv55.com), Frequently changed domains — kodtimetv*.com (kodtimetv33.com), amp-6392fa66a0.selcuksportshdamp-aa805a079c.click (amp-6392fa66a0.selcuksportshdamp-aa805a079c.click), dizigom104.com (www.alliance4creativity.com), sultansportv562.com (golvar566.sbs), taraftarium24.xyz (taraftarium24.xyz), www.selcuksportshd8443661f57.xyz (www.selcuksportshd01390f9702.xyz), www.taraftarium91.top (www.taraftarium210.top), patronspor04548a2wer45awes.cfd (raw.githack.com), torrentsee (torrentsee365.com), gptgirlfriend.com (www.gptgirlfriend.online), Frequently changed domains — askimyavas*.com (askimyavas196.live)

2026-10-03 15:25:25.844 === Domains replacement summary ===
2026-10-03 15:25:25.844 Files scanned: 355
2026-10-03 15:25:25.844 Files modified: 1
2026-10-03 15:25:25.844 Total line edits: 1
2026-10-03 15:25:25.844 Total phase time: 2.113s
2026-10-03 15:25:25.844 ⬆️ ⬆️ ⬆️  ---=== Domains rotating summary ===---  ⬆️ ⬆️ ⬆️


2026-10-03 15:25:25.964 ⌛ Total execution time: 69.569s

⬇️ ⬇️ ⬇️  💡 💡 💡  Direct Commit Mode 💡 💡 💡  ⬇️ ⬇️ ⬇️
Target branch: master
Commit message:
Rotating Domains Checker: Updating domains

🔄  Watchers with active mirror changed:

Frequently changed domains — betist*tv.live   betist264tv.live     → betist265tv.live    

✅ Unchanged watchers:
     ww0.jmanga.cash (jmanga.locker), Test Probe Success - example.de (example.de), Frequently changed domains — sporcafe*.xyz — Spor Cafe (www.sporcafe-0c2608ad69.xyz), Frequently changed domains — turkifsaclub*.sbs (turkifsaclub210.sbs), turkifsaclub-12.sbs (turkifsaclub210.sbs), Frequently changed domains — gobtv*.com (gobtv27.com), Frequently changed domains — trgooltv*.top (trgooltv73.top), Frequently changed domains — vegatv*.shop (vegatv89.shop), Frequently changed domains — betmatiktv*.com (betmatiktv156.com), Frequently changed domains — acartv*.live (acartv107.live), Frequently changed domains — inattvizle*.top (www.inattvizle500.top), Frequently changed domains — otobettv*.com (otobettv86.com), Frequently changed domains — portobettv*.com (www.portobettv55.com), Frequently changed domains — kodtimetv*.com (kodtimetv33.com), amp-6392fa66a0.selcuksportshdamp-aa805a079c.click (amp-6392fa66a0.selcuksportshdamp-aa805a079c.click), dizigom104.com (www.alliance4creativity.com), sultansportv562.com (golvar566.sbs), taraftarium24.xyz (taraftarium24.xyz), www.selcuksportshd8443661f57.xyz (www.selcuksportshd01390f9702.xyz), www.taraftarium91.top (www.taraftarium210.top), patronspor04548a2wer45awes.cfd (raw.githack.com), torrentsee (torrentsee365.com), gptgirlfriend.com (www.gptgirlfriend.online), Frequently changed domains — askimyavas*.com (askimyavas196.live)

🚨 Errors (no replacements made):
     - zonatmo.to [https://zonatmo.to]: Non-success status: 523 (5.85s)
     - Dead site test - deadexample24.com [https://deadexample24.com]: DNS resolution failed (0.04s)
     - Test Probe Fail - example.org [https://example.org]: Content probe failed (0.23s)
     - Frequently changed domains — belestepe*.sbs — Belestepe [https://belestepe635.sbs]: Non-success status: 523 (3.07s)
     - Frequently changed domains — dizipal*.com — Dizipal [https://dizipal2127.com]: Antibot detected: 403 or __cf_chl_tk in URL (0.30s)
     - Frequently changed domains — zeusdizi*.com [https://zeusdizi32.com]: Antibot detected: 403 or __cf_chl_tk in URL (24.88s)
     - Frequently changed domains — netsportv*.top [https://www.netsportv264.top/]: Antibot detected: 403 or __cf_chl_tk in URL (0.57s)
     - Frequently changed domains — zeustv*.com [https://zeustv243.com]: DNS resolution failed (0.18s)
     - Frequently changed domains — xsportv*.xyz [https://www.xsportv-21ee22f79d.xyz]: Non-success status: 404 (0.51s)
     - Frequently changed domains — seyirspor*.com [https://seyirspor17.com]: DNS resolution failed (0.05s)
     - Frequently changed domains — lorabettvhd*.shop [https://lorabettvhd80.shop]: DNS resolution failed (0.31s)
     - Frequently changed domains — bosssports*.com [https://bosssports612.com]: Non-success status: 523 (6.08s)
     - Frequently changed domains — Kralsports HD [https://kralsportshd7.com]: DNS resolution failed (0.01s)
     - Frequently changed domains — rotabettv*.com [https://rotabettv516.com]: Non-success status: 523 (18.64s)
     - Frequently changed domains — betivotv*.com [https://betivotv157.com]: Non-success status: 404 (0.43s)
     - Frequently changed domains — Saha TV [https://sahatv2.top]: DNS resolution failed (0.03s)
     - Frequently changed domains — YavasGir [https://yavasgir136.live]: Antibot detected: 403 or __cf_chl_tk in URL (0.39s)
     - piabettv14.live [https://piabettv21.live]: Timeout (10000ms) [code=23]: The operation was aborted due to timeout (21.01s)
     - restmacizle23.cfd [https://patronspor.is/]: Skipped by skip_text: "https://patronspor.is/?s={search_term_string}" (0.94s)
     - hepbetspor [https://patronspor.is/]: Skipped by skip_text: "https://patronspor.is/?s={search_term_string}" (0.70s)
     - woe.sx [https://voe.sx/e/nemg6vqtnrkf]: Non-success status: 404 (0.71s)
🚩  Changed pattern → non-pattern domains:
     Frequently changed domains — sporcafe*.xyz — Spor Cafe: Pattern domain redirected to non-pattern (www.sporcafe-0c2608ad69.xyz → www.sporcafe-0c2608ad69.xyz) - filter not updated, waiting for new pattern domain



⚠️  Warnings:
     - Dead site test - deadexample24.com: Failed for 223 days - consider removing from filters
     - Test Probe Fail - example.org: Failed for 223 days - consider removing from filters
     - Frequently changed domains — dizipal*.com — Dizipal: Failed for 25 days - consider removing from filters
     - Frequently changed domains — zeusdizi*.com: Failed for 157 days - consider removing from filters
     - Frequently changed domains — netsportv*.top: Failed for 148 days - consider removing from filters
     - Frequently changed domains — zeustv*.com: Failed for 182 days - consider removing from filters
     - Frequently changed domains — xsportv*.xyz: Failed for 201 days - consider removing from filters
     - Frequently changed domains — seyirspor*.com: Failed for 169 days - consider removing from filters
     - Frequently changed domains — lorabettvhd*.shop: Failed for 223 days - consider removing from filters
     - Frequently changed domains — bosssports*.com: Failed for 101 days - consider removing from filters
     - Frequently changed domains — betist*tv.live: Domain redirected (betist264tv.live → betist265tv.live) but protected by antibot - old domain may remain in filter rules
     - Frequently changed domains — betivotv*.com: Failed for 46 days - consider removing from filters
     - Frequently changed domains — Saha TV: Failed for 184 days - consider removing from filters
     - Frequently changed domains — YavasGir: Failed for 73 days - consider removing from filters
     - piabettv14.live: Failed for 53 days - consider removing from filters
     - restmacizle23.cfd: Failed for 199 days - consider removing from filters
     - hepbetspor: Failed for 221 days - consider removing from filters
     - woe.sx: Failed for 131 days - consider removing from filters

⚠️  Antibot accepted (ignored by config):
     - Frequently changed domains — betist*tv.live [https://betist265tv.live]: Antibot detected, but accepted by config (45.18s)


📋  View detailed log: https://github.com/Alex-302/AdguardFilters/actions/runs/37133111828#artifacts
⬆️ ⬆️ ⬆️  💡 💡 💡  Direct Commit Mode 💡 💡 💡  ⬆️ ⬆️ ⬆️


================================================================================
Run: 2026-10-04 19:12:45.040
================================================================================

2026-10-04 19:11:36.196 Rotating Domains Checker v1.5.1 - WRITE mode
2026-10-04 19:11:36.197 Test filters dir: NO
2026-10-04 19:11:36.197 Target repo path: ./
2026-10-04 19:11:36.197 Sites to check: 47

2026-10-04 19:12:43.693 
                      Redirected domains 
╔═════════════════╤═══════════════╤══════════════╤═══════╗
║ Site            │ From          │ To           │ Time  ║
╟─────────────────┼───────────────┼──────────────┼───────╢
║ ww0.jmanga.cash │ jmanga.locker │ jmanga.media │ 1.22s ║
╚═════════════════╧═══════════════╧══════════════╧═══════╝

2026-10-04 19:12:44.923 ⬇️ ⬇️ ⬇️  ---=== Domains rotating summary ===---  ⬇️ ⬇️ ⬇️
2026-10-04 19:12:44.923   Total sites: 47
2026-10-04 19:12:44.923   ├─ Checked sites: 47
2026-10-04 19:12:44.923   ├─ 🔄 Watchers with active mirror changed: 1
2026-10-04 19:12:44.923   ├─ 📋 Watchers with filter mirror list changed: 0
2026-10-04 19:12:44.923   ├─ 🚩 Pattern→non-pattern: 1
2026-10-04 19:12:44.923   └─ Unchanged watchers: 23
2026-10-04 19:12:44.923  🚨  Failed: 21
2026-10-04 19:12:44.923   ├─ including antibot blocked: 4
2026-10-04 19:12:44.923   └─ Network problems or dead: 17
2026-10-04 19:12:44.923 
2026-10-04 19:12:44.923 Problems:
2026-10-04 19:12:44.923  🚨 Errors (no replacements made):
2026-10-04 19:12:44.923      - zonatmo.to [https://zonatmo.to]: Non-success status: 404 (0.45s)
2026-10-04 19:12:44.923      - Dead site test - deadexample24.com [https://deadexample24.com]: DNS resolution failed (0.05s)
2026-10-04 19:12:44.923      - Test Probe Fail - example.org [https://example.org]: Content probe failed (0.14s)
2026-10-04 19:12:44.923      - Frequently changed domains — belestepe*.sbs — Belestepe [https://belestepe635.sbs]: Non-success status: 523 (4.67s)
2026-10-04 19:12:44.923      - Frequently changed domains — dizipal*.com — Dizipal [https://dizipal2127.com]: Antibot detected: 403 or __cf_chl_tk in URL (0.32s)
2026-10-04 19:12:44.923      - Frequently changed domains — zeusdizi*.com [https://zeusdizi32.com]: Antibot detected: 403 or __cf_chl_tk in URL (25.94s)
2026-10-04 19:12:44.923      - Frequently changed domains — netsportv*.top [https://www.netsportv264.top/]: Antibot detected: 403 or __cf_chl_tk in URL (1.22s)
2026-10-04 19:12:44.923      - Frequently changed domains — zeustv*.com [https://zeustv243.com]: DNS resolution failed (0.25s)
2026-10-04 19:12:44.923      - Frequently changed domains — xsportv*.xyz [https://www.xsportv-21ee22f79d.xyz]: Non-success status: 404 (0.92s)
2026-10-04 19:12:44.923      - Frequently changed domains — seyirspor*.com [https://seyirspor17.com]: DNS resolution failed (0.13s)
2026-10-04 19:12:44.923      - Frequently changed domains — lorabettvhd*.shop [https://lorabettvhd80.shop]: DNS resolution failed (0.05s)
2026-10-04 19:12:44.923      - Frequently changed domains — bosssports*.com [https://bosssports612.com]: Non-success status: 523 (4.63s)
2026-10-04 19:12:44.923      - Frequently changed domains — Kralsports HD [https://kralsportshd7.com]: DNS resolution failed (0.05s)
2026-10-04 19:12:44.923      - Frequently changed domains — rotabettv*.com [https://rotabettv516.com]: Non-success status: 523 (13.76s)
2026-10-04 19:12:44.923      - Frequently changed domains — betivotv*.com [https://betivotv157.com]: Non-success status: 404 (1.31s)
2026-10-04 19:12:44.923      - Frequently changed domains — Saha TV [https://sahatv2.top]: DNS resolution failed (0.07s)
2026-10-04 19:12:44.923      - Frequently changed domains — YavasGir [https://yavasgir136.live]: Antibot detected: 403 or __cf_chl_tk in URL (0.78s)
2026-10-04 19:12:44.923      - piabettv14.live [https://piabettv21.live]: Timeout (10000ms) [code=23]: The operation was aborted due to timeout (21.08s)
2026-10-04 19:12:44.923      - restmacizle23.cfd [https://patronspor.is/]: Skipped by skip_text: "https://patronspor.is/?s={search_term_string}" (3.23s)
2026-10-04 19:12:44.923      - hepbetspor [https://patronspor.is/]: Skipped by skip_text: "https://patronspor.is/?s={search_term_string}" (1.32s)
2026-10-04 19:12:44.923      - woe.sx [https://voe.sx/e/nemg6vqtnrkf]: Non-success status: 404 (1.27s)
2026-10-04 19:12:44.923  🚩  Changed pattern → non-pattern domains:
2026-10-04 19:12:44.923      Frequently changed domains — sporcafe*.xyz — Spor Cafe: Pattern domain redirected to non-pattern (www.sporcafe-0c2608ad69.xyz → www.sporcafe-0c2608ad69.xyz) - filter not updated, waiting for new pattern domain
2026-10-04 19:12:44.923  ⚠️  Warnings:
2026-10-04 19:12:44.923      - Dead site test - deadexample24.com: Failed for 225 days - consider removing from filters
2026-10-04 19:12:44.923      - Test Probe Fail - example.org: Failed for 225 days - consider removing from filters
2026-10-04 19:12:44.923      - Frequently changed domains — dizipal*.com — Dizipal: Failed for 26 days - consider removing from filters
2026-10-04 19:12:44.923      - Frequently changed domains — zeusdizi*.com: Failed for 159 days - consider removing from filters
2026-10-04 19:12:44.923      - Frequently changed domains — netsportv*.top: Failed for 149 days - consider removing from filters
2026-10-04 19:12:44.923      - Frequently changed domains — zeustv*.com: Failed for 184 days - consider removing from filters
2026-10-04 19:12:44.923      - Frequently changed domains — xsportv*.xyz: Failed for 202 days - consider removing from filters
2026-10-04 19:12:44.923      - Frequently changed domains — seyirspor*.com: Failed for 171 days - consider removing from filters
2026-10-04 19:12:44.923      - Frequently changed domains — lorabettvhd*.shop: Failed for 225 days - consider removing from filters
2026-10-04 19:12:44.923      - Frequently changed domains — bosssports*.com: Failed for 102 days - consider removing from filters
2026-10-04 19:12:44.923      - Frequently changed domains — betivotv*.com: Failed for 47 days - consider removing from filters
2026-10-04 19:12:44.923      - Frequently changed domains — Saha TV: Failed for 185 days - consider removing from filters
2026-10-04 19:12:44.923      - Frequently changed domains — YavasGir: Failed for 74 days - consider removing from filters
2026-10-04 19:12:44.923      - piabettv14.live: Failed for 54 days - consider removing from filters
2026-10-04 19:12:44.923      - restmacizle23.cfd: Failed for 200 days - consider removing from filters
2026-10-04 19:12:44.923      - hepbetspor: Failed for 222 days - consider removing from filters
2026-10-04 19:12:44.923      - woe.sx: Failed for 133 days - consider removing from filters
2026-10-04 19:12:44.923 
2026-10-04 19:12:44.923 Total phase time: 67.491s
2026-10-04 19:12:44.923 
2026-10-04 19:12:44.923 Unchanged watchers:
                        Test Probe Success - example.de (example.de), Frequently changed domains — sporcafe*.xyz — Spor Cafe (www.sporcafe-0c2608ad69.xyz), Frequently changed domains — turkifsaclub*.sbs (turkifsaclub210.sbs), turkifsaclub-12.sbs (turkifsaclub210.sbs), Frequently changed domains — gobtv*.com (gobtv27.com), Frequently changed domains — trgooltv*.top (trgooltv73.top), Frequently changed domains — vegatv*.shop (vegatv89.shop), Frequently changed domains — betmatiktv*.com (betmatiktv156.com), Frequently changed domains — acartv*.live (acartv107.live), Frequently changed domains — inattvizle*.top (www.inattvizle500.top), Frequently changed domains — otobettv*.com (otobettv86.com), Frequently changed domains — portobettv*.com (www.portobettv55.com), Frequently changed domains — kodtimetv*.com (kodtimetv33.com), amp-6392fa66a0.selcuksportshdamp-aa805a079c.click (amp-6392fa66a0.selcuksportshdamp-aa805a079c.click), dizigom104.com (www.alliance4creativity.com), sultansportv562.com (golvar566.sbs), taraftarium24.xyz (taraftarium24.xyz), www.selcuksportshd8443661f57.xyz (www.selcuksportshd01390f9702.xyz), www.taraftarium91.top (www.taraftarium210.top), patronspor04548a2wer45awes.cfd (raw.githack.com), torrentsee (torrentsee365.com), gptgirlfriend.com (www.gptgirlfriend.online), Frequently changed domains — askimyavas*.com (askimyavas196.live)

2026-10-04 19:12:44.923 === Domains replacement summary ===
2026-10-04 19:12:44.923 Files scanned: 355
2026-10-04 19:12:44.923 Files modified: 0
2026-10-04 19:12:44.923 Total line edits: 0
2026-10-04 19:12:44.923 Total phase time: 1.233s
2026-10-04 19:12:44.923 ⬆️ ⬆️ ⬆️  ---=== Domains rotating summary ===---  ⬆️ ⬆️ ⬆️


2026-10-04 19:12:45.038 ⌛ Total execution time: 68.900s

⬇️ ⬇️ ⬇️  💡 💡 💡  Direct Commit Mode 💡 💡 💡  ⬇️ ⬇️ ⬇️
Target branch: master
Commit message:
Rotating Domains Checker: Updating domains

🔄  Watchers with active mirror changed:

ww0.jmanga.cash                  jmanga.locker        → jmanga.media        

✅ Unchanged watchers:
     Test Probe Success - example.de (example.de), Frequently changed domains — sporcafe*.xyz — Spor Cafe (www.sporcafe-0c2608ad69.xyz), Frequently changed domains — turkifsaclub*.sbs (turkifsaclub210.sbs), turkifsaclub-12.sbs (turkifsaclub210.sbs), Frequently changed domains — gobtv*.com (gobtv27.com), Frequently changed domains — trgooltv*.top (trgooltv73.top), Frequently changed domains — vegatv*.shop (vegatv89.shop), Frequently changed domains — betmatiktv*.com (betmatiktv156.com), Frequently changed domains — acartv*.live (acartv107.live), Frequently changed domains — inattvizle*.top (www.inattvizle500.top), Frequently changed domains — otobettv*.com (otobettv86.com), Frequently changed domains — portobettv*.com (www.portobettv55.com), Frequently changed domains — kodtimetv*.com (kodtimetv33.com), amp-6392fa66a0.selcuksportshdamp-aa805a079c.click (amp-6392fa66a0.selcuksportshdamp-aa805a079c.click), dizigom104.com (www.alliance4creativity.com), sultansportv562.com (golvar566.sbs), taraftarium24.xyz (taraftarium24.xyz), www.selcuksportshd8443661f57.xyz (www.selcuksportshd01390f9702.xyz), www.taraftarium91.top (www.taraftarium210.top), patronspor04548a2wer45awes.cfd (raw.githack.com), torrentsee (torrentsee365.com), gptgirlfriend.com (www.gptgirlfriend.online), Frequently changed domains — askimyavas*.com (askimyavas196.live)

🚨 Errors (no replacements made):
     - zonatmo.to [https://zonatmo.to]: Non-success status: 404 (0.45s)
     - Dead site test - deadexample24.com [https://deadexample24.com]: DNS resolution failed (0.05s)
     - Test Probe Fail - example.org [https://example.org]: Content probe failed (0.14s)
     - Frequently changed domains — belestepe*.sbs — Belestepe [https://belestepe635.sbs]: Non-success status: 523 (4.67s)
     - Frequently changed domains — dizipal*.com — Dizipal [https://dizipal2127.com]: Antibot detected: 403 or __cf_chl_tk in URL (0.32s)
     - Frequently changed domains — zeusdizi*.com [https://zeusdizi32.com]: Antibot detected: 403 or __cf_chl_tk in URL (25.94s)
     - Frequently changed domains — netsportv*.top [https://www.netsportv264.top/]: Antibot detected: 403 or __cf_chl_tk in URL (1.22s)
     - Frequently changed domains — zeustv*.com [https://zeustv243.com]: DNS resolution failed (0.25s)
     - Frequently changed domains — xsportv*.xyz [https://www.xsportv-21ee22f79d.xyz]: Non-success status: 404 (0.92s)
     - Frequently changed domains — seyirspor*.com [https://seyirspor17.com]: DNS resolution failed (0.13s)
     - Frequently changed domains — lorabettvhd*.shop [https://lorabettvhd80.shop]: DNS resolution failed (0.05s)
     - Frequently changed domains — bosssports*.com [https://bosssports612.com]: Non-success status: 523 (4.63s)
     - Frequently changed domains — Kralsports HD [https://kralsportshd7.com]: DNS resolution failed (0.05s)
     - Frequently changed domains — rotabettv*.com [https://rotabettv516.com]: Non-success status: 523 (13.76s)
     - Frequently changed domains — betivotv*.com [https://betivotv157.com]: Non-success status: 404 (1.31s)
     - Frequently changed domains — Saha TV [https://sahatv2.top]: DNS resolution failed (0.07s)
     - Frequently changed domains — YavasGir [https://yavasgir136.live]: Antibot detected: 403 or __cf_chl_tk in URL (0.78s)
     - piabettv14.live [https://piabettv21.live]: Timeout (10000ms) [code=23]: The operation was aborted due to timeout (21.08s)
     - restmacizle23.cfd [https://patronspor.is/]: Skipped by skip_text: "https://patronspor.is/?s={search_term_string}" (3.23s)
     - hepbetspor [https://patronspor.is/]: Skipped by skip_text: "https://patronspor.is/?s={search_term_string}" (1.32s)
     - woe.sx [https://voe.sx/e/nemg6vqtnrkf]: Non-success status: 404 (1.27s)
🚩  Changed pattern → non-pattern domains:
     Frequently changed domains — sporcafe*.xyz — Spor Cafe: Pattern domain redirected to non-pattern (www.sporcafe-0c2608ad69.xyz → www.sporcafe-0c2608ad69.xyz) - filter not updated, waiting for new pattern domain



⚠️  Warnings:
     - Dead site test - deadexample24.com: Failed for 225 days - consider removing from filters
     - Test Probe Fail - example.org: Failed for 225 days - consider removing from filters
     - Frequently changed domains — dizipal*.com — Dizipal: Failed for 26 days - consider removing from filters
     - Frequently changed domains — zeusdizi*.com: Failed for 159 days - consider removing from filters
     - Frequently changed domains — netsportv*.top: Failed for 149 days - consider removing from filters
     - Frequently changed domains — zeustv*.com: Failed for 184 days - consider removing from filters
     - Frequently changed domains — xsportv*.xyz: Failed for 202 days - consider removing from filters
     - Frequently changed domains — seyirspor*.com: Failed for 171 days - consider removing from filters
     - Frequently changed domains — lorabettvhd*.shop: Failed for 225 days - consider removing from filters
     - Frequently changed domains — bosssports*.com: Failed for 102 days - consider removing from filters
     - Frequently changed domains — betivotv*.com: Failed for 47 days - consider removing from filters
     - Frequently changed domains — Saha TV: Failed for 185 days - consider removing from filters
     - Frequently changed domains — YavasGir: Failed for 74 days - consider removing from filters
     - piabettv14.live: Failed for 54 days - consider removing from filters
     - restmacizle23.cfd: Failed for 200 days - consider removing from filters
     - hepbetspor: Failed for 222 days - consider removing from filters
     - woe.sx: Failed for 133 days - consider removing from filters


📋  View detailed log: https://github.com/Alex-302/AdguardFilters/actions/runs/37227314261#artifacts
⬆️ ⬆️ ⬆️  💡 💡 💡  Direct Commit Mode 💡 💡 💡  ⬆️ ⬆️ ⬆️


================================================================================
Run: 2026-10-04 22:45:42.249
================================================================================

2026-10-04 22:44:33.448 Rotating Domains Checker v1.5.1 - WRITE mode
2026-10-04 22:44:33.449 Test filters dir: NO
2026-10-04 22:44:33.449 Target repo path: ./
2026-10-04 22:44:33.449 Sites to check: 47

2026-10-04 22:45:42.137 ⬇️ ⬇️ ⬇️  ---=== Domains rotating summary ===---  ⬇️ ⬇️ ⬇️
2026-10-04 22:45:42.137   Total sites: 47
2026-10-04 22:45:42.137   ├─ Checked sites: 47
2026-10-04 22:45:42.137   ├─ 🔄 Watchers with active mirror changed: 0
2026-10-04 22:45:42.137   ├─ 📋 Watchers with filter mirror list changed: 0
2026-10-04 22:45:42.137   ├─ 🚩 Pattern→non-pattern: 1
2026-10-04 22:45:42.137   └─ Unchanged watchers: 25
2026-10-04 22:45:42.137  🚨  Failed: 20
2026-10-04 22:45:42.137   ├─ including antibot blocked: 4
2026-10-04 22:45:42.137   └─ Network problems or dead: 16
2026-10-04 22:45:42.137 
2026-10-04 22:45:42.137 Problems:
2026-10-04 22:45:42.137  🚨 Errors (no replacements made):
2026-10-04 22:45:42.137      - Dead site test - deadexample24.com [https://deadexample24.com]: DNS resolution failed (0.05s)
2026-10-04 22:45:42.137      - Test Probe Fail - example.org [https://example.org]: Content probe failed (0.31s)
2026-10-04 22:45:42.137      - Frequently changed domains — belestepe*.sbs — Belestepe [https://belestepe635.sbs]: Non-success status: 523 (5.90s)
2026-10-04 22:45:42.137      - Frequently changed domains — dizipal*.com — Dizipal [https://dizipal2127.com]: Antibot detected: 403 or __cf_chl_tk in URL (0.52s)
2026-10-04 22:45:42.137      - Frequently changed domains — zeusdizi*.com [https://zeusdizi32.com]: Antibot detected: 403 or __cf_chl_tk in URL (26.07s)
2026-10-04 22:45:42.137      - Frequently changed domains — netsportv*.top [https://www.netsportv264.top/]: Antibot detected: 403 or __cf_chl_tk in URL (1.36s)
2026-10-04 22:45:42.137      - Frequently changed domains — zeustv*.com [https://zeustv243.com]: DNS resolution failed (0.25s)
2026-10-04 22:45:42.137      - Frequently changed domains — xsportv*.xyz [https://www.xsportv-21ee22f79d.xyz]: Non-success status: 404 (0.85s)
2026-10-04 22:45:42.137      - Frequently changed domains — seyirspor*.com [https://seyirspor17.com]: DNS resolution failed (0.13s)
2026-10-04 22:45:42.137      - Frequently changed domains — lorabettvhd*.shop [https://lorabettvhd80.shop]: DNS resolution failed (0.05s)
2026-10-04 22:45:42.137      - Frequently changed domains — bosssports*.com [https://bosssports612.com]: Non-success status: 523 (12.03s)
2026-10-04 22:45:42.137      - Frequently changed domains — Kralsports HD [https://kralsportshd7.com]: DNS resolution failed (0.04s)
2026-10-04 22:45:42.137      - Frequently changed domains — rotabettv*.com [https://rotabettv516.com]: Non-success status: 523 (11.82s)
2026-10-04 22:45:42.137      - Frequently changed domains — betivotv*.com [https://betivotv157.com]: Non-success status: 404 (1.19s)
2026-10-04 22:45:42.137      - Frequently changed domains — Saha TV [https://sahatv2.top]: DNS resolution failed (0.10s)
2026-10-04 22:45:42.137      - Frequently changed domains — YavasGir [https://yavasgir136.live]: Antibot detected: 403 or __cf_chl_tk in URL (0.71s)
2026-10-04 22:45:42.137      - piabettv14.live [https://piabettv21.live]: Timeout (10000ms) [code=23]: The operation was aborted due to timeout (21.07s)
2026-10-04 22:45:42.137      - restmacizle23.cfd [https://patronspor.is/]: Skipped by skip_text: "https://patronspor.is/?s={search_term_string}" (1.50s)
2026-10-04 22:45:42.137      - hepbetspor [https://patronspor.is/]: Skipped by skip_text: "https://patronspor.is/?s={search_term_string}" (1.24s)
2026-10-04 22:45:42.137      - woe.sx [https://voe.sx/e/nemg6vqtnrkf]: Non-success status: 404 (1.04s)
2026-10-04 22:45:42.137  🚩  Changed pattern → non-pattern domains:
2026-10-04 22:45:42.137      Frequently changed domains — sporcafe*.xyz — Spor Cafe: Pattern domain redirected to non-pattern (www.sporcafe-0c2608ad69.xyz → www.sporcafe-0c2608ad69.xyz) - filter not updated, waiting for new pattern domain
2026-10-04 22:45:42.137  ⚠️  Warnings:
2026-10-04 22:45:42.137      - Dead site test - deadexample24.com: Failed for 225 days - consider removing from filters
2026-10-04 22:45:42.137      - Test Probe Fail - example.org: Failed for 225 days - consider removing from filters
2026-10-04 22:45:42.137      - Frequently changed domains — dizipal*.com — Dizipal: Failed for 26 days - consider removing from filters
2026-10-04 22:45:42.137      - Frequently changed domains — zeusdizi*.com: Failed for 159 days - consider removing from filters
2026-10-04 22:45:42.137      - Frequently changed domains — netsportv*.top: Failed for 150 days - consider removing from filters
2026-10-04 22:45:42.137      - Frequently changed domains — zeustv*.com: Failed for 184 days - consider removing from filters
2026-10-04 22:45:42.137      - Frequently changed domains — xsportv*.xyz: Failed for 202 days - consider removing from filters
2026-10-04 22:45:42.137      - Frequently changed domains — seyirspor*.com: Failed for 171 days - consider removing from filters
2026-10-04 22:45:42.137      - Frequently changed domains — lorabettvhd*.shop: Failed for 225 days - consider removing from filters
2026-10-04 22:45:42.137      - Frequently changed domains — bosssports*.com: Failed for 102 days - consider removing from filters
2026-10-04 22:45:42.137      - Frequently changed domains — betivotv*.com: Failed for 47 days - consider removing from filters
2026-10-04 22:45:42.137      - Frequently changed domains — Saha TV: Failed for 186 days - consider removing from filters
2026-10-04 22:45:42.137      - Frequently changed domains — YavasGir: Failed for 74 days - consider removing from filters
2026-10-04 22:45:42.137      - piabettv14.live: Failed for 54 days - consider removing from filters
2026-10-04 22:45:42.137      - restmacizle23.cfd: Failed for 200 days - consider removing from filters
2026-10-04 22:45:42.137      - hepbetspor: Failed for 222 days - consider removing from filters
2026-10-04 22:45:42.137      - woe.sx: Failed for 133 days - consider removing from filters
2026-10-04 22:45:42.137 
2026-10-04 22:45:42.137 Total phase time: 67.590s
2026-10-04 22:45:42.137 
2026-10-04 22:45:42.137 Unchanged watchers:
                        ww0.jmanga.cash (jmanga.media), zonatmo.to (zonatmo.to), Test Probe Success - example.de (example.de), Frequently changed domains — sporcafe*.xyz — Spor Cafe (www.sporcafe-0c2608ad69.xyz), Frequently changed domains — turkifsaclub*.sbs (turkifsaclub210.sbs), turkifsaclub-12.sbs (turkifsaclub210.sbs), Frequently changed domains — gobtv*.com (gobtv27.com), Frequently changed domains — trgooltv*.top (trgooltv73.top), Frequently changed domains — vegatv*.shop (vegatv89.shop), Frequently changed domains — betmatiktv*.com (betmatiktv156.com), Frequently changed domains — acartv*.live (acartv107.live), Frequently changed domains — inattvizle*.top (www.inattvizle500.top), Frequently changed domains — otobettv*.com (otobettv86.com), Frequently changed domains — portobettv*.com (www.portobettv55.com), Frequently changed domains — kodtimetv*.com (kodtimetv33.com), amp-6392fa66a0.selcuksportshdamp-aa805a079c.click (amp-6392fa66a0.selcuksportshdamp-aa805a079c.click), dizigom104.com (www.alliance4creativity.com), sultansportv562.com (golvar566.sbs), taraftarium24.xyz (taraftarium24.xyz), www.selcuksportshd8443661f57.xyz (www.selcuksportshd01390f9702.xyz), www.taraftarium91.top (www.taraftarium210.top), patronspor04548a2wer45awes.cfd (raw.githack.com), torrentsee (torrentsee365.com), gptgirlfriend.com (www.gptgirlfriend.online), Frequently changed domains — askimyavas*.com (askimyavas196.live)

2026-10-04 22:45:42.137 === Domains replacement summary ===
2026-10-04 22:45:42.137 Files scanned: 355
2026-10-04 22:45:42.137 Files modified: 0
2026-10-04 22:45:42.137 Total line edits: 0
2026-10-04 22:45:42.137 Total phase time: 1.095s
2026-10-04 22:45:42.137 ⬆️ ⬆️ ⬆️  ---=== Domains rotating summary ===---  ⬆️ ⬆️ ⬆️


2026-10-04 22:45:42.247 ⌛ Total execution time: 68.850s

⬇️ ⬇️ ⬇️  💡 💡 💡  Direct Commit Mode 💡 💡 💡  ⬇️ ⬇️ ⬇️
Target branch: master
Commit message:
Rotating Domains Checker: Updating domains

🔄  Watchers with active mirror changed: 0 (filter mirror cleanup only)
✅ Unchanged watchers:
     ww0.jmanga.cash (jmanga.media), zonatmo.to (zonatmo.to), Test Probe Success - example.de (example.de), Frequently changed domains — sporcafe*.xyz — Spor Cafe (www.sporcafe-0c2608ad69.xyz), Frequently changed domains — turkifsaclub*.sbs (turkifsaclub210.sbs), turkifsaclub-12.sbs (turkifsaclub210.sbs), Frequently changed domains — gobtv*.com (gobtv27.com), Frequently changed domains — trgooltv*.top (trgooltv73.top), Frequently changed domains — vegatv*.shop (vegatv89.shop), Frequently changed domains — betmatiktv*.com (betmatiktv156.com), Frequently changed domains — acartv*.live (acartv107.live), Frequently changed domains — inattvizle*.top (www.inattvizle500.top), Frequently changed domains — otobettv*.com (otobettv86.com), Frequently changed domains — portobettv*.com (www.portobettv55.com), Frequently changed domains — kodtimetv*.com (kodtimetv33.com), amp-6392fa66a0.selcuksportshdamp-aa805a079c.click (amp-6392fa66a0.selcuksportshdamp-aa805a079c.click), dizigom104.com (www.alliance4creativity.com), sultansportv562.com (golvar566.sbs), taraftarium24.xyz (taraftarium24.xyz), www.selcuksportshd8443661f57.xyz (www.selcuksportshd01390f9702.xyz), www.taraftarium91.top (www.taraftarium210.top), patronspor04548a2wer45awes.cfd (raw.githack.com), torrentsee (torrentsee365.com), gptgirlfriend.com (www.gptgirlfriend.online), Frequently changed domains — askimyavas*.com (askimyavas196.live)

🚨 Errors (no replacements made):
     - Dead site test - deadexample24.com [https://deadexample24.com]: DNS resolution failed (0.05s)
     - Test Probe Fail - example.org [https://example.org]: Content probe failed (0.31s)
     - Frequently changed domains — belestepe*.sbs — Belestepe [https://belestepe635.sbs]: Non-success status: 523 (5.90s)
     - Frequently changed domains — dizipal*.com — Dizipal [https://dizipal2127.com]: Antibot detected: 403 or __cf_chl_tk in URL (0.52s)
     - Frequently changed domains — zeusdizi*.com [https://zeusdizi32.com]: Antibot detected: 403 or __cf_chl_tk in URL (26.07s)
     - Frequently changed domains — netsportv*.top [https://www.netsportv264.top/]: Antibot detected: 403 or __cf_chl_tk in URL (1.36s)
     - Frequently changed domains — zeustv*.com [https://zeustv243.com]: DNS resolution failed (0.25s)
     - Frequently changed domains — xsportv*.xyz [https://www.xsportv-21ee22f79d.xyz]: Non-success status: 404 (0.85s)
     - Frequently changed domains — seyirspor*.com [https://seyirspor17.com]: DNS resolution failed (0.13s)
     - Frequently changed domains — lorabettvhd*.shop [https://lorabettvhd80.shop]: DNS resolution failed (0.05s)
     - Frequently changed domains — bosssports*.com [https://bosssports612.com]: Non-success status: 523 (12.03s)
     - Frequently changed domains — Kralsports HD [https://kralsportshd7.com]: DNS resolution failed (0.04s)
     - Frequently changed domains — rotabettv*.com [https://rotabettv516.com]: Non-success status: 523 (11.82s)
     - Frequently changed domains — betivotv*.com [https://betivotv157.com]: Non-success status: 404 (1.19s)
     - Frequently changed domains — Saha TV [https://sahatv2.top]: DNS resolution failed (0.10s)
     - Frequently changed domains — YavasGir [https://yavasgir136.live]: Antibot detected: 403 or __cf_chl_tk in URL (0.71s)
     - piabettv14.live [https://piabettv21.live]: Timeout (10000ms) [code=23]: The operation was aborted due to timeout (21.07s)
     - restmacizle23.cfd [https://patronspor.is/]: Skipped by skip_text: "https://patronspor.is/?s={search_term_string}" (1.50s)
     - hepbetspor [https://patronspor.is/]: Skipped by skip_text: "https://patronspor.is/?s={search_term_string}" (1.24s)
     - woe.sx [https://voe.sx/e/nemg6vqtnrkf]: Non-success status: 404 (1.04s)
🚩  Changed pattern → non-pattern domains:
     Frequently changed domains — sporcafe*.xyz — Spor Cafe: Pattern domain redirected to non-pattern (www.sporcafe-0c2608ad69.xyz → www.sporcafe-0c2608ad69.xyz) - filter not updated, waiting for new pattern domain



⚠️  Warnings:
     - Dead site test - deadexample24.com: Failed for 225 days - consider removing from filters
     - Test Probe Fail - example.org: Failed for 225 days - consider removing from filters
     - Frequently changed domains — dizipal*.com — Dizipal: Failed for 26 days - consider removing from filters
     - Frequently changed domains — zeusdizi*.com: Failed for 159 days - consider removing from filters
     - Frequently changed domains — netsportv*.top: Failed for 150 days - consider removing from filters
     - Frequently changed domains — zeustv*.com: Failed for 184 days - consider removing from filters
     - Frequently changed domains — xsportv*.xyz: Failed for 202 days - consider removing from filters
     - Frequently changed domains — seyirspor*.com: Failed for 171 days - consider removing from filters
     - Frequently changed domains — lorabettvhd*.shop: Failed for 225 days - consider removing from filters
     - Frequently changed domains — bosssports*.com: Failed for 102 days - consider removing from filters
     - Frequently changed domains — betivotv*.com: Failed for 47 days - consider removing from filters
     - Frequently changed domains — Saha TV: Failed for 186 days - consider removing from filters
     - Frequently changed domains — YavasGir: Failed for 74 days - consider removing from filters
     - piabettv14.live: Failed for 54 days - consider removing from filters
     - restmacizle23.cfd: Failed for 200 days - consider removing from filters
     - hepbetspor: Failed for 222 days - consider removing from filters
     - woe.sx: Failed for 133 days - consider removing from filters


📋  View detailed log: https://github.com/Alex-302/AdguardFilters/actions/runs/37241156856#artifacts
⬆️ ⬆️ ⬆️  💡 💡 💡  Direct Commit Mode 💡 💡 💡  ⬆️ ⬆️ ⬆️


================================================================================
Run: 2026-10-05 04:10:34.916
================================================================================

2026-10-05 04:09:26.405 Rotating Domains Checker v1.5.1 - WRITE mode
2026-10-05 04:09:26.407 Test filters dir: NO
2026-10-05 04:09:26.407 Target repo path: ./
2026-10-05 04:09:26.407 Sites to check: 47

2026-10-05 04:10:32.674 
                      Redirected domains 
╔══════════════════════════════════════════════╤════════════════════╤════════════════════╤════════╗
║ Site                                         │ From               │ To                 │ Time   ║
╟──────────────────────────────────────────────┼────────────────────┼────────────────────┼────────╢
║ Frequently changed domains — askimyavas*.com │ askimyavas196.live │ askimyavas197.live │ 45.23s ║
╚══════════════════════════════════════════════╧════════════════════╧════════════════════╧════════╝

2026-10-05 04:10:34.791 ⬇️ ⬇️ ⬇️  ---=== Domains rotating summary ===---  ⬇️ ⬇️ ⬇️
2026-10-05 04:10:34.791   Total sites: 47
2026-10-05 04:10:34.792   ├─ Checked sites: 47
2026-10-05 04:10:34.792   ├─ 🔄 Watchers with active mirror changed: 1
2026-10-05 04:10:34.792   ├─ 📋 Watchers with filter mirror list changed: 0
2026-10-05 04:10:34.792   ├─ 🚩 Pattern→non-pattern: 1
2026-10-05 04:10:34.792   └─ Unchanged watchers: 24
2026-10-05 04:10:34.792  🚨  Failed: 20
2026-10-05 04:10:34.792   ├─ including antibot blocked: 4
2026-10-05 04:10:34.792   └─ Network problems or dead: 16
2026-10-05 04:10:34.792 
2026-10-05 04:10:34.792 Problems:
2026-10-05 04:10:34.792  🚨 Errors (no replacements made):
2026-10-05 04:10:34.792      - Dead site test - deadexample24.com [https://deadexample24.com]: DNS resolution failed (0.06s)
2026-10-05 04:10:34.792      - Test Probe Fail - example.org [https://example.org]: Content probe failed (0.12s)
2026-10-05 04:10:34.792      - Frequently changed domains — belestepe*.sbs — Belestepe [https://belestepe635.sbs]: Timeout (10000ms) [code=23]: The operation was aborted due to timeout (21.07s)
2026-10-05 04:10:34.792      - Frequently changed domains — dizipal*.com — Dizipal [https://dizipal2127.com]: Antibot detected: 403 or __cf_chl_tk in URL (0.23s)
2026-10-05 04:10:34.792      - Frequently changed domains — zeusdizi*.com [https://zeusdizi32.com]: Antibot detected: 403 or __cf_chl_tk in URL (24.29s)
2026-10-05 04:10:34.792      - Frequently changed domains — netsportv*.top [https://www.netsportv264.top/]: Antibot detected: 403 or __cf_chl_tk in URL (0.73s)
2026-10-05 04:10:34.792      - Frequently changed domains — zeustv*.com [https://zeustv243.com]: DNS resolution failed (0.29s)
2026-10-05 04:10:34.792      - Frequently changed domains — xsportv*.xyz [https://www.xsportv-21ee22f79d.xyz]: Non-success status: 404 (0.64s)
2026-10-05 04:10:34.792      - Frequently changed domains — seyirspor*.com [https://seyirspor17.com]: DNS resolution failed (0.07s)
2026-10-05 04:10:34.792      - Frequently changed domains — lorabettvhd*.shop [https://lorabettvhd80.shop]: DNS resolution failed (1.04s)
2026-10-05 04:10:34.792      - Frequently changed domains — bosssports*.com [https://bosssports612.com]: Non-success status: 523 (17.11s)
2026-10-05 04:10:34.792      - Frequently changed domains — Kralsports HD [https://kralsportshd7.com]: DNS resolution failed (0.01s)
2026-10-05 04:10:34.792      - Frequently changed domains — rotabettv*.com [https://rotabettv516.com]: Non-success status: 523 (1.42s)
2026-10-05 04:10:34.792      - Frequently changed domains — betivotv*.com [https://betivotv157.com]: Non-success status: 404 (1.16s)
2026-10-05 04:10:34.792      - Frequently changed domains — Saha TV [https://sahatv2.top]: DNS resolution failed (0.03s)
2026-10-05 04:10:34.792      - Frequently changed domains — YavasGir [https://yavasgir136.live]: Antibot detected: 403 or __cf_chl_tk in URL (0.38s)
2026-10-05 04:10:34.792      - piabettv14.live [https://piabettv21.live]: Timeout (10000ms) [code=23]: The operation was aborted due to timeout (21.02s)
2026-10-05 04:10:34.792      - restmacizle23.cfd [https://patronspor.is/]: Skipped by skip_text: "https://patronspor.is/?s={search_term_string}" (2.26s)
2026-10-05 04:10:34.792      - hepbetspor [https://patronspor.is/]: Skipped by skip_text: "https://patronspor.is/?s={search_term_string}" (0.72s)
2026-10-05 04:10:34.792      - woe.sx [https://voe.sx/e/nemg6vqtnrkf]: Non-success status: 404 (1.21s)
2026-10-05 04:10:34.792  🚩  Changed pattern → non-pattern domains:
2026-10-05 04:10:34.792      Frequently changed domains — sporcafe*.xyz — Spor Cafe: Pattern domain redirected to non-pattern (www.sporcafe-0c2608ad69.xyz → www.sporcafe-0c2608ad69.xyz) - filter not updated, waiting for new pattern domain
2026-10-05 04:10:34.792  ⚠️  Warnings:
2026-10-05 04:10:34.792      - Dead site test - deadexample24.com: Failed for 225 days - consider removing from filters
2026-10-05 04:10:34.792      - Test Probe Fail - example.org: Failed for 225 days - consider removing from filters
2026-10-05 04:10:34.792      - Frequently changed domains — dizipal*.com — Dizipal: Failed for 27 days - consider removing from filters
2026-10-05 04:10:34.792      - Frequently changed domains — zeusdizi*.com: Failed for 159 days - consider removing from filters
2026-10-05 04:10:34.792      - Frequently changed domains — netsportv*.top: Failed for 150 days - consider removing from filters
2026-10-05 04:10:34.792      - Frequently changed domains — zeustv*.com: Failed for 184 days - consider removing from filters
2026-10-05 04:10:34.792      - Frequently changed domains — xsportv*.xyz: Failed for 202 days - consider removing from filters
2026-10-05 04:10:34.792      - Frequently changed domains — seyirspor*.com: Failed for 171 days - consider removing from filters
2026-10-05 04:10:34.792      - Frequently changed domains — lorabettvhd*.shop: Failed for 225 days - consider removing from filters
2026-10-05 04:10:34.792      - Frequently changed domains — bosssports*.com: Failed for 102 days - consider removing from filters
2026-10-05 04:10:34.792      - Frequently changed domains — betivotv*.com: Failed for 47 days - consider removing from filters
2026-10-05 04:10:34.792      - Frequently changed domains — Saha TV: Failed for 186 days - consider removing from filters
2026-10-05 04:10:34.792      - Frequently changed domains — YavasGir: Failed for 75 days - consider removing from filters
2026-10-05 04:10:34.792      - piabettv14.live: Failed for 54 days - consider removing from filters
2026-10-05 04:10:34.792      - restmacizle23.cfd: Failed for 201 days - consider removing from filters
2026-10-05 04:10:34.792      - hepbetspor: Failed for 223 days - consider removing from filters
2026-10-05 04:10:34.792      - woe.sx: Failed for 133 days - consider removing from filters
2026-10-05 04:10:34.792 
2026-10-05 04:10:34.792 Total phase time: 66.258s
2026-10-05 04:10:34.792 
2026-10-05 04:10:34.792 Unchanged watchers:
                        ww0.jmanga.cash (jmanga.media), zonatmo.to (zonatmo.to), Test Probe Success - example.de (example.de), Frequently changed domains — sporcafe*.xyz — Spor Cafe (www.sporcafe-0c2608ad69.xyz), Frequently changed domains — turkifsaclub*.sbs (turkifsaclub210.sbs), turkifsaclub-12.sbs (turkifsaclub210.sbs), Frequently changed domains — gobtv*.com (gobtv27.com), Frequently changed domains — trgooltv*.top (trgooltv73.top), Frequently changed domains — vegatv*.shop (vegatv89.shop), Frequently changed domains — betmatiktv*.com (betmatiktv156.com), Frequently changed domains — acartv*.live (acartv107.live), Frequently changed domains — inattvizle*.top (www.inattvizle500.top), Frequently changed domains — otobettv*.com (otobettv86.com), Frequently changed domains — portobettv*.com (www.portobettv55.com), Frequently changed domains — kodtimetv*.com (kodtimetv33.com), amp-6392fa66a0.selcuksportshdamp-aa805a079c.click (amp-6392fa66a0.selcuksportshdamp-aa805a079c.click), dizigom104.com (www.alliance4creativity.com), sultansportv562.com (golvar566.sbs), taraftarium24.xyz (taraftarium24.xyz), www.selcuksportshd8443661f57.xyz (www.selcuksportshd01390f9702.xyz), www.taraftarium91.top (www.taraftarium210.top), patronspor04548a2wer45awes.cfd (raw.githack.com), torrentsee (torrentsee365.com), gptgirlfriend.com (www.gptgirlfriend.online)

2026-10-05 04:10:34.792 === Domains replacement summary ===
2026-10-05 04:10:34.792 Files scanned: 355
2026-10-05 04:10:34.792 Files modified: 1
2026-10-05 04:10:34.792 Total line edits: 3
2026-10-05 04:10:34.793 Total phase time: 2.122s
2026-10-05 04:10:34.793 ⬆️ ⬆️ ⬆️  ---=== Domains rotating summary ===---  ⬆️ ⬆️ ⬆️


2026-10-05 04:10:34.912 ⌛ Total execution time: 68.555s

⬇️ ⬇️ ⬇️  💡 💡 💡  Direct Commit Mode 💡 💡 💡  ⬇️ ⬇️ ⬇️
Target branch: master
Commit message:
Rotating Domains Checker: Updating domains

🔄  Watchers with active mirror changed:

Frequently changed domains — askimyavas*.com   askimyavas196.live   → askimyavas197.live  

✅ Unchanged watchers:
     ww0.jmanga.cash (jmanga.media), zonatmo.to (zonatmo.to), Test Probe Success - example.de (example.de), Frequently changed domains — sporcafe*.xyz — Spor Cafe (www.sporcafe-0c2608ad69.xyz), Frequently changed domains — turkifsaclub*.sbs (turkifsaclub210.sbs), turkifsaclub-12.sbs (turkifsaclub210.sbs), Frequently changed domains — gobtv*.com (gobtv27.com), Frequently changed domains — trgooltv*.top (trgooltv73.top), Frequently changed domains — vegatv*.shop (vegatv89.shop), Frequently changed domains — betmatiktv*.com (betmatiktv156.com), Frequently changed domains — acartv*.live (acartv107.live), Frequently changed domains — inattvizle*.top (www.inattvizle500.top), Frequently changed domains — otobettv*.com (otobettv86.com), Frequently changed domains — portobettv*.com (www.portobettv55.com), Frequently changed domains — kodtimetv*.com (kodtimetv33.com), amp-6392fa66a0.selcuksportshdamp-aa805a079c.click (amp-6392fa66a0.selcuksportshdamp-aa805a079c.click), dizigom104.com (www.alliance4creativity.com), sultansportv562.com (golvar566.sbs), taraftarium24.xyz (taraftarium24.xyz), www.selcuksportshd8443661f57.xyz (www.selcuksportshd01390f9702.xyz), www.taraftarium91.top (www.taraftarium210.top), patronspor04548a2wer45awes.cfd (raw.githack.com), torrentsee (torrentsee365.com), gptgirlfriend.com (www.gptgirlfriend.online)

🚨 Errors (no replacements made):
     - Dead site test - deadexample24.com [https://deadexample24.com]: DNS resolution failed (0.06s)
     - Test Probe Fail - example.org [https://example.org]: Content probe failed (0.12s)
     - Frequently changed domains — belestepe*.sbs — Belestepe [https://belestepe635.sbs]: Timeout (10000ms) [code=23]: The operation was aborted due to timeout (21.07s)
     - Frequently changed domains — dizipal*.com — Dizipal [https://dizipal2127.com]: Antibot detected: 403 or __cf_chl_tk in URL (0.23s)
     - Frequently changed domains — zeusdizi*.com [https://zeusdizi32.com]: Antibot detected: 403 or __cf_chl_tk in URL (24.29s)
     - Frequently changed domains — netsportv*.top [https://www.netsportv264.top/]: Antibot detected: 403 or __cf_chl_tk in URL (0.73s)
     - Frequently changed domains — zeustv*.com [https://zeustv243.com]: DNS resolution failed (0.29s)
     - Frequently changed domains — xsportv*.xyz [https://www.xsportv-21ee22f79d.xyz]: Non-success status: 404 (0.64s)
     - Frequently changed domains — seyirspor*.com [https://seyirspor17.com]: DNS resolution failed (0.07s)
     - Frequently changed domains — lorabettvhd*.shop [https://lorabettvhd80.shop]: DNS resolution failed (1.04s)
     - Frequently changed domains — bosssports*.com [https://bosssports612.com]: Non-success status: 523 (17.11s)
     - Frequently changed domains — Kralsports HD [https://kralsportshd7.com]: DNS resolution failed (0.01s)
     - Frequently changed domains — rotabettv*.com [https://rotabettv516.com]: Non-success status: 523 (1.42s)
     - Frequently changed domains — betivotv*.com [https://betivotv157.com]: Non-success status: 404 (1.16s)
     - Frequently changed domains — Saha TV [https://sahatv2.top]: DNS resolution failed (0.03s)
     - Frequently changed domains — YavasGir [https://yavasgir136.live]: Antibot detected: 403 or __cf_chl_tk in URL (0.38s)
     - piabettv14.live [https://piabettv21.live]: Timeout (10000ms) [code=23]: The operation was aborted due to timeout (21.02s)
     - restmacizle23.cfd [https://patronspor.is/]: Skipped by skip_text: "https://patronspor.is/?s={search_term_string}" (2.26s)
     - hepbetspor [https://patronspor.is/]: Skipped by skip_text: "https://patronspor.is/?s={search_term_string}" (0.72s)
     - woe.sx [https://voe.sx/e/nemg6vqtnrkf]: Non-success status: 404 (1.21s)
🚩  Changed pattern → non-pattern domains:
     Frequently changed domains — sporcafe*.xyz — Spor Cafe: Pattern domain redirected to non-pattern (www.sporcafe-0c2608ad69.xyz → www.sporcafe-0c2608ad69.xyz) - filter not updated, waiting for new pattern domain



⚠️  Warnings:
     - Dead site test - deadexample24.com: Failed for 225 days - consider removing from filters
     - Test Probe Fail - example.org: Failed for 225 days - consider removing from filters
     - Frequently changed domains — dizipal*.com — Dizipal: Failed for 27 days - consider removing from filters
     - Frequently changed domains — zeusdizi*.com: Failed for 159 days - consider removing from filters
     - Frequently changed domains — netsportv*.top: Failed for 150 days - consider removing from filters
     - Frequently changed domains — zeustv*.com: Failed for 184 days - consider removing from filters
     - Frequently changed domains — xsportv*.xyz: Failed for 202 days - consider removing from filters
     - Frequently changed domains — seyirspor*.com: Failed for 171 days - consider removing from filters
     - Frequently changed domains — lorabettvhd*.shop: Failed for 225 days - consider removing from filters
     - Frequently changed domains — bosssports*.com: Failed for 102 days - consider removing from filters
     - Frequently changed domains — betivotv*.com: Failed for 47 days - consider removing from filters
     - Frequently changed domains — Saha TV: Failed for 186 days - consider removing from filters
     - Frequently changed domains — YavasGir: Failed for 75 days - consider removing from filters
     - piabettv14.live: Failed for 54 days - consider removing from filters
     - restmacizle23.cfd: Failed for 201 days - consider removing from filters
     - hepbetspor: Failed for 223 days - consider removing from filters
     - woe.sx: Failed for 133 days - consider removing from filters


📋  View detailed log: https://github.com/Alex-302/AdguardFilters/actions/runs/37262269828#artifacts
⬆️ ⬆️ ⬆️  💡 💡 💡  Direct Commit Mode 💡 💡 💡  ⬆️ ⬆️ ⬆️


================================================================================
Run: 2026-10-06 01:02:54.286
================================================================================

2026-10-06 01:01:44.838 Rotating Domains Checker v1.4.2 - WRITE mode
2026-10-06 01:01:44.839 Test filters dir: NO
2026-10-06 01:01:44.839 Target repo path: ./
2026-10-06 01:01:44.839 Sites to check: 47

2026-10-06 01:02:53.011 
                      Redirected domains 
╔════════════════════════════════════════════╤════════════════╤════════════════╤════════╗
║ Site                                       │ From           │ To             │ Time   ║
╟────────────────────────────────────────────┼────────────────┼────────────────┼────────╢
║ Frequently changed domains — otobettv*.com │ otobettv86.com │ otobettv87.com │ 27.33s ║
╚════════════════════════════════════════════╧════════════════╧════════════════╧════════╝

2026-10-06 01:02:54.175 ⬇️ ⬇️ ⬇️  ---=== Domains rotating summary ===---  ⬇️ ⬇️ ⬇️
2026-10-06 01:02:54.175   Total sites: 47
2026-10-06 01:02:54.175   ├─ Checked sites: 47
2026-10-06 01:02:54.175   ├─ 🔄 Watchers with active mirror changed: 1
2026-10-06 01:02:54.175   ├─ 📋 Watchers with filter mirror list changed: 0
2026-10-06 01:02:54.175   ├─ 🚩 Pattern→non-pattern: 1
2026-10-06 01:02:54.175   └─ Unchanged watchers: 24
2026-10-06 01:02:54.175  🚨  Failed: 20
2026-10-06 01:02:54.175   ├─ including antibot blocked: 4
2026-10-06 01:02:54.175   └─ Network problems or dead: 16
2026-10-06 01:02:54.175 
2026-10-06 01:02:54.175 Problems:
2026-10-06 01:02:54.175  🚨 Errors (no replacements made):
2026-10-06 01:02:54.175      - Dead site test - deadexample24.com [https://deadexample24.com]: DNS resolution failed (0.04s)
2026-10-06 01:02:54.175      - Test Probe Fail - example.org [https://example.org]: Content probe failed (0.23s)
2026-10-06 01:02:54.175      - Frequently changed domains — belestepe*.sbs — Belestepe [https://belestepe635.sbs]: Non-success status: 523 (3.33s)
2026-10-06 01:02:54.175      - Frequently changed domains — dizipal*.com — Dizipal [https://dizipal2127.com]: Antibot detected: 403 or __cf_chl_tk in URL (0.43s)
2026-10-06 01:02:54.175      - Frequently changed domains — zeusdizi*.com [https://zeusdizi32.com]: Antibot detected: 403 or __cf_chl_tk in URL (25.76s)
2026-10-06 01:02:54.175      - Frequently changed domains — netsportv*.top [https://www.netsportv264.top/]: Antibot detected: 403 or __cf_chl_tk in URL (1.26s)
2026-10-06 01:02:54.175      - Frequently changed domains — zeustv*.com [https://zeustv243.com]: DNS resolution failed (0.25s)
2026-10-06 01:02:54.175      - Frequently changed domains — xsportv*.xyz [https://www.xsportv-21ee22f79d.xyz]: Non-success status: 404 (0.79s)
2026-10-06 01:02:54.175      - Frequently changed domains — seyirspor*.com [https://seyirspor17.com]: DNS resolution failed (0.18s)
2026-10-06 01:02:54.175      - Frequently changed domains — lorabettvhd*.shop [https://lorabettvhd80.shop]: DNS resolution failed (0.04s)
2026-10-06 01:02:54.175      - Frequently changed domains — bosssports*.com [https://bosssports612.com]: Timeout (10000ms) [code=23]: The operation was aborted due to timeout (21.07s)
2026-10-06 01:02:54.175      - Frequently changed domains — Kralsports HD [https://kralsportshd7.com]: DNS resolution failed (0.06s)
2026-10-06 01:02:54.175      - Frequently changed domains — rotabettv*.com [https://rotabettv516.com]: Non-success status: 523 (3.08s)
2026-10-06 01:02:54.175      - Frequently changed domains — betivotv*.com [https://betivotv157.com]: Non-success status: 404 (1.35s)
2026-10-06 01:02:54.175      - Frequently changed domains — Saha TV [https://sahatv2.top]: DNS resolution failed (0.07s)
2026-10-06 01:02:54.175      - Frequently changed domains — YavasGir [https://yavasgir136.live]: Antibot detected: 403 or __cf_chl_tk in URL (0.79s)
2026-10-06 01:02:54.175      - piabettv14.live [https://piabettv21.live]: Timeout (10000ms) [code=23]: The operation was aborted due to timeout (21.09s)
2026-10-06 01:02:54.175      - restmacizle23.cfd [https://patronspor.is/]: Skipped by skip_text: "https://patronspor.is/?s={search_term_string}" (1.61s)
2026-10-06 01:02:54.175      - hepbetspor [https://patronspor.is/]: Skipped by skip_text: "https://patronspor.is/?s={search_term_string}" (1.13s)
2026-10-06 01:02:54.175      - woe.sx [https://voe.sx/e/nemg6vqtnrkf]: Non-success status: 404 (1.11s)
2026-10-06 01:02:54.175  🚩  Changed pattern → non-pattern domains:
2026-10-06 01:02:54.175      Frequently changed domains — sporcafe*.xyz — Spor Cafe: Pattern domain redirected to non-pattern (www.sporcafe-0c2608ad69.xyz → www.sporcafe-0c2608ad69.xyz) - filter not updated, waiting for new pattern domain
2026-10-06 01:02:54.175  ⚠️  Warnings:
2026-10-06 01:02:54.175      - Dead site test - deadexample24.com: Failed for 226 days - consider removing from filters
2026-10-06 01:02:54.175      - Test Probe Fail - example.org: Failed for 226 days - consider removing from filters
2026-10-06 01:02:54.175      - Frequently changed domains — dizipal*.com — Dizipal: Failed for 27 days - consider removing from filters
2026-10-06 01:02:54.175      - Frequently changed domains — zeusdizi*.com: Failed for 160 days - consider removing from filters
2026-10-06 01:02:54.175      - Frequently changed domains — netsportv*.top: Failed for 151 days - consider removing from filters
2026-10-06 01:02:54.175      - Frequently changed domains — zeustv*.com: Failed for 185 days - consider removing from filters
2026-10-06 01:02:54.175      - Frequently changed domains — xsportv*.xyz: Failed for 203 days - consider removing from filters
2026-10-06 01:02:54.175      - Frequently changed domains — seyirspor*.com: Failed for 172 days - consider removing from filters
2026-10-06 01:02:54.175      - Frequently changed domains — lorabettvhd*.shop: Failed for 226 days - consider removing from filters
2026-10-06 01:02:54.175      - Frequently changed domains — bosssports*.com: Failed for 103 days - consider removing from filters
2026-10-06 01:02:54.175      - Frequently changed domains — betivotv*.com: Failed for 48 days - consider removing from filters
2026-10-06 01:02:54.175      - Frequently changed domains — Saha TV: Failed for 187 days - consider removing from filters
2026-10-06 01:02:54.175      - Frequently changed domains — YavasGir: Failed for 75 days - consider removing from filters
2026-10-06 01:02:54.175      - piabettv14.live: Failed for 55 days - consider removing from filters
2026-10-06 01:02:54.175      - restmacizle23.cfd: Failed for 201 days - consider removing from filters
2026-10-06 01:02:54.175      - hepbetspor: Failed for 223 days - consider removing from filters
2026-10-06 01:02:54.175      - woe.sx: Failed for 134 days - consider removing from filters
2026-10-06 01:02:54.175 
2026-10-06 01:02:54.175 Total phase time: 68.167s
2026-10-06 01:02:54.175 
2026-10-06 01:02:54.175 Unchanged watchers:
                        ww0.jmanga.cash (jmanga.media), zonatmo.to (zonatmo.to), Test Probe Success - example.de (example.de), Frequently changed domains — sporcafe*.xyz — Spor Cafe (www.sporcafe-0c2608ad69.xyz), Frequently changed domains — turkifsaclub*.sbs (turkifsaclub210.sbs), turkifsaclub-12.sbs (turkifsaclub210.sbs), Frequently changed domains — gobtv*.com (gobtv27.com), Frequently changed domains — trgooltv*.top (trgooltv73.top), Frequently changed domains — vegatv*.shop (vegatv89.shop), Frequently changed domains — betmatiktv*.com (betmatiktv156.com), Frequently changed domains — acartv*.live (acartv107.live), Frequently changed domains — inattvizle*.top (www.inattvizle500.top), Frequently changed domains — portobettv*.com (www.portobettv55.com), Frequently changed domains — kodtimetv*.com (kodtimetv33.com), amp-6392fa66a0.selcuksportshdamp-aa805a079c.click (amp-6392fa66a0.selcuksportshdamp-aa805a079c.click), dizigom104.com (www.alliance4creativity.com), sultansportv562.com (golvar566.sbs), taraftarium24.xyz (taraftarium24.xyz), www.selcuksportshd8443661f57.xyz (www.selcuksportshd01390f9702.xyz), www.taraftarium91.top (www.taraftarium210.top), patronspor04548a2wer45awes.cfd (raw.githack.com), torrentsee (torrentsee365.com), gptgirlfriend.com (www.gptgirlfriend.online), Frequently changed domains — askimyavas*.com (askimyavas197.live)

2026-10-06 01:02:54.175 === Domains replacement summary ===
2026-10-06 01:02:54.175 Files scanned: 355
2026-10-06 01:02:54.175 Files modified: 1
2026-10-06 01:02:54.175 Total line edits: 1
2026-10-06 01:02:54.175 Total phase time: 1.166s
2026-10-06 01:02:54.175 ⬆️ ⬆️ ⬆️  ---=== Domains rotating summary ===---  ⬆️ ⬆️ ⬆️


2026-10-06 01:02:54.285 ⌛ Total execution time: 69.494s

⬇️ ⬇️ ⬇️  💡 💡 💡  Direct Commit Mode 💡 💡 💡  ⬇️ ⬇️ ⬇️
Target branch: master
Commit message:
Rotating Domains Checker: Updating domains

🔄  Watchers with active mirror changed:

Frequently changed domains — otobettv*.com   otobettv86.com       → otobettv87.com      

✅ Unchanged watchers:
     ww0.jmanga.cash (jmanga.media), zonatmo.to (zonatmo.to), Test Probe Success - example.de (example.de), Frequently changed domains — sporcafe*.xyz — Spor Cafe (www.sporcafe-0c2608ad69.xyz), Frequently changed domains — turkifsaclub*.sbs (turkifsaclub210.sbs), turkifsaclub-12.sbs (turkifsaclub210.sbs), Frequently changed domains — gobtv*.com (gobtv27.com), Frequently changed domains — trgooltv*.top (trgooltv73.top), Frequently changed domains — vegatv*.shop (vegatv89.shop), Frequently changed domains — betmatiktv*.com (betmatiktv156.com), Frequently changed domains — acartv*.live (acartv107.live), Frequently changed domains — inattvizle*.top (www.inattvizle500.top), Frequently changed domains — portobettv*.com (www.portobettv55.com), Frequently changed domains — kodtimetv*.com (kodtimetv33.com), amp-6392fa66a0.selcuksportshdamp-aa805a079c.click (amp-6392fa66a0.selcuksportshdamp-aa805a079c.click), dizigom104.com (www.alliance4creativity.com), sultansportv562.com (golvar566.sbs), taraftarium24.xyz (taraftarium24.xyz), www.selcuksportshd8443661f57.xyz (www.selcuksportshd01390f9702.xyz), www.taraftarium91.top (www.taraftarium210.top), patronspor04548a2wer45awes.cfd (raw.githack.com), torrentsee (torrentsee365.com), gptgirlfriend.com (www.gptgirlfriend.online), Frequently changed domains — askimyavas*.com (askimyavas197.live)

🚨 Errors (no replacements made):
     - Dead site test - deadexample24.com [https://deadexample24.com]: DNS resolution failed (0.04s)
     - Test Probe Fail - example.org [https://example.org]: Content probe failed (0.23s)
     - Frequently changed domains — belestepe*.sbs — Belestepe [https://belestepe635.sbs]: Non-success status: 523 (3.33s)
     - Frequently changed domains — dizipal*.com — Dizipal [https://dizipal2127.com]: Antibot detected: 403 or __cf_chl_tk in URL (0.43s)
     - Frequently changed domains — zeusdizi*.com [https://zeusdizi32.com]: Antibot detected: 403 or __cf_chl_tk in URL (25.76s)
     - Frequently changed domains — netsportv*.top [https://www.netsportv264.top/]: Antibot detected: 403 or __cf_chl_tk in URL (1.26s)
     - Frequently changed domains — zeustv*.com [https://zeustv243.com]: DNS resolution failed (0.25s)
     - Frequently changed domains — xsportv*.xyz [https://www.xsportv-21ee22f79d.xyz]: Non-success status: 404 (0.79s)
     - Frequently changed domains — seyirspor*.com [https://seyirspor17.com]: DNS resolution failed (0.18s)
     - Frequently changed domains — lorabettvhd*.shop [https://lorabettvhd80.shop]: DNS resolution failed (0.04s)
     - Frequently changed domains — bosssports*.com [https://bosssports612.com]: Timeout (10000ms) [code=23]: The operation was aborted due to timeout (21.07s)
     - Frequently changed domains — Kralsports HD [https://kralsportshd7.com]: DNS resolution failed (0.06s)
     - Frequently changed domains — rotabettv*.com [https://rotabettv516.com]: Non-success status: 523 (3.08s)
     - Frequently changed domains — betivotv*.com [https://betivotv157.com]: Non-success status: 404 (1.35s)
     - Frequently changed domains — Saha TV [https://sahatv2.top]: DNS resolution failed (0.07s)
     - Frequently changed domains — YavasGir [https://yavasgir136.live]: Antibot detected: 403 or __cf_chl_tk in URL (0.79s)
     - piabettv14.live [https://piabettv21.live]: Timeout (10000ms) [code=23]: The operation was aborted due to timeout (21.09s)
     - restmacizle23.cfd [https://patronspor.is/]: Skipped by skip_text: "https://patronspor.is/?s={search_term_string}" (1.61s)
     - hepbetspor [https://patronspor.is/]: Skipped by skip_text: "https://patronspor.is/?s={search_term_string}" (1.13s)
     - woe.sx [https://voe.sx/e/nemg6vqtnrkf]: Non-success status: 404 (1.11s)
🚩  Changed pattern → non-pattern domains:
     Frequently changed domains — sporcafe*.xyz — Spor Cafe: Pattern domain redirected to non-pattern (www.sporcafe-0c2608ad69.xyz → www.sporcafe-0c2608ad69.xyz) - filter not updated, waiting for new pattern domain



⚠️  Warnings:
     - Dead site test - deadexample24.com: Failed for 226 days - consider removing from filters
     - Test Probe Fail - example.org: Failed for 226 days - consider removing from filters
     - Frequently changed domains — dizipal*.com — Dizipal: Failed for 27 days - consider removing from filters
     - Frequently changed domains — zeusdizi*.com: Failed for 160 days - consider removing from filters
     - Frequently changed domains — netsportv*.top: Failed for 151 days - consider removing from filters
     - Frequently changed domains — zeustv*.com: Failed for 185 days - consider removing from filters
     - Frequently changed domains — xsportv*.xyz: Failed for 203 days - consider removing from filters
     - Frequently changed domains — seyirspor*.com: Failed for 172 days - consider removing from filters
     - Frequently changed domains — lorabettvhd*.shop: Failed for 226 days - consider removing from filters
     - Frequently changed domains — bosssports*.com: Failed for 103 days - consider removing from filters
     - Frequently changed domains — betivotv*.com: Failed for 48 days - consider removing from filters
     - Frequently changed domains — Saha TV: Failed for 187 days - consider removing from filters
     - Frequently changed domains — YavasGir: Failed for 75 days - consider removing from filters
     - piabettv14.live: Failed for 55 days - consider removing from filters
     - restmacizle23.cfd: Failed for 201 days - consider removing from filters
     - hepbetspor: Failed for 223 days - consider removing from filters
     - woe.sx: Failed for 134 days - consider removing from filters


📋  View detailed log: https://github.com/Alex-302/AdguardFilters/actions/runs/37397060129#artifacts
⬆️ ⬆️ ⬆️  💡 💡 💡  Direct Commit Mode 💡 💡 💡  ⬆️ ⬆️ ⬆️

